﻿tax_assignment,One ,Two ,Three,Four,Five
root,4,0,0,0,0
Xanthophyceae,4,0,0,0,0
root,0,4,0,0,0
Paracyclops_fimbriatus,0,4,0,0,0
Chordata,0,0,4,0,0
root,0,0,0,0,4
root,0,0,0,0,4
Euglenaceae,0,4,0,0,0
root,4,0,0,0,0
root,4,0,0,0,0
Desulfovibrio,0,4,0,0,0
root,4,0,0,0,0
Chydorus_brevilabris,4,0,0,0,0
Metazoa,4,0,0,0,0
root,0,4,0,0,0
root,0,0,4,0,0
root,0,0,0,0,4
root,4,0,0,0,0
Mallomonas_sp,0,0,0,0,4
Cygnus,0,0,0,4,0
Firmicutes,0,4,0,0,0
root,0,4,0,0,0
root,0,0,4,0,0
Chordata,4,0,0,0,0
root,4,0,0,0,0
Rhodobacterales,0,0,0,4,0
Cryptomonadaceae,0,0,0,4,0
root,0,0,0,0,4
root,4,0,0,0,0
root,0,0,0,0,4
Cryptomonadaceae,0,0,0,4,0
root,0,0,0,0,4
Cryptomonadaceae,4,0,0,0,0
Bacteroidetes,4,0,0,0,0
root,0,0,0,0,4
root,0,0,0,4,0
root,0,4,0,0,0
root,0,0,4,0,0
root,0,0,0,0,4
root,0,0,4,0,0
root,0,0,0,4,0
Metazoa,0,0,0,4,0
root,4,0,0,0,0
root,0,4,0,0,0
unclassified_Lagenidium,0,0,4,0,0
root,0,0,4,0,0
Metazoa,4,0,0,0,0
root,4,0,0,0,0
root,4,0,0,0,0
Ameiurus_nebulosus,4,0,0,0,0
Acridotheres_tristis,0,0,0,0,4
Arcicella,0,4,0,0,0
Euplotes,0,0,0,0,4
Uliginosibacterium,0,0,0,0,4
Chydorus,0,0,4,0,0
Roseomonas,0,4,0,0,0
Siluaniidae,0,4,0,0,0
Stenostomidae,4,0,0,0,0
Syntrophomonadaceae,0,0,0,4,0
Chaetonotidae,4,0,0,0,0
root,0,4,0,0,0
root,4,0,0,0,0
root,0,4,0,0,0
root,4,0,0,0,0
root,0,4,0,0,0
root,0,0,4,0,0
Chrysophyceae,4,0,0,0,0
root,0,0,0,0,4
root,0,4,0,0,0
root,0,4,0,0,0
root,0,0,0,4,0
root,4,0,0,0,0
root,0,4,0,0,0
root,0,0,4,0,0
root,0,0,0,0,4
root,4,0,0,0,0
root,0,4,0,0,0
root,0,4,0,0,0
root,0,0,0,4,0
root,0,0,4,0,0
root,0,0,0,0,4
Metazoa,4,0,0,0,0
root,0,4,0,0,0
root,0,0,0,0,4
root,0,0,0,4,0
Chordata,0,0,4,0,0
Euthyneura,0,0,4,0,0
root,0,0,0,4,0
root,0,0,0,0,4
Metazoa,0,0,4,0,0
Metazoa,0,0,4,0,0
Metazoa,0,0,4,0,0
Metazoa,0,0,4,0,0
Chordata,0,0,4,0,0
Chordata,0,0,4,0,0
root,0,0,4,0,0
Chordata,0,0,0,0,4
Chordata,0,0,0,4,0
root,0,0,4,0,0
root,0,0,4,0,0
root,0,0,0,0,4
root,0,0,0,4,0
root,0,0,0,4,0
root,0,0,0,4,0
root,0,0,0,4,0
root,0,0,0,4,0
root,0,0,4,0,0
Actinopteri,0,0,0,4,0
root,0,0,0,0,4
root,0,0,0,4,0
Gammaproteobacteria,0,0,0,0,4
root,0,0,0,0,4
root,0,0,0,4,0
root,0,0,0,4,0
root,0,0,4,0,0
root,0,0,0,0,4
root,0,0,4,0,0
Metazoa,0,0,4,0,0
Insecta,0,0,0,4,0
root,0,0,4,0,0
root,0,0,0,0,4
root,0,0,0,0,4
root,0,0,0,4,0
root,0,0,0,4,0
Hemiptera,0,0,0,4,0
root,0,0,4,0,0
root,0,0,4,0,0
root,0,0,4,0,0
root,0,0,4,0,0
root,0,0,4,0,0
root,0,4,0,0,0
root,0,0,4,0,0
root,0,0,4,0,0
root,0,0,4,0,0
root,0,0,4,0,0
root,0,0,4,0,0
root,0,0,0,0,4
root,0,0,0,0,4
root,0,0,0,0,4
root,0,0,0,0,4
root,0,0,0,0,4
root,0,0,0,0,4
root,0,0,0,0,4
root,0,0,0,0,4
root,0,0,0,0,4
root,0,0,0,0,4
root,0,0,0,0,4
root,0,0,0,0,4
root,0,0,0,4,0
root,0,0,0,4,0
root,0,4,0,0,0
root,0,4,0,0,0
Metazoa,4,0,0,0,0
root,4,0,0,0,0
root,4,0,0,0,0
root,4,0,0,0,0
Bacteroidetes,0,4,0,0,0
Proteobacteria,4,0,0,0,0
root,4,0,0,0,0
root,4,0,0,0,0
root,4,0,0,0,0
root,0,4,0,0,0
root,4,0,0,0,0
Metazoa,4,0,0,0,0
root,4,0,0,0,0
root,4,0,0,0,0
root,4,0,0,0,0
root,0,4,0,0,0
root,0,4,0,0,0
root,0,4,0,0,0
root,0,4,0,0,0
root,0,4,0,0,0
root,0,4,0,0,0
root,0,4,0,0,0
root,0,4,0,0,0
root,0,4,0,0,0
root,0,4,0,0,0
root,0,4,0,0,0
root,0,4,0,0,0
root,0,4,0,0,0
root,0,4,0,0,0
root,0,4,0,0,0
root,0,4,0,0,0
root,0,4,0,0,0
root,0,4,0,0,0
root,0,4,0,0,0
root,0,4,0,0,0
root,0,4,0,0,0
root,0,4,0,0,0
root,0,4,0,0,0
root,0,4,0,0,0
root,4,0,0,0,0
root,4,0,0,0,0
root,4,0,0,0,0
root,4,0,0,0,0
root,4,0,0,0,0
root,4,0,0,0,0
root,4,0,0,0,0
root,0,5,0,0,0
root,0,0,0,0,5
Viridiplantae,0,5,0,0,0
Alphamonas,0,5,0,0,0
root,0,0,0,5,0
root,0,0,5,0,0
Euthyneura,0,5,0,0,0
Metazoa,5,0,0,0,0
Metazoa,0,0,0,0,5
root,0,0,5,0,0
Bacteroidetes,5,0,0,0,0
root,0,0,0,0,5
root,5,0,0,0,0
root,0,0,0,0,5
Euglenales,0,0,5,0,0
root,5,0,0,0,0
root,0,0,5,0,0
root,0,0,0,0,5
Treponemataceae,5,0,0,0,0
Alphaproteobacteria,0,0,0,5,0
root,0,0,0,5,0
root,0,0,0,0,5
Nais,0,0,0,5,0
root,5,0,0,0,0
root,0,0,5,0,0
Metazoa,0,0,0,0,5
root,0,0,0,0,5
root,0,5,0,0,0
Tintinnida,0,0,0,0,5
root,0,5,0,0,0
Metazoa,0,0,5,0,0
Euglenales,0,5,0,0,0
Tolumonas,0,0,5,0,0
Clostridium,0,0,0,5,0
Bodo,5,0,0,0,0
Pooideae,5,0,0,0,0
Pythiaceae,0,0,0,5,0
root,0,0,0,5,0
root,0,0,0,0,5
root,5,0,0,0,0
root,0,0,0,5,0
root,0,0,0,5,0
root,0,5,0,0,0
root,0,0,0,5,0
root,0,5,0,0,0
root,0,5,0,0,0
root,0,0,0,5,0
root,0,0,5,0,0
Chordata,0,0,0,0,5
root,5,0,0,0,0
root,0,0,0,5,0
root,0,0,5,0,0
root,0,0,5,0,0
root,5,0,0,0,0
root,0,0,5,0,0
Metazoa,0,0,5,0,0
Metazoa,0,0,5,0,0
Chordata,0,0,0,0,5
Chordata,0,0,0,0,5
root,0,0,0,0,5
root,0,0,5,0,0
Euglenida,0,0,5,0,0
Fungi,0,0,5,0,0
root,0,0,5,0,0
Gastropoda,0,0,0,5,0
root,0,0,5,0,0
root,0,0,5,0,0
root,0,0,5,0,0
Fungi,0,0,0,0,5
Pterocystida,0,0,0,0,5
root,0,0,0,0,5
root,0,0,0,5,0
Metazoa,0,0,5,0,0
root,0,0,0,0,5
root,0,0,0,5,0
Metazoa,0,0,0,5,0
root,0,0,5,0,0
root,0,0,5,0,0
root,0,0,5,0,0
root,0,0,5,0,0
root,0,0,5,0,0
root,0,0,5,0,0
root,0,0,5,0,0
root,0,0,5,0,0
root,0,0,5,0,0
root,0,0,5,0,0
root,0,0,5,0,0
root,0,0,5,0,0
root,0,0,5,0,0
root,0,0,0,0,5
root,0,0,0,0,5
root,0,0,0,0,5
root,0,0,0,0,5
root,0,0,0,0,5
root,0,0,0,0,5
root,0,0,0,0,5
root,0,0,0,0,5
root,0,0,0,0,5
root,0,0,0,0,5
root,0,0,0,0,5
root,0,0,0,0,5
root,0,0,0,0,5
root,0,0,0,5,0
root,0,0,0,5,0
root,0,0,0,5,0
root,0,5,0,0,0
root,5,0,0,0,0
Chlorophyceae,5,0,0,0,0
root,5,0,0,0,0
root,5,0,0,0,0
root,5,0,0,0,0
root,5,0,0,0,0
root,5,0,0,0,0
Insecta,5,0,0,0,0
root,5,0,0,0,0
root,0,5,0,0,0
root,0,5,0,0,0
root,0,5,0,0,0
root,0,5,0,0,0
root,0,5,0,0,0
root,0,5,0,0,0
root,0,5,0,0,0
root,0,5,0,0,0
root,0,5,0,0,0
root,0,5,0,0,0
root,0,5,0,0,0
root,0,5,0,0,0
root,5,0,0,0,0
root,5,0,0,0,0
root,5,0,0,0,0
root,5,0,0,0,0
root,0,6,0,0,0
Chitinophagaceae,0,0,0,0,6
root,0,0,0,0,6
Thiodictyon,0,6,0,0,0
root,0,0,6,0,0
Chaetonotidae,0,0,6,0,0
root,0,6,0,0,0
root,6,0,0,0,0
root,6,0,0,0,0
root,0,0,6,0,0
root,0,0,0,0,6
root,0,0,0,0,6
Gomphonema,0,0,6,0,0
Prolixibacteraceae,6,0,0,0,0
Nitzschia,0,0,0,6,0
root,0,0,0,0,6
root,0,0,6,0,0
root,0,6,0,0,0
root,0,0,6,0,0
root,0,0,0,0,6
Neochanna_diversus,0,0,6,0,0
Metazoa,0,0,0,0,6
root,0,0,6,0,0
root,6,0,0,0,0
root,0,0,6,0,0
root,0,0,0,0,6
Chlorophyceae,0,0,0,0,6
root,6,0,0,0,0
Bacteroidetes,6,0,0,0,0
root,0,0,6,0,0
root,0,0,0,0,6
root,0,0,0,6,0
root,6,0,0,0,0
root,0,0,6,0,0
root,0,0,0,0,6
root,6,0,0,0,0
root,0,6,0,0,0
Spirogyra,0,0,6,0,0
Azospirillum,0,6,0,0,0
Chaetonotus,6,0,0,0,0
Dugesiidae,0,0,0,6,0
Chlamydomonadaceae,0,0,0,6,0
root,0,0,6,0,0
Arthropoda,0,0,6,0,0
root,0,0,0,0,6
root,0,6,0,0,0
Insecta,0,0,0,6,0
root,0,6,0,0,0
root,0,6,0,0,0
Metazoa,0,0,0,0,6
root,0,6,0,0,0
Metazoa,6,0,0,0,0
root,0,0,6,0,0
root,0,0,6,0,0
root,0,0,0,6,0
root,0,0,0,0,6
root,0,6,0,0,0
Chordata,0,0,6,0,0
root,0,0,6,0,0
Chordata,0,0,0,0,6
Chordata,0,0,0,0,6
root,0,0,0,6,0
root,0,0,0,6,0
Metazoa,0,0,0,6,0
Kinetoplastea,0,0,0,0,6
root,0,0,0,6,0
Bacteroidetes,0,0,0,6,0
root,0,0,0,0,6
Bacillariophyceae,0,0,0,0,6
root,0,0,0,6,0
root,0,0,0,6,0
root,0,0,0,6,0
root,0,0,6,0,0
root,0,0,6,0,0
root,0,0,6,0,0
root,0,0,6,0,0
root,0,0,6,0,0
root,0,0,6,0,0
root,0,0,6,0,0
root,0,0,6,0,0
root,0,0,0,0,6
root,0,0,0,0,6
root,0,0,0,0,6
root,0,0,0,0,6
root,0,0,0,0,6
root,0,0,0,6,0
root,0,0,0,6,0
root,0,0,0,6,0
root,0,0,0,6,0
Ploima,6,0,0,0,0
Bacteroidetes,6,0,0,0,0
Gammaproteobacteria,6,0,0,0,0
Oomycota,0,6,0,0,0
Spumella_like_flagellate_JB,6,0,0,0,0
root,6,0,0,0,0
root,0,6,0,0,0
root,0,6,0,0,0
root,0,6,0,0,0
root,0,6,0,0,0
root,0,6,0,0,0
root,0,6,0,0,0
root,0,6,0,0,0
root,0,6,0,0,0
root,0,6,0,0,0
root,0,6,0,0,0
root,0,6,0,0,0
root,0,6,0,0,0
root,0,6,0,0,0
root,0,6,0,0,0
root,0,6,0,0,0
root,0,6,0,0,0
root,0,6,0,0,0
root,6,0,0,0,0
root,6,0,0,0,0
root,6,0,0,0,0
root,6,0,0,0,0
root,6,0,0,0,0
Prolixibacteraceae,0,0,0,0,7
root,7,0,0,0,0
Chrysophyceae,0,7,0,0,0
Bradyrhizobiaceae,0,7,0,0,0
Methylophilaceae,0,0,0,0,7
Metazoa,0,7,0,0,0
Eukaryota,0,0,0,0,7
root,7,0,0,0,0
Arthropoda,0,0,0,7,0
root,7,0,0,0,0
Bacteroidetes,0,0,0,0,7
Insecta,7,0,0,0,0
Sphingomonadales,0,0,0,0,7
Gomphonema,7,0,0,0,0
root,0,0,7,0,0
root,7,0,0,0,0
Euplotes,0,0,0,0,7
Clostridiaceae,0,0,0,7,0
root,0,0,0,7,0
root,0,0,0,0,7
Pristina_aequiseta,0,7,0,0,0
Cygnus,0,0,0,7,0
Nais,0,0,0,0,7
Apiaceae,0,7,0,0,0
root,7,0,0,0,0
root,0,0,7,0,0
Chrysophyceae,7,0,0,0,0
root,0,0,0,7,0
root,0,7,0,0,0
root,7,0,0,0,0
root,0,7,0,0,0
root,0,7,0,0,0
root,0,7,0,0,0
root,0,0,0,7,0
root,0,7,0,0,0
root,0,7,0,0,0
root,0,0,0,7,0
Euglenozoa,0,0,7,0,0
root,0,0,7,0,0
root,0,0,7,0,0
Insecta,0,0,0,0,7
root,0,0,0,7,0
root,0,0,7,0,0
root,0,0,7,0,0
root,0,0,7,0,0
root,0,0,7,0,0
root,0,0,7,0,0
root,0,0,7,0,0
root,0,0,7,0,0
root,0,0,7,0,0
root,0,0,0,0,7
root,0,0,0,0,7
root,0,0,0,7,0
root,0,0,0,7,0
Metazoa,7,0,0,0,0
Metazoa,0,7,0,0,0
root,0,7,0,0,0
root,7,0,0,0,0
Neobodonida,7,0,0,0,0
root,7,0,0,0,0
Metazoa,0,7,0,0,0
root,7,0,0,0,0
Metazoa,7,0,0,0,0
root,0,7,0,0,0
root,0,7,0,0,0
root,0,7,0,0,0
root,0,7,0,0,0
root,0,7,0,0,0
root,0,7,0,0,0
root,0,7,0,0,0
root,0,7,0,0,0
root,0,7,0,0,0
root,0,7,0,0,0
root,0,7,0,0,0
root,0,7,0,0,0
root,0,7,0,0,0
root,0,7,0,0,0
root,0,7,0,0,0
root,0,7,0,0,0
root,7,0,0,0,0
root,7,0,0,0,0
root,7,0,0,0,0
root,7,0,0,0,0
root,7,0,0,0,0
root,7,0,0,0,0
Chaetonotidae,0,8,0,0,0
Metazoa,8,0,0,0,0
Octolasion_lacteum,0,0,0,8,0
Chlorophyta,8,0,0,0,0
Bicosoeca,8,0,0,0,0
Gammaproteobacteria,0,8,0,0,0
Cyclopidae,0,0,0,0,8
root,0,0,0,0,8
Scotinosphaeraceae,8,0,0,0,0
root,0,0,0,0,8
root,0,8,0,0,0
Colepidae,0,0,0,0,8
root,0,0,0,0,8
root,0,0,8,0,0
root,8,0,0,0,0
Limnodrilus,4,0,0,0,4
root,8,0,0,0,0
root,0,0,8,0,0
Scotinosphaera,0,0,0,8,0
root,0,4,0,4,0
Galium,0,8,0,0,0
root,0,0,0,0,8
root,0,0,0,0,8
root,0,0,0,8,0
Chrysophyceae,8,0,0,0,0
root,0,0,0,8,0
Metazoa,0,0,0,0,8
Metazoa,8,0,0,0,0
root,0,0,0,4,4
root,0,0,8,0,0
root,0,8,0,0,0
root,0,4,4,0,0
root,4,0,0,4,0
root,4,0,4,0,0
root,0,0,0,0,8
Anas_platyrhynchos,8,0,0,0,0
Arcobacter,0,0,8,0,0
Asteraceae,0,8,0,0,0
Culicinae,0,0,8,0,0
Scotinosphaeraceae,0,0,0,8,0
root,0,0,0,0,8
root,0,8,0,0,0
Spirotrichea,0,0,0,8,0
Metazoa,4,0,0,0,4
Metazoa,0,0,0,8,0
root,0,8,0,0,0
Chordata,0,0,8,0,0
root,0,0,0,0,8
root,0,0,8,0,0
Chrysophyceae,0,0,8,0,0
root,4,0,0,0,4
root,0,0,0,8,0
root,0,0,8,0,0
root,0,0,8,0,0
root,0,0,8,0,0
root,0,0,8,0,0
root,0,0,8,0,0
root,0,0,0,0,8
root,0,0,0,0,8
root,0,0,0,0,8
root,0,0,0,0,8
root,0,0,0,8,0
root,0,0,0,8,0
root,8,0,0,0,0
root,8,0,0,0,0
root,0,8,0,0,0
root,0,8,0,0,0
root,0,8,0,0,0
root,0,8,0,0,0
root,0,8,0,0,0
root,0,8,0,0,0
root,0,8,0,0,0
root,0,8,0,0,0
root,0,8,0,0,0
root,8,0,0,0,0
root,8,0,0,0,0
root,8,0,0,0,0
Urostomides,0,9,0,0,0
root,0,0,0,5,4
Diplostraca,0,0,0,0,9
root,0,9,0,0,0
root,9,0,0,0,0
root,0,0,5,4,0
Chordata,0,9,0,0,0
root,0,0,9,0,0
Ruminiclostridium,0,0,9,0,0
root,0,0,0,9,0
root,0,0,0,0,9
Acetobacteraceae,5,0,0,0,4
root,0,0,0,0,9
root,0,0,0,9,0
root,0,0,9,0,0
Metazoa,0,0,9,0,0
Hyphomicrobiales,0,0,0,9,0
root,0,0,0,9,0
root,9,0,0,0,0
root,0,0,0,5,4
root,0,0,0,9,0
Metazoa,0,9,0,0,0
root,0,0,4,0,5
root,5,0,4,0,0
Eukaryota,0,0,4,0,5
root,0,0,9,0,0
root,0,0,9,0,0
root,0,4,0,5,0
Oxytrichidae,0,0,0,0,9
Carduelinae,0,0,0,9,0
Pedinellales,0,0,0,9,0
root,0,0,0,9,0
root,0,9,0,0,0
root,4,0,0,5,0
root,0,0,9,0,0
root,0,9,0,0,0
root,0,9,0,0,0
root,9,0,0,0,0
root,5,0,4,0,0
root,0,0,5,0,4
Metazoa,5,0,4,0,0
Chordata,0,0,0,0,9
Chordata,0,0,0,0,9
unclassified_Chlamydomonas,0,0,9,0,0
Hyphomicrobiales,0,0,0,0,9
Fungi,0,0,0,9,0
root,0,0,9,0,0
root,0,0,9,0,0
root,0,0,0,0,9
root,0,4,0,0,5
root,0,0,0,9,0
root,0,9,0,0,0
root,0,9,0,0,0
root,0,9,0,0,0
root,0,9,0,0,0
root,0,9,0,0,0
root,0,9,0,0,0
root,0,9,0,0,0
root,0,9,0,0,0
root,0,9,0,0,0
root,0,9,0,0,0
root,0,9,0,0,0
root,0,9,0,0,0
root,0,9,0,0,0
root,9,0,0,0,0
root,9,0,0,0,0
Metazoa,4,0,0,0,6
root,0,0,10,0,0
root,4,0,6,0,0
root,6,0,0,0,4
root,0,0,6,0,4
Volvox,0,0,0,10,0
Spumella_like_flagellate_JB,0,4,0,0,6
root,0,10,0,0,0
Anas_chlorotis_or_gracilis,0,0,0,10,0
Oscillospiraceae,10,0,0,0,0
Metazoa,0,4,6,0,0
unclassified_Chlamydomonas,0,0,0,0,10
Chordata,10,0,0,0,0
Chlorophyta,0,0,0,0,10
root,0,0,10,0,0
Naididae,10,0,0,0,0
Euglenales,0,0,10,0,0
root,0,0,0,5,5
root,0,10,0,0,0
Aeolosomatidae,0,0,10,0,0
Actinopteri,4,0,6,0,0
root,0,10,0,0,0
root,0,0,0,0,10
root,0,0,4,6,0
root,0,0,0,5,5
Leptolegnia,0,4,6,0,0
Cryptomonas,0,0,0,0,10
Phytocercomonas,10,0,0,0,0
Phacaceae,6,0,4,0,0
Anatidae,10,0,0,0,0
Euglenaceae,10,0,0,0,0
root,10,0,0,0,0
root,0,5,0,5,0
root,0,0,0,0,10
root,0,0,0,10,0
root,0,10,0,0,0
root,0,0,0,10,0
Metazoa,0,0,0,10,0
Metazoa,0,0,10,0,0
root,0,0,0,0,10
root,0,0,0,0,10
root,0,0,4,6,0
root,0,0,0,10,0
root,0,5,0,0,5
root,0,0,10,0,0
root,0,0,10,0,0
root,0,4,6,0,0
root,0,0,10,0,0
root,0,0,10,0,0
root,0,0,10,0,0
root,0,0,10,0,0
root,0,0,0,0,10
root,0,0,0,0,10
root,0,0,0,0,10
root,0,10,0,0,0
root,0,10,0,0,0
root,0,10,0,0,0
root,0,10,0,0,0
root,0,10,0,0,0
root,0,10,0,0,0
root,0,10,0,0,0
root,0,10,0,0,0
root,0,10,0,0,0
root,0,10,0,0,0
root,0,10,0,0,0
root,10,0,0,0,0
root,10,0,0,0,0
root,0,0,0,11,0
Lamiaceae,0,11,0,0,0
Chlorophyceae,0,0,0,0,11
Ilumatobacteraceae,5,0,6,0,0
root,0,11,0,0,0
Firmicutes,5,0,0,0,6
root,0,0,11,0,0
root,11,0,0,0,0
root,0,0,0,11,0
unclassified_Paraphysomonas,0,11,0,0,0
Cytophagaceae,0,0,11,0,0
Stenostomidae,11,0,0,0,0
Euglenaceae,4,0,0,0,7
Kinetoplastea,0,0,0,0,11
root,0,0,0,0,11
root,0,0,6,5,0
Gammaproteobacteria,7,4,0,0,0
root,11,0,0,0,0
Euglenales,0,0,0,4,7
root,0,0,6,5,0
Physella_acuta,4,0,0,0,7
root,0,0,0,0,11
Chordata,0,11,0,0,0
root,0,0,0,6,5
root,7,0,0,0,4
root,0,0,11,0,0
Eukaryota,5,0,6,0,0
root,0,0,0,0,11
Metazoa,11,0,0,0,0
Insecta,11,0,0,0,0
root,0,0,11,0,0
Kinetoplastea,0,0,11,0,0
root,0,0,4,0,7
Rotaria_rotatoria,0,0,0,11,0
Azospirillaceae,11,0,0,0,0
root,0,11,0,0,0
root,0,0,11,0,0
Neobodonida,0,0,0,11,0
Metazoa,0,5,0,0,6
root,0,11,0,0,0
root,0,0,11,0,0
root,0,11,0,0,0
root,0,0,0,0,11
root,0,0,6,5,0
Metazoa,0,0,0,11,0
root,0,7,0,4,0
root,0,0,11,0,0
Metazoa,0,0,0,0,11
root,0,0,11,0,0
root,0,0,11,0,0
root,0,0,11,0,0
root,0,0,11,0,0
root,0,0,0,0,11
root,0,11,0,0,0
Spirotrichea,0,11,0,0,0
root,0,11,0,0,0
root,0,11,0,0,0
root,0,11,0,0,0
root,0,11,0,0,0
root,0,11,0,0,0
root,0,11,0,0,0
root,0,11,0,0,0
root,11,0,0,0,0
Chlamydomonadales,0,12,0,0,0
Chrysanthemum,12,0,0,0,0
root,0,8,0,4,0
Ludwigia,0,12,0,0,0
root,0,0,12,0,0
root,0,4,8,0,0
Ciliophora,0,0,12,0,0
root,0,12,0,0,0
Nais,4,0,0,8,0
root,12,0,0,0,0
root,0,0,5,0,7
root,0,4,0,0,8
Metazoa,8,0,4,0,0
root,6,6,0,0,0
Metazoa,0,0,0,12,0
root,8,4,0,0,0
Chlamydiae,0,6,0,6,0
root,0,0,0,0,12
root,0,12,0,0,0
root,0,7,0,0,5
root,12,0,0,0,0
Neobodo,12,0,0,0,0
Euglenaceae,0,0,0,0,12
root,6,0,0,6,0
root,0,0,0,0,12
root,0,12,0,0,0
root,0,0,12,0,0
root,0,7,5,0,0
root,0,0,0,0,12
root,4,0,8,0,0
Gammaproteobacteria,0,0,0,0,12
Chlorophyceae,0,0,12,0,0
Insecta,0,7,0,5,0
root,0,0,12,0,0
root,0,0,12,0,0
root,0,0,0,0,12
Chordata,12,0,0,0,0
root,12,0,0,0,0
Chrysophyceae,0,12,0,0,0
root,0,12,0,0,0
root,12,0,0,0,0
Rubioideae,0,9,4,0,0
root,0,7,6,0,0
root,0,0,0,0,13
root,0,0,0,0,13
Ciliophora,13,0,0,0,0
root,9,0,0,4,0
root,0,0,0,13,0
root,0,6,0,0,7
Euglenaceae,5,0,4,0,4
root,0,0,0,7,6
Prolixibacteraceae,0,0,0,0,13
Chlamydomonadaceae,0,0,4,0,9
root,0,0,0,6,7
root,13,0,0,0,0
root,0,0,0,0,13
root,13,0,0,0,0
Chordata,13,0,0,0,0
root,8,0,5,0,0
Vorticella,0,0,0,0,13
Polygonaceae,0,13,0,0,0
root,0,0,13,0,0
Ciliophora,0,0,13,0,0
root,0,0,13,0,0
root,0,0,13,0,0
root,0,0,13,0,0
root,0,0,0,0,13
root,0,0,0,0,13
root,0,0,0,13,0
root,0,7,0,6,0
Kinetoplastea,0,13,0,0,0
root,13,0,0,0,0
root,0,13,0,0,0
root,0,13,0,0,0
root,0,13,0,0,0
root,0,13,0,0,0
root,0,13,0,0,0
root,13,0,0,0,0
Bidens_pilosa,8,0,0,6,0
root,0,14,0,0,0
root,6,0,0,0,8
Mallomonadaceae,0,0,0,0,14
root,14,0,0,0,0
Chlamydomonadales,14,0,0,0,0
root,0,9,0,5,0
root,0,0,7,7,0
root,0,0,0,0,14
Collodictyon,6,4,0,4,0
root,14,0,0,0,0
root,14,0,0,0,0
root,0,0,9,5,0
root,0,14,0,0,0
Carassius_auratus,0,0,0,14,0
Crocinitomicaceae,0,0,14,0,0
root,9,0,5,0,0
root,14,0,0,0,0
Chordata,0,0,0,14,0
Metazoa,0,0,0,0,14
root,0,0,7,0,7
Actinobacteria,0,0,0,7,7
Chrysophyceae,0,0,0,0,14
root,0,0,0,14,0
root,0,0,14,0,0
root,0,6,0,0,8
Chlamydomonadales,14,0,0,0,0
root,0,14,0,0,0
Euglenaceae,0,0,4,0,11
root,0,6,0,0,9
Vorticella,0,4,0,0,11
root,0,15,0,0,0
Trachelomonas,9,6,0,0,0
unclassified_Chloromonas,0,0,0,0,15
root,8,0,0,0,7
root,8,0,0,0,7
Metazoa,4,6,0,5,0
Chaetonotidae,0,0,0,0,15
Chlamydomonas,0,0,0,15,0
Alphamonas,0,0,0,0,15
Metazoa,5,6,0,4,0
root,0,0,0,15,0
Pedinellales,6,0,0,0,9
root,0,9,6,0,0
Neobodo,0,6,9,0,0
Enchytraeus_buchholzi_complex_sp_2_MK_2019,0,0,0,15,0
Azolla,0,0,0,0,15
Asteraceae,0,4,11,0,0
root,0,0,0,15,0
root,0,0,15,0,0
root,0,15,0,0,0
root,0,0,0,9,6
root,7,0,0,8,0
root,0,0,15,0,0
root,0,0,0,15,0
Strombomonas,0,0,4,0,12
Vorticella,0,0,0,16,0
Tubificinae,16,0,0,0,0
root,11,0,0,5,0
Tubificinae,16,0,0,0,0
root,0,12,4,0,0
root,0,0,16,0,0
Nitzschia,0,0,11,5,0
Spirotrichea,0,16,0,0,0
Metazoa,16,0,0,0,0
root,0,0,0,5,11
Geranium,10,6,0,0,0
Ciliophora,0,0,0,0,16
Spirotrichea,0,0,0,16,0
root,0,0,10,6,0
Euglenales,0,0,0,0,16
Metazoa,5,0,11,0,0
root,0,10,0,6,0
Aspergillus,0,0,0,16,0
Bodo,0,0,0,0,16
root,0,6,0,10,0
Pedinellales,0,6,10,0,0
Spumella_like_flagellate_JB,0,0,7,9,0
root,16,0,0,0,0
root,0,16,0,0,0
root,8,0,0,8,0
Fagales,0,16,0,0,0
Chlamydomonadales,16,0,0,0,0
Prorodontida,16,0,0,0,0
root,0,16,0,0,0
root,0,16,0,0,0
Fabaceae,13,4,0,0,0
root,0,0,8,0,9
Synchaeta,13,0,4,0,0
root,0,0,7,10,0
Metazoa,0,17,0,0,0
root,7,0,4,6,0
Spumella_like_flagellate_JB,9,0,8,0,0
Nitzschia_acidoclinata,12,0,0,5,0
root,17,0,0,0,0
root,4,0,7,0,6
root,12,0,0,5,0
root,10,0,7,0,0
root,0,17,0,0,0
root,6,0,0,11,0
root,0,0,13,0,4
root,0,17,0,0,0
root,0,0,0,17,0
root,12,5,0,0,0
root,0,17,0,0,0
root,0,17,0,0,0
root,0,5,12,0,0
Bdelloidea,0,17,0,0,0
Metazoa,0,0,0,17,0
root,0,5,0,12,0
root,17,0,0,0,0
root,0,17,0,0,0
Ludwigia,0,0,18,0,0
root,0,0,0,0,18
root,18,0,0,0,0
Chaetonotus,0,0,0,7,11
root,0,0,0,12,6
Tribonematales,0,0,10,0,8
Desulfuromonadaceae,0,0,0,0,18
root,8,4,6,0,0
Oscillospiraceae,9,0,0,0,9
Chrysophyceae,0,0,0,0,18
root,0,0,0,18,0
root,5,13,0,0,0
root,6,0,4,0,8
Chlamydomonas_incerta,9,0,9,0,0
root,0,0,18,0,0
root,0,6,12,0,0
root,4,0,0,0,14
root,0,0,0,18,0
Poeae,18,0,0,0,0
root,0,18,0,0,0
Viridiplantae,18,0,0,0,0
Metazoa,0,0,18,0,0
Euglenales,0,0,13,5,0
root,0,18,0,0,0
root,18,0,0,0,0
root,0,0,19,0,0
root,0,0,4,10,5
root,8,0,6,0,5
Viridiplantae,0,0,14,0,5
Eukaryota,0,0,0,0,19
Chlorophyceae,0,12,0,0,7
root,0,0,19,0,0
root,4,4,11,0,0
Flavobacteriales,0,0,19,0,0
root,7,0,0,5,7
root,0,0,19,0,0
root,0,19,0,0,0
Firmicutes,0,4,15,0,0
Aspergillus,0,0,7,12,0
root,0,0,19,0,0
root,0,0,19,0,0
root,0,0,0,19,0
root,19,0,0,0,0
root,0,19,0,0,0
root,0,19,0,0,0
Mallomonas,0,0,0,0,20
Gomphonema,10,6,4,0,0
root,0,11,5,0,4
root,0,0,0,20,0
Chlorophyta,0,0,0,0,20
root,9,7,4,0,0
Eurotatoria,0,0,20,0,0
Chrysophyceae,0,5,0,0,15
Metazoa,0,5,0,0,15
root,0,0,7,13,0
Chaetonotidae,0,0,0,0,20
root,11,0,0,9,0
root,0,0,0,0,20
Metazoa,8,0,12,0,0
root,0,0,0,20,0
root,0,12,0,0,8
Pandorina,0,0,0,20,0
Eurotatoria,20,0,0,0,0
root,16,0,0,4,0
Dangeardinia,0,0,0,0,20
Neobodo,0,0,0,20,0
root,0,0,0,0,20
root,6,0,0,14,0
root,0,0,0,20,0
root,4,0,0,16,0
root,0,20,0,0,0
root,0,20,0,0,0
root,0,20,0,0,0
root,0,20,0,0,0
root,0,20,0,0,0
Chaetonotidae,0,0,21,0,0
Chaetonotus,0,0,0,8,13
Chrysophyceae,0,0,21,0,0
Chlamydomonas,0,0,0,21,0
Pristina,0,0,0,9,12
Trachelomonas,6,0,10,0,5
Chironomus_cloacalis,11,6,4,0,0
root,16,0,0,0,5
root,0,4,5,5,7
Cryptomonadaceae,5,0,6,10,0
root,0,0,16,0,5
root,0,13,0,0,8
Brassicaceae,0,21,0,0,0
Cucurbitaceae,0,0,21,0,0
Ciliophora,0,14,7,0,0
root,0,0,21,0,0
root,0,21,0,0,0
root,21,0,0,0,0
Methylomonas,0,0,0,12,10
Bacteroidetes,0,0,0,0,22
Burkholderiales_genera_incertae_sedis,12,10,0,0,0
root,0,7,10,5,0
Chordata,0,0,0,0,22
Metazoa,9,0,0,4,9
root,0,13,0,5,4
Bdelloidea,0,22,0,0,0
root,5,0,0,17,0
Metazoa,4,8,5,5,0
root,22,0,0,0,0
Cryptomonas,0,10,12,0,0
root,5,17,0,0,0
root,0,0,0,16,6
Metazoa,0,0,0,0,22
root,6,0,8,8,0
root,0,22,0,0,0
root,22,0,0,0,0
Eurotatoria,0,9,0,14,0
root,10,0,0,8,5
Colepidae,0,0,0,15,8
Metazoa,12,0,4,7,0
root,0,4,4,0,15
Euglenales,11,0,0,6,6
Chordata,0,0,19,0,4
environmental_samples,10,7,6,0,0
Arthropoda,16,0,0,0,7
Euglenaceae,0,13,10,0,0
Euglenaceae,0,0,23,0,0
Asteroideae,23,0,0,0,0
Micrococcales,14,9,0,0,0
root,0,23,0,0,0
Chordata,0,0,23,0,0
Eubacteriales,0,11,0,12,0
root,0,23,0,0,0
root,0,23,0,0,0
Mallomonas,4,0,0,0,20
root,10,0,14,0,0
Euglenaceae,5,0,5,8,6
root,0,0,0,24,0
root,0,0,12,4,8
root,0,0,0,24,0
root,13,0,0,4,7
root,4,20,0,0,0
root,0,20,4,0,0
root,0,0,24,0,0
Anas_platyrhynchos,0,0,24,0,0
root,24,0,0,0,0
Luna_1_subcluster,14,10,0,0,0
root,0,24,0,0,0
Rhodoblastus,0,16,9,0,0
root,0,25,0,0,0
root,0,0,14,0,11
Coprosma,25,0,0,0,0
Chlamydomonadales,0,25,0,0,0
root,15,0,0,10,0
Eurotatoria,0,0,25,0,0
root,7,12,0,0,6
Euglenaceae,0,0,25,0,0
root,8,9,0,8,0
Flavobacterium,0,0,14,11,0
root,7,12,0,0,6
root,0,21,0,0,4
Phormium_tenax,0,0,0,25,0
root,8,4,8,5,0
root,0,0,25,0,0
Persicaria,0,26,0,0,0
root,0,5,21,0,0
root,6,0,5,0,15
root,0,0,0,9,17
root,5,0,9,7,5
root,12,0,7,7,0
root,0,26,0,0,0
Euglenales,0,0,20,6,0
Coleochaete,0,0,0,13,13
root,11,4,5,0,6
root,18,0,0,8,0
root,0,0,26,0,0
root,0,0,26,0,0
root,0,26,0,0,0
root,26,0,0,0,0
Chlorobiaceae,5,5,0,4,13
root,12,0,15,0,0
Metazoa,0,21,6,0,0
root,0,7,20,0,0
root,0,8,6,4,9
Ciliophora,16,11,0,0,0
root,12,6,0,9,0
root,16,6,0,5,0
root,0,27,0,0,0
Spumella_like_flagellate_JB,0,20,7,0,0
Physella_acuta,6,0,14,0,7
root,0,27,0,0,0
root,0,15,0,0,12
root,13,0,0,0,14
root,0,0,27,0,0
Eurotatoria,27,0,0,0,0
Holophrya,0,0,12,16,0
root,7,0,12,0,9
Chaetonotidae,0,0,0,19,9
Chordata,0,22,0,0,6
root,20,4,0,0,4
root,21,0,0,0,7
root,0,0,0,0,28
root,0,0,0,28,0
Synchaetidae,0,0,0,14,15
Chordata,29,0,0,0,0
root,8,4,10,7,0
root,18,0,11,0,0
Gammaproteobacteria,5,0,24,0,0
root,0,29,0,0,0
root,0,29,0,0,0
root,0,29,0,0,0
root,0,18,0,12,0
Chordata,21,0,9,0,0
Euglenales,0,18,0,0,12
root,17,0,8,5,0
root,0,16,9,0,5
Chordata,0,0,0,0,30
root,0,0,30,0,0
root,0,16,14,0,0
Loteae,21,10,0,0,0
Eukaryota,0,0,14,17,0
root,10,4,5,0,12
Chaetonotidae,0,0,0,18,13
Limnophyes,4,0,12,15,0
root,0,23,8,0,0
Ploima,0,0,31,0,0
root,8,5,12,0,6
Ciliophora,0,4,27,0,0
Aves,10,0,6,15,0
Phacaceae,0,11,20,0,0
root,0,31,0,0,0
root,0,16,15,0,0
root,0,31,0,0,0
root,0,6,12,9,5
Bacteroidetes,7,5,0,9,11
Ludwigia,0,32,0,0,0
unclassified_Strombidium,0,22,10,0,0
root,20,0,7,5,0
root,11,0,14,7,0
Metazoa,6,0,0,18,8
root,5,9,0,0,18
root,0,0,0,0,32
root,0,0,0,32,0
Weeksellaceae,0,0,5,7,21
Rhodobacteraceae,4,4,6,0,19
root,13,4,0,0,16
root,7,5,13,8,0
Euglenaceae,17,8,8,0,0
root,0,33,0,0,0
root,0,0,33,0,0
root,0,33,0,0,0
Azonexaceae,5,0,0,5,24
root,18,16,0,0,0
root,8,8,14,0,4
root,28,0,0,6,0
root,20,0,8,6,0
Phalacrocorax_sulcirostris,34,0,0,0,0
root,12,5,0,17,0
unclassified_Strombidium,5,20,9,0,0
Poaceae,0,0,0,34,0
root,23,0,0,0,11
root,0,0,34,0,0
root,0,0,34,0,0
root,0,34,0,0,0
root,0,34,0,0,0
Anas_platyrhynchos,0,31,4,0,0
Euglenaceae,0,13,0,14,8
Carchesium,0,0,0,17,18
Strombomonas,0,9,12,0,14
Chitinophagaceae,12,0,0,6,18
root,9,0,12,15,0
root,5,4,5,0,22
root,21,0,4,6,5
root,0,0,0,36,0
Myriophyllum,37,0,0,0,0
root,13,6,4,4,10
Viridiplantae,15,0,0,12,10
root,0,37,0,0,0
Ciliophora,20,0,17,0,0
root,0,0,19,7,12
root,0,34,4,0,0
root,0,9,6,15,8
root,7,31,0,0,0
Arthropoda,0,0,38,0,0
Turdus,0,0,38,0,0
root,0,0,0,0,38
root,0,0,38,0,0
Chrysophyceae,0,0,11,0,28
Metazoa,0,34,0,5,0
root,14,9,0,16,0
root,14,9,4,12,0
root,0,39,0,0,0
Insecta,0,0,25,8,6
Turdus_philomelos,0,0,0,0,39
root,4,21,10,0,4
Rumex,24,15,0,0,0
Ploima,0,0,39,0,0
root,0,0,0,0,39
root,14,0,26,0,0
root,0,40,0,0,0
root,0,23,0,17,0
Viridiplantae,0,0,40,0,0
root,0,40,0,0,0
Metazoa,24,17,0,0,0
Lumbriculidae,4,8,9,6,14
root,0,11,18,12,0
root,0,0,22,0,19
root,0,41,0,0,0
Metazoa,15,4,0,8,15
Lumbriculidae,6,8,28,0,0
Dileptidae,0,19,0,0,23
Desulfuromonadaceae,11,4,0,9,18
Ludwigia,20,0,22,0,0
Cryptomonadaceae,0,13,0,13,16
root,15,7,0,0,21
root,0,0,43,0,0
root,0,13,9,0,21
Poales,43,0,0,0,0
root,18,0,17,9,0
Dinophyceae,8,18,18,0,0
root,0,12,19,0,13
root,11,0,0,33,0
root,0,0,0,0,44
root,0,44,0,0,0
Dileptidae,0,0,0,0,45
root,16,14,11,4,0
root,45,0,0,0,0
root,45,0,0,0,0
Daphnia_obtusa_group_sp_3_EUR,8,7,7,11,13
Cyclopidae,0,0,0,13,33
Chlamydomonas,11,0,0,0,35
root,14,0,15,0,17
Euglenaceae,0,22,17,0,8
Burkholderiales,21,26,0,0,0
root,0,30,17,0,0
Bacteroidetes,12,0,12,11,12
Microbacteriaceae,0,18,16,13,0
root,0,0,0,0,47
root,47,0,0,0,0
Synchaetidae,16,0,0,8,24
root,21,0,17,4,6
root,0,34,0,0,14
unclassified_Paraphysomonas,0,0,21,10,17
root,20,0,21,7,0
Actinomycetia,5,17,13,8,5
root,0,0,48,0,0
Chitinophagaceae,12,0,12,0,25
root,0,0,0,49,0
Metazoa,17,0,12,8,12
root,0,49,0,0,0
root,0,49,0,0,0
root,0,0,16,0,34
Metazoa,14,6,17,0,13
Cryptomonadaceae,7,0,6,20,17
root,6,8,11,16,9
root,0,0,50,0,0
root,8,0,11,22,9
Polygonoideae,0,5,19,0,27
root,8,4,14,13,12
Metazoa,9,0,15,14,13
root,10,8,7,17,9
root,0,0,0,16,35
Actinopteri,0,0,51,0,0
Metazoa,9,0,6,27,10
Trachelomonas,12,4,21,11,4
Poaceae,28,0,0,0,24
root,24,5,7,7,9
root,15,14,9,10,4
root,24,0,5,14,9
Eukaryota,27,0,0,19,7
Alphaproteobacteria,21,8,10,7,7
Chlamydomonadales,0,0,0,53,0
Chaetonotidae,0,0,28,13,13
root,0,18,36,0,0
root,15,4,9,18,8
Juncus_parryi,0,0,19,0,35
root,19,10,7,12,7
root,7,0,48,0,0
Coleochaete,0,16,0,0,39
Metazoa,0,0,55,0,0
Magnoliopsida,0,0,0,0,55
Metazoa,0,0,55,0,0
Rotaria_rotatoria,0,0,26,25,5
Metazoa,23,5,28,0,0
Anguilla_australis,0,0,56,0,0
root,0,56,0,0,0
root,0,0,56,0,0
Reichenbachiellaceae,5,16,10,9,17
Nais,9,15,23,10,0
root,16,41,0,0,0
Carassius_auratus,0,14,44,0,0
Chlorophyta,16,14,11,11,6
Metazoa,0,0,0,0,58
Porphyrio_melanotus,0,59,0,0,0
Strombomonas,20,0,9,0,30
root,0,0,21,10,28
root,25,0,19,4,11
root,41,0,8,10,0
Anguilla_australis,0,0,0,0,59
Chlamydomonadales,19,18,0,0,23
root,5,16,18,11,10
Phacaceae,0,18,36,6,0
root,0,40,0,0,21
Ciliophora,0,14,27,20,0
Magnoliopsida,0,62,0,0,0
root,6,38,18,0,0
Cypriniformes,0,0,62,0,0
Phaeophyceae,26,22,6,5,4
Euglenaceae,0,0,33,30,0
Metazoa,0,0,0,63,0
Cypriniformes,0,0,0,0,63
Limnodrilus_hoffmeisteri,17,15,15,11,6
Chordata,0,0,0,0,64
root,27,12,17,0,9
root,8,12,29,5,11
root,10,0,14,11,30
root,9,6,32,7,11
Mugil_cephalus,0,0,0,0,65
Cypriniformes,0,0,65,0,0
Cyperoideae,66,0,0,0,0
Dinobryon,11,0,14,24,17
root,15,0,10,29,12
root,5,17,31,5,8
Cryptomonadaceae,0,33,18,15,0
Pandorina,0,0,0,35,31
root,0,66,0,0,0
root,0,66,0,0,0
root,0,0,62,4,0
Insecta,36,10,11,10,0
root,29,0,0,13,25
Chlamydomonadales,0,0,0,0,68
Eurotatoria,18,0,0,23,27
root,23,9,15,17,4
root,0,48,0,15,5
root,28,17,24,0,0
Metazoa,45,0,0,0,24
Chlorophyceae,21,0,0,12,37
Anguilla_australis,14,8,23,20,5
Holophrya,0,27,0,28,16
Ulvophyceae,0,15,15,9,32
root,25,9,27,10,0
root,6,13,16,26,10
Chlorophyceae,30,29,0,13,0
root,0,0,72,0,0
Euglenales,0,0,46,26,0
root,0,72,0,0,0
Metazoa,17,4,24,21,7
root,26,9,14,12,12
Chlamydomonadales,0,0,33,19,21
root,26,6,7,13,21
Actinomycetia,0,5,48,9,11
Eurotatoria,0,18,0,0,55
root,0,24,19,30,0
Cygnus_atratus,13,0,15,33,13
root,24,7,11,18,14
root,74,0,0,0,0
root,0,0,0,74,0
Aves,74,0,0,0,0
Euglenaceae,0,13,25,8,29
root,30,0,0,0,45
unclassified_Vorticella,10,0,66,0,0
Geothrix,25,10,0,20,21
root,0,0,34,14,28
Dinophyceae,29,17,0,24,6
root,22,7,13,20,14
Cryptomonadaceae,32,0,13,22,9
root,30,0,14,33,0
Rhodospirillales,47,10,20,0,0
Cypriniformes,0,0,0,0,77
Stentor,0,0,36,33,9
root,0,24,6,36,12
root,28,20,17,0,13
root,37,7,21,9,4
Chlorophyta,29,14,22,14,0
root,9,5,35,18,12
Rotaria_rotatoria,33,0,46,0,0
Vorticella,0,0,60,0,19
Gambusia_affinis,22,5,17,28,7
root,33,5,19,13,10
Rhodospirillales,13,14,0,42,12
root,19,10,32,15,5
root,49,0,0,22,11
root,0,14,45,23,0
root,13,42,28,0,0
root,43,8,0,15,18
root,15,41,16,0,12
root,8,10,17,34,15
Viridiplantae,37,11,0,0,37
Chlorophyceae,32,0,0,13,42
Cryptomonas,26,15,14,19,13
root,0,70,17,0,0
root,15,36,0,10,27
Stentor,7,0,30,32,20
Geraniaceae,27,0,0,62,0
root,12,15,63,0,0
root,14,11,29,17,19
root,46,6,15,10,13
Thiodictyon,12,30,27,0,25
Spirotrichea,0,54,0,0,40
Crocinitomicaceae,16,14,35,17,12
Proteobacteria,29,31,23,12,0
root,36,0,29,21,9
root,50,0,45,0,0
root,0,0,0,0,95
Hexanauplia,0,18,12,9,58
root,18,27,9,18,25
root,0,98,0,0,0
Chordata,0,0,0,0,99
Spirogyra,25,27,33,0,15
Metazoa,14,8,20,28,30
Euglenaceae,15,16,30,15,24
root,80,0,20,0,0
root,30,18,14,18,21
Cyprinus_rubrofuscus,16,20,22,30,13
root,24,18,32,15,12
Gambusia_affinis,25,22,25,24,6
Metazoa,16,5,30,13,38
Phacus,17,17,40,28,0
Polygonoideae,0,42,0,60,0
Metazoa,21,28,38,6,10
Chlorophyta,7,0,0,26,70
Cryptomonas,28,22,20,17,16
root,0,87,0,5,12
Anguilla_australis,0,0,35,0,70
Spirochaeta,26,18,11,22,28
Actinomycetia,26,20,24,20,16
root,42,30,13,24,0
root,24,0,53,14,19
Eurotatoria,16,79,0,5,12
Chlamydomonadales,20,0,65,27,0
root,0,0,0,0,113
Cucurbitaceae,0,0,0,0,114
Cyprinoidei,0,0,0,114,0
root,0,0,115,0,0
Limnodrilus_hoffmeisteri,16,16,23,47,14
root,0,0,0,0,116
root,27,30,17,14,29
Crocinitomicaceae,0,0,61,29,29
Pedinellales,26,29,36,0,28
Metazoa,80,0,22,17,0
Microbacteriaceae,25,15,40,40,0
Chordata,120,0,0,0,0
root,31,22,21,18,29
root,68,0,54,0,0
Vacuolariaceae,16,24,32,17,33
Ciliophora,7,8,35,45,28
root,59,22,18,24,0
Coprosma,0,0,12,111,0
Zosterops_lateralis,0,0,57,0,67
Cochliopodium,51,11,23,19,22
root,35,19,33,28,11
Fringilla_coelebs,0,0,0,92,35
Naididae,11,47,0,38,34
Cryptomonadaceae,21,12,28,24,45
root,59,15,12,29,15
root,42,15,36,20,17
root,0,36,94,0,0
Chitinophagaceae,24,20,37,23,27
root,28,26,43,11,23
root,8,109,0,0,14
root,14,65,22,8,23
root,0,55,34,31,12
Armophorea,12,15,31,43,31
root,25,8,35,21,44
root,28,33,28,16,28
root,9,70,38,0,17
Pyrenomonadaceae,0,9,113,16,0
Bacteroidetes,22,22,36,27,31
Metazoa,16,13,63,39,8
root,49,10,36,17,28
Ciliophora,25,40,14,30,31
Pooideae,12,36,53,0,44
root,13,17,75,40,0
root,30,17,40,18,41
root,51,41,36,6,12
Spirotrichea,0,39,34,74,0
root,30,22,29,54,12
root,44,30,27,30,18
root,68,32,34,9,8
root,0,134,0,0,18
root,30,18,59,27,18
root,0,152,0,0,0
root,70,26,23,0,34
root,47,18,40,26,22
root,34,20,42,31,26
Malpighiales,35,43,35,17,24
root,0,0,0,0,156
Cryptomonadaceae,26,31,13,26,62
Culex,20,46,39,37,18
Metazoa,0,94,13,53,0
Spirotrichea,41,53,30,36,0
root,21,32,28,49,31
Metazoa,0,58,0,103,0
root,32,32,23,20,54
root,56,38,41,12,15
Anas_platyrhynchos,42,29,18,18,55
root,7,127,28,0,0
Phacus,33,25,51,45,11
Ciliophora,28,30,38,34,39
root,40,27,37,40,26
root,120,22,8,10,10
root,41,20,45,34,30
Ploima,0,29,52,61,31
Metazoa,86,8,35,32,13
root,32,31,52,29,30
Betaproteobacteria,36,33,33,27,45
Naididae,27,21,67,15,46
root,48,20,32,37,40
Metazoa,0,4,13,160,0
Ciliophora,51,27,32,33,35
Rhodoluna,49,31,27,37,37
Paraphysomonas_sp,48,11,33,71,21
Naidinae,41,57,45,42,0
root,46,33,30,29,48
Hexanauplia,34,42,20,8,83
Ciliophora,38,49,27,40,34
Betaproteobacteria,48,30,47,37,28
Anguilla_australis,70,28,24,27,42
Spirotrichea,59,39,67,26,0
Geobacter,106,0,0,0,87
Bos_taurus,41,18,25,0,110
Spirotrichea,47,61,60,0,28
root,44,107,24,0,22
Oedogoniaceae,23,46,12,92,27
root,34,30,48,29,61
Crocinitomicaceae,49,16,68,43,26
Metazoa,103,0,42,58,0
Euglenaceae,45,36,47,38,41
Flavobacterium,42,40,38,44,50
Phacus,47,49,57,55,7
root,41,27,46,29,73
Ciliophora,61,38,39,29,49
Vorticella,65,0,52,40,61
Proteobacteria,39,15,57,30,78
Chlorophyta,53,36,33,0,99
Pinnularia,15,51,111,25,20
root,56,38,48,23,58
Ciliophora,50,53,55,36,29
root,63,26,52,40,46
root,78,42,52,41,15
Viridiplantae,46,27,36,58,63
root,48,35,54,29,64
root,49,58,52,49,25
root,60,19,71,17,66
root,94,24,59,22,38
root,76,37,52,32,44
Physella_acuta,75,0,85,50,32
Lemna_minor,56,114,72,0,0
Gambusia_affinis,0,0,0,97,146
root,52,40,67,64,26
Vorticella,0,47,71,38,93
Arcobacter_group,59,43,58,45,45
Chlamydomonadales,96,25,20,21,91
root,71,45,65,23,51
Spirotrichea,48,59,73,18,58
Chamaedrilus,69,78,53,25,33
root,57,51,84,69,0
Luna_1_subcluster,57,46,61,44,54
Dechloromonas,61,37,39,38,88
root,16,214,33,0,0
Vorticella,53,41,47,59,69
Carassius_auratus,0,0,168,0,106
Euglenales,41,50,90,74,21
root,117,26,59,31,46
Polynucleobacter,67,64,61,37,52
Polygoneae,0,45,9,183,45
root,103,0,87,75,21
Chromulinospumella_sphaerica,73,40,87,52,34
Filinia,40,23,18,105,100
Paludibacter,43,32,78,59,77
root,88,35,79,45,42
Oedogonium_sp_Lake_Mendota,157,28,20,10,75
root,94,32,56,53,58
Eurotatoria,0,44,244,0,5
Desulfuromonadales,53,84,55,51,53
Chrysophyceae,49,47,67,36,97
Naididae,63,76,58,24,84
Chlorophyta,199,0,55,0,51
root,58,18,88,101,40
root,27,9,27,102,141
Cygnus_atratus,54,132,12,74,36
Ploima,38,63,72,95,43
Pandorina_morum,74,17,4,68,150
Nitzschia,82,55,62,77,39
Physella_acuta,52,95,67,74,29
Rotaria_rotatoria,0,109,44,80,93
root,130,66,56,32,42
Spirotrichea,0,73,97,72,84
Gammaproteobacteria,92,43,61,85,47
Asparagaceae,88,62,78,10,104
root,24,220,67,15,27
Chamaedrilus,75,120,53,55,55
Spirotrichea,0,84,92,56,128
Saliceae,111,19,31,106,95
root,35,41,119,45,122
root,33,40,176,74,40
Cryptomonas,93,24,54,71,122
Malikia,110,74,67,70,46
Phacus,74,107,95,88,4
Cryptomonas,75,61,58,77,98
root,88,73,94,44,70
root,114,75,65,68,48
root,93,65,99,61,55
Spirotrichea,78,40,92,101,62
root,109,55,112,33,66
root,9,32,57,280,0
root,115,43,117,37,68
Micrococcales,84,85,79,57,79
Spirotrichea,71,108,83,65,60
root,112,67,66,100,43
Betaproteobacteria,95,80,58,99,59
Euglenales,60,91,123,90,30
Spirotrichea,69,79,80,92,76
Filinia,101,57,30,109,99
Chrysophyceae,101,71,74,64,88
Metazoa,175,62,167,0,0
Metazoa,0,123,81,207,0
root,127,81,69,64,86
Chlorophyceae,136,47,121,127,0
root,108,96,84,68,77
Macromonas,146,71,61,72,84
root,119,37,137,57,86
Metazoa,0,257,117,40,24
Chordata,54,15,181,17,176
root,88,54,80,65,159
root,4,428,4,0,25
root,154,62,107,72,79
Cyclopidae,67,55,57,94,220
Chlorophyceae,0,129,47,21,301
Chrysophyceae,115,114,98,70,109
Cyprinus_rubrofuscus,74,104,133,126,81
root,160,74,122,93,71
Metazoa,99,29,95,157,166
root,165,75,131,70,106
root,98,195,74,43,143
root,163,73,133,66,120
Neochanna_diversus,37,0,0,521,0
Chlamydomonadales,250,43,69,14,200
root,159,77,133,110,97
root,94,181,133,65,128
root,118,139,114,120,117
root,153,88,91,245,41
Chlorophyceae,159,34,42,60,332
Paspalum,80,124,78,217,138
PACMAD_clade,28,0,30,137,445
Hypotrichidium,183,107,75,155,123
Polynucleobacter,116,128,115,128,160
Panicoideae,61,88,148,257,94
root,153,136,154,113,95
root,44,43,241,171,153
root,203,147,161,103,76
root,169,101,141,145,139
root,253,111,175,121,36
Asparagales,94,35,213,176,193
Paratanytarsus_grimmii,242,88,165,107,119
root,154,199,141,142,104
Hypotrichidium,194,128,95,190,145
Metazoa,24,18,47,638,35
Simocephalus,169,146,155,172,141
Metazoa,262,178,107,75,172
Poaceae,0,289,336,42,136
root,274,63,148,145,173
root,237,134,198,139,109
root,192,180,173,156,124
Nais,147,237,161,198,131
root,342,115,147,144,148
Cryptomonas,239,126,160,125,255
Chlamydomonadales,216,74,46,221,371
Viridiplantae,15,117,811,0,0
Neochanna_diversus,0,520,0,27,400
Paraphysomonas_sp,240,134,254,135,226
Spirotrichea,157,248,292,195,160
root,340,125,221,197,172
Synura,87,69,238,92,582
Metazoa,185,107,204,339,233
Cryptomonas,260,211,163,187,248
root,330,190,249,161,151
root,389,53,281,171,202
root,317,153,267,173,196
Betaproteobacteria,221,159,212,160,361
Metazoa,240,69,72,740,34
Arthropoda,320,206,225,304,159
Flavobacterium,302,268,229,266,166
root,127,143,104,235,674
Spirotrichea,228,304,326,249,210
Cyclopidae,0,122,126,88,1004
Spirotrichea,218,223,372,309,220
root,393,247,321,170,259
Synura,146,164,330,167,587
root,360,247,276,333,189
root,395,254,273,220,282
Microcarbo_melanoleucos,259,238,249,471,214
root,543,175,284,236,200
unclassified_Vorticella,238,192,338,262,411
Chlorophyta,315,345,313,257,247
root,0,0,1352,133,0
Chaetogaster_diaphanus,398,301,252,383,243
Spirotrichea,288,311,414,333,275
Glyceria,210,321,227,455,426
Chlorophyta,329,436,385,298,216
Sturnus_vulgaris,319,345,187,207,644
Gambusia_affinis,455,415,427,154,256
Euglenales,453,449,365,312,131
root,489,317,515,298,269
Euglenales,608,404,412,339,130
root,602,315,412,363,273
Dero_digitata,461,384,555,332,349
Cryptomonas,405,471,395,414,452
Cryptomonas,470,313,381,406,586
Araceae,442,434,444,512,363
Chaetogaster_diaphanus,448,287,367,623,520
Betaproteobacteria,635,528,401,306,418
Chlorophyceae,750,412,417,528,278
root,755,374,610,294,404
Poales,346,663,431,205,833
Spirotrichea,481,480,587,624,539
Burkholderiales,625,556,489,505,622
Metazoa,435,566,812,611,873
root,1032,488,654,499,638
root,977,431,791,460,677
Acanthocyclops_robustus,563,737,426,719,1158
root,710,1525,660,315,525
Poeae,700,677,400,927,1055
Anserinae,1099,785,1024,249,701
Spirotrichea,757,498,747,1170,717
root,1467,695,1082,882,974
Araceae,1185,952,380,1374,1471
root,1756,965,795,1613,448
Nais_communis_variabilis_complex_sp_A1,772,1031,1526,1221,1284
Metazoa,1318,422,763,2342,1340
Cyprinus_rubrofuscus,1421,1270,1165,562,1817
Lumbriculus_variegatus,1695,1074,1745,916,831
Nais_communis,1193,1555,1552,1240,821
Anguilla_australis,1319,1500,1677,1152,1092
Metazoa,893,207,868,2296,2908
root,727,2365,0,3129,1041
Cyprinus_rubrofuscus,1486,1471,1143,1910,1547
Mesocyclops_leuckarti,128,1536,327,1447,4387
Dero,1608,1178,3140,2062,3346
Anas_platyrhynchos,2425,1440,2582,2191,2776
root,2404,1351,2394,2945,3329
root,3087,3119,5073,1014,343
root,2966,2173,3477,3300,4817
root,5120,5707,2287,1679,4798
Lumbriculus_variegatus,6697,3163,5715,2836,3281
