﻿tax_assignment,One,Two,Three,Four,Five
Paramecium,0,0,0,4,0
Nitzschia_acidoclinata,0,4,0,0,0
root,0,0,0,0,4
root,0,0,0,4,0
Thiotrichaceae,0,0,0,4,0
Bacteroidetes,0,0,4,0,0
Bdelloidea,0,0,0,4,0
root,0,0,4,0,0
Cryptomycota_incertae_sedis,0,4,0,0,0
root,0,0,0,4,0
Chrysophyceae,0,4,0,0,0
Chordata,0,0,0,0,4
root,0,0,4,0,0
Gammaproteobacteria,4,0,0,0,0
Cryptomonadaceae,0,0,0,0,4
Chordata,0,0,0,4,0
root,4,0,0,0,0
Methylovulum,0,0,0,0,4
root,0,0,0,0,4
root,0,0,0,0,4
root,0,0,0,4,0
Tetrahymena,0,0,0,4,0
Euglenaceae,4,0,0,0,0
Psychoda_sp_BOLD_AAP4716,0,4,0,0,0
Nevskia,4,0,0,0,0
Methylobacterium,0,0,4,0,0
Thiodictyon,4,0,0,0,0
Candidatus_Solibacter,4,0,0,0,0
Chlamydomonas,0,0,0,0,4
Cytophagaceae,0,0,4,0,0
Sphingomonadaceae,0,0,4,0,0
Chlamydomonadaceae,0,4,0,0,0
Thiovulaceae,0,0,4,0,0
Acidobacteriaceae,4,0,0,0,0
root,0,0,0,0,4
Euglenales,4,0,0,0,0
root,0,0,0,0,4
Euglenozoa,0,0,0,4,0
Metazoa,4,0,0,0,0
root,0,4,0,0,0
root,0,0,0,4,0
Metazoa,0,4,0,0,0
root,0,0,0,4,0
root,4,0,0,0,0
Kinetoplastea,0,0,0,0,4
Fungi,0,0,0,0,4
root,0,0,4,0,0
Bacteroidetes,0,0,0,4,0
Chordata,0,4,0,0,0
root,0,0,0,0,4
root,0,0,4,0,0
Metazoa,0,4,0,0,0
root,0,4,0,0,0
root,0,0,0,4,0
Fungi,0,0,4,0,0
Chordata,0,0,4,0,0
Bacteroidetes,0,4,0,0,0
Metazoa,0,0,0,0,4
root,0,0,0,0,4
Bacteroidetes,0,0,0,4,0
root,0,0,0,4,0
Metazoa,0,0,0,4,0
root,0,0,0,4,0
Metazoa,4,0,0,0,0
root,4,0,0,0,0
Metazoa,4,0,0,0,0
root,0,4,0,0,0
Metazoa,0,4,0,0,0
root,0,4,0,0,0
Metazoa,0,4,0,0,0
Metazoa,0,4,0,0,0
root,0,4,0,0,0
Metazoa,0,0,0,0,4
Metazoa,0,0,0,0,4
root,0,0,0,4,0
root,0,0,4,0,0
Chordata,4,0,0,0,0
Chordata,4,0,0,0,0
Chordata,0,0,0,0,4
root,0,0,0,4,0
root,0,0,0,4,0
Gastrotricha,0,0,0,4,0
root,0,0,0,4,0
root,0,0,0,4,0
root,0,0,4,0,0
root,0,0,4,0,0
Metazoa,0,0,4,0,0
root,0,0,4,0,0
root,4,0,0,0,0
root,4,0,0,0,0
root,0,4,0,0,0
root,0,4,0,0,0
Metazoa,0,4,0,0,0
root,0,0,0,0,4
root,0,0,0,0,4
root,0,0,0,0,4
root,0,0,0,4,0
Fungi,0,0,0,4,0
Gastrotricha,0,0,0,4,0
root,0,0,0,4,0
Planctomycetia,0,0,0,4,0
root,0,0,4,0,0
unclassified_Chaenea,4,0,0,0,0
root,4,0,0,0,0
Proteobacteria,4,0,0,0,0
unclassified_stramenopiles,0,4,0,0,0
Proteobacteria,0,0,0,4,0
Proteobacteria,0,0,0,4,0
root,0,0,0,4,0
root,0,0,0,4,0
root,0,0,4,0,0
root,0,0,4,0,0
root,0,0,4,0,0
root,0,0,4,0,0
root,0,0,4,0,0
root,4,0,0,0,0
root,4,0,0,0,0
root,4,0,0,0,0
root,4,0,0,0,0
root,4,0,0,0,0
Clostridia,0,4,0,0,0
Actinomycetia,0,4,0,0,0
Bacteroidetes,0,0,0,0,4
root,0,0,0,0,4
root,0,0,0,0,4
Gammaproteobacteria,0,0,0,0,4
root,0,0,0,0,4
unclassified_Chroomonas,0,4,0,0,0
root,0,0,0,4,0
root,0,0,0,0,4
root,0,5,0,0,0
Telmatobacter,0,0,0,0,5
Cytophagaceae,5,0,0,0,0
root,5,0,0,0,0
Betaproteobacteria,0,0,0,5,0
root,0,0,5,0,0
Arthropoda,0,0,0,0,5
root,0,0,5,0,0
Trachelomonas,5,0,0,0,0
root,0,0,5,0,0
Cryptomycota_incertae_sedis,0,0,0,5,0
root,5,0,0,0,0
root,0,0,0,0,5
root,0,0,0,5,0
Metazoa,5,0,0,0,0
Chordata,0,0,5,0,0
root,5,0,0,0,0
root,0,5,0,0,0
Bacillariophyta,0,5,0,0,0
Endomicrobiaceae,0,0,0,5,0
Metazoa,0,5,0,0,0
root,0,0,0,0,5
root,0,0,0,5,0
Caulobacteraceae,0,5,0,0,0
root,5,0,0,0,0
root,0,0,0,5,0
root,0,5,0,0,0
Chordata,0,0,0,5,0
Metazoa,5,0,0,0,0
root,0,5,0,0,0
root,0,0,0,0,5
root,0,0,5,0,0
Phacaceae,0,0,5,0,0
root,0,0,5,0,0
Eustigmatophyceae,0,0,0,5,0
root,0,5,0,0,0
Passer_domesticus,0,5,0,0,0
Turdus_merula,0,5,0,0,0
Bodo,0,5,0,0,0
Desulfovibrio,0,0,0,5,0
Chlamydomonas,5,0,0,0,0
Cygnus,0,0,0,0,5
Euplotes,0,0,0,5,0
Anaeromyxobacter,5,0,0,0,0
Rhodopseudomonas,5,0,0,0,0
Trachelomonas,0,5,0,0,0
Rhizobiaceae,0,5,0,0,0
root,0,0,0,5,0
root,0,0,0,0,5
root,0,5,0,0,0
root,0,5,0,0,0
Metazoa,5,0,0,0,0
Spirotrichea,0,5,0,0,0
root,0,0,0,5,0
Bacteroidetes,5,0,0,0,0
root,0,0,0,5,0
Bacillariophyta,5,0,0,0,0
Metazoa,0,5,0,0,0
root,5,0,0,0,0
root,0,0,0,0,5
Chordata,0,5,0,0,0
root,0,0,5,0,0
Metazoa,0,0,0,5,0
root,5,0,0,0,0
root,5,0,0,0,0
root,5,0,0,0,0
root,5,0,0,0,0
Ciliophora,0,0,0,5,0
Metazoa,5,0,0,0,0
Metazoa,0,0,0,0,5
Viridiplantae,0,0,0,0,5
root,0,0,0,5,0
root,0,0,0,5,0
root,0,0,0,5,0
Metazoa,0,0,5,0,0
Metazoa,0,0,5,0,0
Metazoa,5,0,0,0,0
Metazoa,5,0,0,0,0
root,5,0,0,0,0
Metazoa,5,0,0,0,0
Metazoa,0,5,0,0,0
Metazoa,0,5,0,0,0
Metazoa,0,5,0,0,0
Metazoa,0,5,0,0,0
Metazoa,0,0,0,0,5
Coleoptera,0,0,5,0,0
root,5,0,0,0,0
root,0,5,0,0,0
root,0,0,0,0,5
Metazoa,0,0,0,0,5
Magnoliopsida,0,0,0,5,0
root,0,0,5,0,0
Euglenales,0,5,0,0,0
root,0,0,0,0,5
Gammaproteobacteria,0,0,0,5,0
root,0,0,5,0,0
root,0,0,0,0,5
Planctomycetia,0,5,0,0,0
Proteobacteria,0,5,0,0,0
root,0,5,0,0,0
root,0,5,0,0,0
Betaproteobacteria,0,5,0,0,0
root,0,0,0,0,5
root,0,0,0,0,5
Dinophyceae,0,5,0,0,0
root,0,0,0,5,0
root,5,0,0,0,0
Trachelomonas,0,0,6,0,0
root,6,0,0,0,0
root,0,0,0,6,0
Lacrymariidae,6,0,0,0,0
root,0,0,6,0,0
root,0,6,0,0,0
root,0,6,0,0,0
root,0,0,0,6,0
Gomphonema,0,6,0,0,0
root,0,6,0,0,0
root,0,0,0,0,6
root,0,0,6,0,0
root,0,6,0,0,0
root,0,6,0,0,0
Planctomycetes,0,0,0,6,0
Acetobacteraceae,6,0,0,0,0
Methanobacterium,0,6,0,0,0
root,0,6,0,0,0
root,0,0,0,6,0
root,0,0,0,0,6
root,0,6,0,0,0
root,0,0,0,6,0
Chlorophyceae,0,0,6,0,0
unclassified_stramenopiles,0,0,0,0,6
root,0,0,0,6,0
Phacus,6,0,0,0,0
Dero,0,0,6,0,0
Sorodiplophrys,0,0,0,6,0
Arcellidae,0,0,0,6,0
Clostridiaceae,0,0,6,0,0
Cytophagaceae,0,0,0,6,0
Phacaceae,0,6,0,0,0
Proteobacteria,0,0,6,0,0
root,0,0,6,0,0
root,0,6,0,0,0
root,0,0,6,0,0
Arcobacter_group,0,0,0,6,0
root,0,0,0,6,0
root,6,0,0,0,0
Chordata,0,0,0,6,0
root,0,0,6,0,0
root,0,0,6,0,0
root,0,6,0,0,0
root,0,0,6,0,0
root,0,0,0,6,0
root,0,0,0,6,0
Metazoa,0,0,6,0,0
Metazoa,0,6,0,0,0
root,0,6,0,0,0
Metazoa,0,6,0,0,0
root,0,6,0,0,0
root,0,6,0,0,0
Metazoa,0,6,0,0,0
Metazoa,0,0,0,0,6
Metazoa,0,0,0,6,0
root,6,0,0,0,0
Chordata,6,0,0,0,0
Chordata,6,0,0,0,0
Chordata,0,6,0,0,0
root,0,0,0,0,6
root,0,6,0,0,0
Oomycota,0,0,0,6,0
Spumella_like_flagellate_JB,6,0,0,0,0
root,6,0,0,0,0
Metazoa,6,0,0,0,0
Spirotrichea,6,0,0,0,0
Bacteroidetes,0,0,0,6,0
Eubacteriales,0,0,0,6,0
root,0,0,0,6,0
Bacteroidetes,0,0,6,0,0
root,0,0,6,0,0
Eubacteriales,0,0,6,0,0
root,6,0,0,0,0
Gammaproteobacteria,0,6,0,0,0
root,0,6,0,0,0
root,0,0,0,0,6
Viridiplantae,0,0,0,0,6
Ploima,6,0,0,0,0
Anas_platyrhynchos,0,0,7,0,0
Bacteroidetes,0,0,0,0,7
Metazoa,0,7,0,0,0
Caulobacteraceae,0,0,7,0,0
Actinobacteria,0,0,0,7,0
Ploima,0,7,0,0,0
Firmicutes,7,0,0,0,0
root,0,7,0,0,0
root,0,0,7,0,0
root,0,0,0,0,7
Chordata,0,7,0,0,0
root,0,0,0,7,0
Firmicutes,0,0,0,7,0
root,0,7,0,0,0
Viridiplantae,7,0,0,0,0
root,0,0,7,0,0
root,7,0,0,0,0
Insecta,0,0,0,7,0
Eurotatoria,0,0,7,0,0
root,0,0,7,0,0
root,0,0,0,7,0
root,0,0,0,7,0
Desulfobulbaceae,0,0,0,0,7
Desulfovibrionaceae,0,0,0,7,0
Bacteroidetes,0,7,0,0,0
root,0,0,0,7,0
root,0,7,0,0,0
root,0,0,7,0,0
Nitzschia,0,0,0,7,0
Rhizomicrobium,0,7,0,0,0
Bodo,0,7,0,0,0
Devosia,0,0,0,0,7
Crocinitomicaceae,0,7,0,0,0
Chlamydomonadaceae,0,7,0,0,0
Xanthomonadaceae,0,0,0,7,0
Rhodobacteraceae,0,0,0,0,7
Chaetonotidae,0,7,0,0,0
root,0,7,0,0,0
root,0,0,7,0,0
root,0,0,7,0,0
root,0,7,0,0,0
Bacteroidetes,0,0,0,7,0
root,7,0,0,0,0
root,0,7,0,0,0
Chordata,0,7,0,0,0
Metazoa,7,0,0,0,0
Chordata,0,0,7,0,0
Thalassiosirales,7,0,0,0,0
Metazoa,0,7,0,0,0
root,7,0,0,0,0
Metazoa,7,0,0,0,0
Metazoa,7,0,0,0,0
Metazoa,0,7,0,0,0
Metazoa,0,0,0,7,0
Chordata,7,0,0,0,0
Chordata,7,0,0,0,0
Metazoa,7,0,0,0,0
root,0,0,0,7,0
root,0,0,0,7,0
root,0,7,0,0,0
root,0,7,0,0,0
root,0,0,0,0,7
root,7,0,0,0,0
Bacteroidetes,0,0,0,0,7
Chrysophyceae,7,0,0,0,0
Metazoa,0,0,8,0,0
Coleps,0,0,0,0,8
Rhizorhabdus,0,0,0,8,0
root,0,0,0,0,8
Chaetonotidae,8,0,0,0,0
Bacteroidetes,0,4,0,4,0
root,0,0,4,4,0
Euglenales,4,0,0,4,0
Chordata,0,0,0,8,0
root,0,8,0,0,0
root,0,0,8,0,0
Acetobacteraceae,8,0,0,0,0
Phacaceae,0,0,0,8,0
root,0,0,0,8,0
root,0,8,0,0,0
root,0,0,8,0,0
root,0,4,0,4,0
Phacus,0,0,0,8,0
Cygnus,0,4,0,4,0
Noviherbaspirillum,0,0,8,0,0
Aquihabitans,8,0,0,0,0
Phacaceae,0,8,0,0,0
Chlamydomonadaceae,0,0,0,8,0
Chlamydomonadaceae,0,8,0,0,0
Metazoa,0,0,0,0,8
root,0,0,0,0,8
root,0,0,0,8,0
Eurotatoria,0,8,0,0,0
Viridiplantae,0,0,8,0,0
root,8,0,0,0,0
root,0,4,0,0,4
Metazoa,0,0,0,8,0
root,0,8,0,0,0
Metazoa,0,8,0,0,0
Metazoa,0,8,0,0,0
root,8,0,0,0,0
Clostridia,0,0,0,8,0
Neobodonida,0,0,0,8,0
Metazoa,0,8,0,0,0
Metazoa,0,0,8,0,0
Metazoa,0,0,8,0,0
Metazoa,8,0,0,0,0
Anseriformes,8,0,0,0,0
Metazoa,0,8,0,0,0
Metazoa,0,8,0,0,0
root,0,0,0,0,8
Metazoa,0,0,0,0,8
Chordata,0,0,8,0,0
Chordata,0,0,8,0,0
root,8,0,0,0,0
Metazoa,0,0,0,0,8
Amphifilida,0,0,8,0,0
Neobodonida,0,8,0,0,0
root,0,8,0,0,0
Kinetoplastea,0,0,8,0,0
Chlorophyceae,8,0,0,0,0
Gambusia_affinis,9,0,0,0,0
root,0,0,0,9,0
Trachelomonas,0,0,0,9,0
Metazoa,0,0,0,0,9
Acetobacteraceae,0,0,0,9,0
root,0,5,0,4,0
Azolla_pinnata_subsp_pinnata,0,9,0,0,0
Gastrotricha,0,0,9,0,0
root,0,0,5,4,0
root,0,0,9,0,0
Chlorophyta,0,0,9,0,0
Spirochaetaceae,9,0,0,0,0
Trachelomonas,0,0,0,9,0
Philodinida,0,0,0,9,0
root,0,0,4,5,0
root,0,4,5,0,0
Clostridium,0,4,5,0,0
Gammaproteobacteria,9,0,0,0,0
Rubioideae,0,9,0,0,0
root,0,0,9,0,0
root,0,5,0,4,0
root,0,9,0,0,0
root,0,5,4,0,0
Chordata,0,0,0,0,9
Oedogonium_sp_Lake_Mendota,0,9,0,0,0
Phacus,0,0,0,0,9
Phacus,0,0,0,0,9
Crocinitomicaceae,0,9,0,0,0
Azospirillaceae,9,0,0,0,0
Desulfovibrionaceae,9,0,0,0,0
Phacaceae,9,0,0,0,0
root,0,0,9,0,0
Proteobacteria,0,0,0,9,0
Fungi,0,9,0,0,0
Dinophyceae,0,0,9,0,0
root,0,0,9,0,0
root,9,0,0,0,0
root,0,9,0,0,0
Metazoa,0,0,9,0,0
Metazoa,0,9,0,0,0
Bacteroidetes,0,9,0,0,0
Planctomycetes,0,5,4,0,0
root,0,0,0,0,9
Metazoa,0,0,0,9,0
Metazoa,9,0,0,0,0
Metazoa,0,9,0,0,0
root,0,9,0,0,0
root,0,0,9,0,0
Chlorophyceae,0,0,9,0,0
Oomycota,0,9,0,0,0
root,9,0,0,0,0
root,0,9,0,0,0
Firmicutes,0,9,0,0,0
Culex,5,0,0,0,5
Gambusia_affinis,0,4,0,6,0
Metazoa,4,0,6,0,0
Colepidae,0,0,0,0,10
Spirochaetales,0,6,0,0,4
Metazoa,0,5,0,0,5
root,0,5,0,5,0
root,0,5,0,5,0
root,0,0,10,0,0
Rumex,0,0,0,0,10
root,0,10,0,0,0
root,10,0,0,0,0
root,0,5,0,5,0
Chlamydomonadaceae,0,0,0,10,0
root,5,0,0,5,0
Magnetospirillum,0,10,0,0,0
root,0,0,10,0,0
root,10,0,0,0,0
root,10,0,0,0,0
root,0,0,0,10,0
Chordata,0,0,0,0,10
Metazoa,10,0,0,0,0
Chordata,0,0,0,10,0
Chordata,0,10,0,0,0
Actinomycetia,0,0,10,0,0
Eubacteriales,10,0,0,0,0
root,0,10,0,0,0
Bacteroidetes,0,0,0,0,10
root,0,0,0,0,10
Anguilla_australis,0,11,0,0,0
Physella_acuta,0,6,5,0,0
Rhodocyclales,0,0,11,0,0
Bicosoeca,6,0,0,5,0
root,0,11,0,0,0
Chlorophyta,11,0,0,0,0
root,0,0,0,5,6
Sporomusaceae,11,0,0,0,0
Clostridium,6,0,0,5,0
Chordata,0,6,0,0,5
Oedogonium_cardiacum,0,11,0,0,0
Tetrahymena,0,0,0,7,4
Lepocinclis,11,0,0,0,0
Crocinitomicaceae,0,0,0,11,0
Phacaceae,0,0,11,0,0
root,0,11,0,0,0
root,0,0,11,0,0
root,0,0,0,0,11
root,0,11,0,0,0
Ciliophora,7,0,4,0,0
root,0,0,6,5,0
root,0,0,0,11,0
Metazoa,11,0,0,0,0
root,0,0,4,7,0
Bacillariophyta,11,0,0,0,0
root,11,0,0,0,0
Firmicutes,0,0,0,11,0
Metazoa,0,0,0,12,0
Physella_acuta,0,0,0,12,0
Metazoa,6,0,0,6,0
Pelobacter,0,0,12,0,0
root,4,4,0,4,0
root,0,12,0,0,0
root,4,8,0,0,0
Metazoa,0,0,4,8,0
Chordata,0,12,0,0,0
Chordata,0,12,0,0,0
Chilodonella,0,12,0,0,0
Pandorina,0,0,0,0,12
Anaeromyxobacter,0,0,0,12,0
Cryptomonadaceae,12,0,0,0,0
Rikenellaceae,0,0,0,0,12
Legionellaceae,12,0,0,0,0
Eukaryota,4,8,0,0,0
Fagales,12,0,0,0,0
Bacteroidetes,0,0,0,12,0
root,12,0,0,0,0
root,0,12,0,0,0
Metazoa,12,0,0,0,0
root,0,0,0,12,0
root,0,0,0,12,0
Metazoa,0,12,0,0,0
Metazoa,12,0,0,0,0
root,0,0,0,0,12
root,0,0,0,12,0
Chordata,12,0,0,0,0
root,0,0,0,0,12
Chlorophyceae,0,12,0,0,0
root,12,0,0,0,0
Firmicutes,0,0,0,0,12
Gammaproteobacteria,0,0,0,0,12
Cyperoideae,13,0,0,0,0
Clostridiaceae,0,0,0,0,13
Urostomides,0,0,13,0,0
root,0,0,8,0,5
Chamaedrilus,0,0,13,0,0
Chlorococcaceae,13,0,0,0,0
root,0,5,0,4,4
root,0,13,0,0,0
root,0,7,6,0,0
Porphyrio_melanotus,0,9,0,0,4
root,0,4,9,0,0
Meleagris_gallopavo,0,13,0,0,0
Prunus,0,13,0,0,0
Cryptomonas,0,0,0,13,0
root,0,13,0,0,0
Metazoa,13,0,0,0,0
Metazoa,0,0,0,13,0
Phyllopharyngea,0,13,0,0,0
Metazoa,0,0,0,13,0
Bacteroidetes,0,0,0,0,13
root,0,13,0,0,0
root,0,6,8,0,0
Chaetonotidae,0,14,0,0,0
Spirochaetaceae,0,0,14,0,0
Embryophyta,0,0,14,0,0
Chaetonotidae,0,14,0,0,0
Metazoa,4,5,5,0,0
Firmicutes,0,8,6,0,0
Polaromonas,0,0,8,0,6
Gammaproteobacteria,0,5,0,0,9
root,0,5,5,0,4
Chordata,0,0,14,0,0
Tubificinae,0,0,0,14,0
Phacus,0,14,0,0,0
Cryptomonas,0,0,0,14,0
Kinetoplastea,0,0,9,0,5
Actinomycetia,9,5,0,0,0
Magnoliopsida,0,0,0,14,0
Proteobacteria,8,6,0,0,0
Chordata,0,0,0,14,0
root,14,0,0,0,0
root,0,14,0,0,0
Chlorophyceae,0,0,0,0,14
root,9,0,0,6,0
Alphaproteobacteria,0,15,0,0,0
Cygnus_atratus,10,0,5,0,0
root,0,0,7,8,0
Bacillariophyceae,0,15,0,0,0
root,0,6,0,4,5
root,0,9,6,0,0
Carex,0,0,15,0,0
root,4,0,4,7,0
Cryptomonadaceae,0,0,15,0,0
Vitreochlamys,15,0,0,0,0
Pirellulaceae,11,0,0,4,0
root,7,0,8,0,0
Burkholderiales,0,0,0,0,15
Firmicutes,0,0,6,0,9
Alsineae,0,15,0,0,0
Chordata,15,0,0,0,0
Chordata,15,0,0,0,0
Chordata,15,0,0,0,0
Chlorophyta,0,15,0,0,0
root,0,0,0,15,0
Thiothrix,6,0,10,0,0
Simocephalus,0,5,11,0,0
Ulvophyceae,0,16,0,0,0
Metopidae,0,10,0,6,0
root,6,0,10,0,0
root,6,10,0,0,0
Chlamydomonadaceae,12,0,0,0,4
root,0,4,7,0,5
Phacus,0,0,16,0,0
Metazoa,5,0,11,0,0
Sphingomonas,0,0,8,0,8
Cyclopidae,6,0,0,0,10
Metazoa,0,9,0,7,0
root,0,16,0,0,0
Chordata,16,0,0,0,0
Fungi,8,0,0,8,0
Rotaria_rotatoria,0,0,0,17,0
Coleps,0,17,0,0,0
Ciliophora,17,0,0,0,0
root,0,5,6,0,6
Candidatus_Solibacter,0,7,0,0,10
Gammaproteobacteria,0,11,6,0,0
Metazoa,0,0,17,0,0
Anas_rhynchotis,0,0,17,0,0
Chlamydomonas,0,0,0,0,17
Oscillospiraceae,0,0,0,17,0
root,11,0,6,0,0
Chordata,17,0,0,0,0
unclassified_Chlamydomonas,17,0,0,0,0
Metazoa,0,7,0,10,0
Metazoa,17,0,0,0,0
Proteobacteria,0,0,17,0,0
Bradyrhizobiaceae,0,0,18,0,0
Proteobacteria,0,11,7,0,0
root,0,13,5,0,0
root,18,0,0,0,0
root,0,5,0,0,13
Eukaryota,18,0,0,0,0
Cytophagaceae,9,5,4,0,0
Methanomicrobiales,0,18,0,0,0
Lumbricus_rubellus,0,0,0,18,0
Chilodonellidae,0,18,0,0,0
Chitinophagaceae,0,8,10,0,0
Chordata,0,0,0,0,19
root,4,11,4,0,0
Malikia,0,19,0,0,0
Phacus,0,0,0,0,19
root,0,0,6,7,6
Bacteroidetes,0,10,4,5,0
Metazoa,19,0,0,0,0
root,4,4,11,0,0
Chlamydomonadales,0,0,0,0,19
Chaetonotidae,0,0,0,20,0
root,4,5,11,0,0
root,0,10,4,6,0
Chaetonotidae,10,10,0,0,0
Persicaria,0,0,20,0,0
Bacillariophyceae,0,14,0,6,0
Chlorophyta,0,0,0,0,20
root,7,8,0,5,0
Bacteroidetes,0,0,0,0,20
Chordata,0,0,20,0,0
root,0,20,0,0,0
Eubacteriales,7,0,5,8,0
Euplotes,7,0,14,0,0
Spirochaetaceae,13,8,0,0,0
root,0,21,0,0,0
Juncus,0,0,0,21,0
Passeriformes,0,0,0,21,0
Metazoa,0,0,0,21,0
root,0,4,9,8,0
Metazoa,0,0,21,0,0
Lepocinclis,0,0,0,10,11
unclassified_Chlorophyceae,0,12,9,0,0
Chlorophyceae,0,21,0,0,0
root,0,0,0,0,21
Firmicutes,0,9,0,0,12
Chordata,0,21,0,0,0
root,0,0,21,0,0
Spirochaetaceae,0,0,22,0,0
Bacillariophyta,8,6,8,0,0
Microglena_monadina,22,0,0,0,0
Acetobacteraceae,0,10,0,0,12
Chrysophyceae,10,0,12,0,0
root,10,0,0,4,9
root,0,23,0,0,0
root,9,0,14,0,0
Metazoa,18,0,5,0,0
Spirotrichea,23,0,0,0,0
Chordata,11,0,6,6,0
Acidobacteria,0,0,0,23,0
Metazoa,0,23,0,0,0
root,0,23,0,0,0
Metazoa,23,0,0,0,0
Fungi,0,12,11,0,0
Proteobacteria,0,10,0,5,8
Chaetonotus,0,0,18,0,6
root,9,9,6,0,0
root,6,13,0,0,5
Bacteroidetes,5,6,9,0,4
root,6,0,11,7,0
root,4,11,0,9,0
Mycobacteriaceae,0,9,8,0,7
Flavobacterium,0,0,0,0,24
root,24,0,0,0,0
Chordata,0,0,24,0,0
root,0,0,5,0,19
Bacteroidetes,0,0,0,24,0
root,0,25,0,0,0
root,0,0,0,0,25
Chitinophagaceae,0,11,9,5,0
root,0,4,10,11,0
Treponemataceae,9,0,0,12,4
root,8,12,5,0,0
root,13,0,0,12,0
Metazoa,0,0,25,0,0
Myriophyllum,0,26,0,0,0
Euplotes,10,0,10,0,6
Bicosoeca,9,0,0,7,10
root,16,10,0,0,0
root,8,18,0,0,0
Ludwigia,0,26,0,0,0
root,0,10,7,9,0
Sorodiplophrys,13,4,9,0,0
Pooideae,0,0,0,26,0
Mammalia,0,26,0,0,0
root,9,0,8,9,0
Metazoa,7,0,0,5,15
root,0,27,0,0,0
Chilodonella,0,27,0,0,0
unclassified_Chrysophyceae,0,7,9,6,5
Bacillariophyceae,11,8,8,0,0
root,9,0,12,6,0
Erodium_moschatum,0,0,0,27,0
Proteobacteria,9,0,6,12,0
root,14,0,13,0,0
Chordata,27,0,0,0,0
Metazoa,0,27,0,0,0
Metazoa,5,0,14,0,8
root,0,0,0,27,0
Proteobacteria,12,0,9,7,0
root,0,14,6,0,8
Chlorophyceae,0,0,9,0,19
Bodo,18,0,6,4,0
Ploima,28,0,0,0,0
Chlorophyceae,0,0,0,0,28
Solanaceae,0,0,0,29,0
root,11,8,0,10,0
Chaetonotus,0,29,0,0,0
Betaproteobacteria,0,29,0,0,0
root,5,0,9,8,7
root,0,0,0,29,0
root,0,29,0,0,0
Rubiaceae,0,0,0,30,0
root,0,0,30,0,0
root,0,9,0,8,13
root,0,30,0,0,0
Carassius_auratus,0,0,0,30,0
Pooideae,30,0,0,0,0
root,0,0,30,0,0
root,0,30,0,0,0
root,0,17,0,14,0
Solibacteraceae,0,9,12,0,10
root,0,20,0,11,0
root,5,15,0,5,6
Asteraceae,0,0,31,0,0
Ciliophora,0,0,18,0,13
Phacus,5,12,0,14,0
Gammaproteobacteria,31,0,0,0,0
root,0,0,31,0,0
Chlorophyceae,0,15,16,0,0
Metazoa,0,0,0,0,31
Chaetonotidae,0,19,0,13,0
Chaetonotidae,0,23,0,9,0
root,9,0,23,0,0
Chordata,0,0,0,0,32
root,5,8,7,4,8
root,32,0,0,0,0
root,0,23,0,0,9
Chlamydodontida,32,0,0,0,0
root,0,0,0,32,0
Metazoa,32,0,0,0,0
root,0,5,16,12,0
Firmicutes,19,7,7,0,0
Ciliophora,0,0,13,0,20
root,6,16,5,6,0
Metazoa,0,33,0,0,0
Solanoideae,0,33,0,0,0
unclassified_Chloromonas,24,0,0,9,0
root,0,6,8,12,7
Fallopia,0,0,0,0,33
Cryptomonadaceae,33,0,0,0,0
Oleaceae,0,0,0,33,0
root,33,0,0,0,0
root,33,0,0,0,0
root,8,0,17,9,0
root,4,6,6,11,7
Denitratisoma,0,0,8,16,10
Metazoa,0,12,12,10,0
Lumbricus_castaneus,0,34,0,0,0
Coprosma,0,0,34,0,0
Chlamydomonadales,0,0,0,34,0
Chordata,0,34,0,0,0
Chaetonotidae,23,0,0,12,0
Chaetonotidae,0,35,0,0,0
Gomphonema,9,9,8,9,0
Prolixibacteraceae,0,0,7,28,0
root,0,10,25,0,0
root,0,0,15,15,5
root,0,0,0,0,35
Aves,0,0,0,0,35
Chordata,0,0,0,35,0
root,35,0,0,0,0
Burkholderiales,36,0,0,0,0
Galium,0,0,0,36,0
Hymenostomatida,0,0,36,0,0
Limnodrilus_hoffmeisteri,0,0,0,36,0
Chilodonellidae,18,18,0,0,0
Chordata,0,36,0,0,0
root,14,5,11,7,0
Viridiplantae,0,0,0,25,12
Poeae,0,0,37,0,0
root,10,14,14,0,0
Chlamydomonadales,13,0,10,0,15
Euglenaceae,18,11,0,9,0
Vitreochlamys,11,0,19,0,8
root,13,18,7,0,0
Euglenales,0,28,0,0,10
Cryptomonas,0,12,10,7,9
Juncus,0,38,0,0,0
root,0,11,9,18,0
root,0,0,0,38,0
Metazoa,39,0,0,0,0
root,39,0,0,0,0
root,0,0,0,39,0
Scotinosphaeraceae,25,0,0,15,0
Rhodobacteraceae,9,10,9,12,0
root,15,25,0,0,0
root,16,8,0,7,9
Metazoa,40,0,0,0,0
root,0,0,40,0,0
root,9,0,0,31,0
Coleps,0,0,41,0,0
Sulfuricurvum,14,5,5,13,4
root,0,26,11,0,4
Hymenostomatida,0,0,41,0,0
root,0,41,0,0,0
Metazoa,0,41,0,0,0
Nitzschia_palea,17,9,15,0,0
Cryptomonadaceae,8,0,22,0,11
Fabaceae,0,0,35,0,6
Gammaproteobacteria,0,30,12,0,0
root,15,7,5,15,0
root,19,5,11,0,7
root,0,31,0,11,0
root,0,0,21,14,7
Chordata,42,0,0,0,0
Chlamydomonadales,0,0,16,0,27
Chlamydomonadales,0,11,0,0,32
Salvia_prionitis,0,43,0,0,0
Chordata,24,10,10,0,0
Eurotatoria,0,44,0,0,0
Phaeophyceae,8,4,14,18,0
Treponemataceae,0,14,20,4,6
Chlorophyta,25,0,0,19,0
Chlorophyceae,11,9,0,6,18
root,0,19,0,6,19
root,0,19,0,25,0
root,6,12,0,10,17
root,0,45,0,0,0
root,0,28,17,0,0
root,16,0,12,9,8
root,0,6,6,14,19
Metazoa,7,4,16,15,4
Metopus,0,20,0,16,10
Chaetonotus,25,11,0,0,10
Phacus,12,16,0,18,0
Cryptomonas,46,0,0,0,0
Chlamydomonadaceae,13,7,26,0,0
Musaceae,0,47,0,0,0
Cryptomonadaceae,21,0,5,14,7
root,42,0,5,0,0
Chordata,47,0,0,0,0
Bacteroidetes,0,32,16,0,0
root,0,18,16,6,9
root,0,49,0,0,0
Araceae,0,0,0,50,0
Chlorophyta,0,9,0,19,22
root,11,10,10,10,10
root,0,12,0,39,0
root,8,14,6,9,14
Chlorophyceae,0,10,0,0,41
Spirotrichea,0,0,26,7,18
Bidens_pilosa,0,0,0,52,0
Coprosma,0,0,0,0,52
root,0,0,0,0,52
Spirotrichea,0,0,39,0,14
Metazoa,0,0,35,0,18
root,53,0,0,0,0
Flavobacterium,0,0,0,26,28
root,0,0,0,54,0
root,0,0,0,0,54
root,0,12,13,30,0
root,0,20,0,26,9
Phasianus_colchicus,0,0,55,0,0
Prolixibacteraceae,23,0,0,0,33
Ludwigia,0,0,56,0,0
Metopus,0,11,0,45,0
root,9,14,14,4,15
root,7,21,0,9,19
Chordata,56,0,0,0,0
Metazoa,0,51,0,0,5
root,0,0,0,0,56
Chordata,57,0,0,0,0
Bacteroidetes,22,35,0,0,0
root,10,11,21,10,6
root,0,0,58,0,0
Mesocyclops,58,0,0,0,0
Sturnus_vulgaris,0,0,59,0,0
root,6,20,20,8,5
Chordata,0,59,0,0,0
root,9,11,21,10,9
Chlorophyceae,17,14,14,16,0
Metazoa,53,0,0,0,8
Flavobacterium,35,27,0,0,0
Chaetonotus,0,26,36,0,0
Cucumis,0,0,21,41,0
Chaetonotidae,0,62,0,0,0
unclassified_Chlamydomonas,0,0,44,19,0
Thiodictyon,23,13,7,13,7
Persicaria,0,0,27,31,5
root,0,0,0,0,63
Magnoliopsida,0,0,0,0,64
Metazoa,31,0,9,0,24
Betaproteobacteria,27,0,10,10,17
root,18,9,19,18,0
unclassified_Chlamydomonas,39,0,0,0,25
root,0,10,24,31,0
Cucurbitaceae,0,65,0,0,0
root,0,0,28,19,19
root,7,24,16,10,10
root,8,27,13,19,0
root,0,0,0,67,0
root,6,21,20,16,5
Gonium,0,40,0,0,28
Chitinophagaceae,7,21,14,5,21
Rubiaceae,0,68,0,0,0
root,11,18,22,12,6
root,18,17,8,14,13
Lemna_minor,0,0,52,0,18
Spumella_like_flagellate_JB,7,29,13,9,12
Bacillariophyta,10,19,19,14,8
root,7,17,14,28,4
Chlamydomonadales,27,25,19,0,0
Chaetonotus,17,7,16,26,6
Chaetonotus,0,0,37,11,24
Spathidiidae,0,22,50,0,0
Gammaproteobacteria,0,20,19,0,33
root,11,10,21,30,0
root,18,15,8,22,10
Chordata,22,36,0,0,15
Chlorophyceae,35,0,12,11,15
Actinomycetia,9,29,0,22,13
Ciliophora,27,0,28,18,0
root,14,16,13,16,15
Chordata,24,24,0,19,7
Flavobacterium,30,19,26,0,0
Luna_1_subcluster,0,25,50,0,0
Metazoa,0,24,47,0,5
root,6,21,34,11,4
Cyprinidae,0,0,0,76,0
Chordata,54,0,0,0,23
Hydrogenophaga,12,42,0,23,0
root,22,0,19,21,16
Ruminiclostridium,43,0,35,0,0
Chrysophyceae,0,27,35,0,16
Rhodospirillales,22,0,26,15,16
Spathidiidae,0,30,50,0,0
Scotinosphaera,0,56,24,0,0
Chlorophyceae,0,43,0,20,17
Prevotella,17,15,15,12,21
Metazoa,0,0,0,80,0
Spumella_like_flagellate_JB,0,22,25,24,10
root,13,13,19,24,12
Pyrenomonadaceae,69,0,0,13,0
Gonium,0,83,0,0,0
Spirochaeta,0,24,15,27,17
root,14,23,26,12,9
root,20,0,44,0,21
Euglenales,15,23,21,22,4
Holophagaceae,13,0,0,18,55
root,9,22,27,18,11
Carchesium,87,0,0,0,0
Cucurbitaceae,0,0,88,0,0
Dero_digitata,7,24,8,29,22
root,46,0,44,0,0
root,13,31,21,14,12
root,19,25,26,13,12
root,0,60,0,0,35
root,13,18,24,22,19
root,13,20,27,22,14
Macromonas,0,0,29,46,22
Paralcaligenes,0,32,21,37,9
Gammaproteobacteria,0,35,45,20,0
root,14,30,25,18,14
root,17,35,37,12,0
Haptorida,0,0,0,0,101
Anatidae,103,0,0,0,0
Chlamydomonadales,0,63,0,29,13
Cryptomonadaceae,22,15,8,20,41
Asparagales,27,12,0,44,25
root,9,0,7,85,7
Scotinosphaeraceae,21,0,21,29,37
Chordata,0,0,0,108,0
Ludwigia,0,0,90,19,0
Haptorida,0,0,0,0,110
root,0,38,32,29,12
Vorticella,90,11,0,0,10
root,13,45,20,19,14
root,16,25,32,27,13
Chlorophyceae,0,16,57,0,40
Flavobacterium,15,24,39,35,0
root,23,22,32,20,16
Lepocinclis,26,21,23,29,14
Chlorophyta,0,21,42,0,51
Anguilla_australis,37,15,21,4,39
Chordata,85,0,4,19,9
Gammaproteobacteria,40,0,31,27,19
Chlamydiae,0,36,40,17,24
Onagraceae,0,0,0,0,118
Chlorophyceae,0,24,40,0,54
root,0,65,36,18,0
root,14,37,32,23,14
Gammaproteobacteria,0,55,40,27,0
Chlorophyceae,0,36,11,58,18
Metazoa,25,58,13,8,20
Pinnularia,28,67,8,13,8
Rhodospirillales,0,67,32,25,0
Neochanna_diversus,0,124,0,0,0
Chaetonotus,18,56,25,19,7
Eukaryota,0,9,0,64,52
Metazoa,0,125,0,0,0
Chordata,125,0,0,0,0
Nais_communis,25,27,39,10,25
Rotaria_rotatoria,0,84,16,21,5
root,16,35,36,27,12
Cryptomonas,15,30,25,29,27
Synura,21,33,15,35,23
Metazoa,0,101,0,10,16
Chlamydomonadales,0,60,0,31,36
Gonium,41,19,35,32,0
root,37,17,28,31,14
Spirotrichea,0,41,20,67,0
Chitinophagaceae,49,24,13,13,30
Bacteroidetes,31,37,14,0,48
Pandorina,30,58,8,0,35
Moraxellaceae,30,27,26,23,25
root,0,47,86,0,0
root,8,12,29,43,41
Chordata,98,19,16,0,0
Desulfuromonadaceae,63,13,0,0,57
root,20,35,19,35,26
Ideonella,0,70,18,14,34
Chitinophagaceae,10,13,15,38,61
Chlamydomonadales,23,0,23,68,24
Metazoa,0,0,0,140,0
root,0,0,140,0,0
root,19,26,41,26,30
Sulfuricurvum,16,31,24,35,39
root,34,27,32,32,20
Metazoa,145,0,0,0,0
root,0,0,0,0,146
Rhodoblastus,14,43,34,32,24
root,55,24,38,20,10
root,89,20,12,10,17
root,12,41,27,45,23
Reichenbachiellaceae,33,40,24,27,26
Gammaproteobacteria,23,39,0,31,59
Viridiplantae,0,100,11,29,13
Comamonadaceae,48,0,0,0,107
root,35,41,36,18,25
root,0,13,67,75,0
root,18,38,12,33,54
Ciliophora,29,31,32,49,15
root,0,115,17,20,13
Alphaproteobacteria,41,23,42,25,35
Cochliopodium,23,56,47,33,8
Roseiarcus,49,28,48,14,29
Eukaryota,5,11,0,63,89
Metazoa,4,154,0,10,0
Persicaria,18,38,34,51,29
root,33,40,35,35,27
root,31,22,39,43,36
Poales,41,0,93,37,0
root,35,39,48,39,16
Gambusia_affinis,177,0,0,0,0
root,22,45,56,23,33
root,16,48,64,29,23
Burkholderiales_genera_incertae_sedis,41,34,49,38,19
root,0,0,128,0,55
Metazoa,32,44,27,63,19
Chordata,143,17,0,0,26
Cryptomonas,55,25,30,28,49
Iris,0,22,143,23,0
Hexanauplia,60,24,35,55,19
Chlorophyceae,0,74,53,28,38
Proteobacteria,41,40,37,53,24
Polygonoideae,31,0,116,44,5
Chlamydomonas_sp_KSA1,0,112,53,0,35
Metazoa,28,44,23,73,33
Synura,76,33,34,37,23
Micrococcales,18,55,64,35,33
Dechloromonas,45,38,39,43,42
Spirotrichea,38,19,34,71,50
Chrysophyceae,42,40,62,38,31
Anas_chlorotis_or_gracilis,44,40,60,47,24
Lumbriculus_variegatus,22,33,118,37,10
Chromatiaceae,46,60,35,45,41
Pooideae,12,8,75,74,59
root,32,65,79,30,24
Xanthophyceae,58,42,43,48,44
root,47,71,78,32,9
root,0,0,239,0,0
Ciliophora,13,47,71,62,48
root,29,62,57,42,52
Geothrix,44,37,73,46,43
Betaproteobacteria,29,83,32,68,32
Metazoa,38,31,99,0,80
root,0,252,0,0,0
Fungi,27,62,55,72,38
Viridiplantae,34,140,34,0,54
root,0,101,89,72,0
root,0,42,30,192,0
Luna_1_subcluster,29,47,94,65,30
Paludibacter,50,64,58,46,58
Asparagaceae,0,85,142,16,37
Bacteroidetes,29,29,90,44,110
root,41,274,0,0,0
Metazoa,159,98,13,24,25
root,46,84,90,69,33
Tribonematales,135,30,46,51,64
Colepidae,60,62,74,79,53
Panicoideae,13,128,53,42,94
Metazoa,0,175,107,52,0
Arthropoda,94,67,53,65,56
root,73,85,78,57,48
Chlamydomonadales,8,117,62,0,156
root,75,58,88,65,59
root,49,105,71,64,57
Nitzschia,95,113,64,36,41
Colepidae,64,49,70,98,73
Chlorophyta,180,49,24,22,79
Araceae,0,104,78,155,25
Eukaryota,30,34,81,92,132
Metazoa,49,321,0,0,0
Desulfuromonadales,93,72,83,53,88
Nitzschia,89,92,83,83,43
root,94,68,74,72,86
root,57,89,117,83,54
Metazoa,140,8,7,0,252
root,0,0,0,0,409
Rotaria_rotatoria,48,176,104,54,30
Chlamydomonadales,72,111,138,0,104
Daphnia_pulex,19,38,52,310,9
unclassified_Cyclops,113,22,108,127,58
root,63,107,146,84,38
Chlorophyceae,265,35,0,41,101
root,83,125,114,78,44
Gambusia_affinis,0,70,93,194,88
Methylophilaceae,74,123,92,90,70
Proteobacteria,90,89,102,114,67
Lamiaceae,0,383,63,38,0
Poaceae,0,255,96,120,23
Eukaryota,75,45,110,138,127
root,80,128,131,89,74
root,69,119,174,90,59
Gambusia_affinis,62,157,0,0,302
Polygonoideae,0,73,256,165,36
Polygoneae,0,136,275,126,0
Arthropoda,116,103,170,80,77
Cryptomonas,121,81,77,115,153
Vorticella,362,73,50,33,33
root,403,26,69,39,40
Porphyrio_melanotus,160,0,118,155,184
Malpighiales,43,208,63,224,86
Betaproteobacteria,159,119,153,97,109
Chlorophyceae,123,131,133,148,120
root,84,204,218,100,57
Nitzschia,169,177,119,128,71
Betaproteobacteria,116,119,132,129,182
Paspalum,0,275,214,197,0
Comamonadaceae,119,125,192,159,118
Betaproteobacteria,134,195,141,167,100
root,23,346,170,156,69
root,64,203,188,148,179
Chlorophyceae,311,214,84,27,147
Cyprinus_rubrofuscus,165,170,159,171,121
Cyprinus_rubrofuscus,157,314,38,12,267
Cryptomonas,200,114,99,124,256
Podocarpus,0,503,59,170,62
root,457,0,231,86,32
root,143,248,166,158,111
Metazoa,161,199,237,130,117
Hexanauplia,244,178,158,112,175
Chlorobiaceae,246,151,116,165,191
Polynucleobacter,173,222,187,196,118
Gammaproteobacteria,163,246,178,156,154
Carchesium,226,143,226,160,174
root,124,214,286,179,145
Anas_platyrhynchos,158,164,453,237,125
Persicaria,0,709,151,299,0
root,106,426,240,293,118
Thiodictyon,343,193,238,181,291
root,362,234,264,219,173
PACMAD_clade,1231,31,0,0,0
Vitreochlamys_aulata,57,340,768,102,236
Vorticella,227,258,443,301,351
Poeae,0,324,246,953,112
Paratanytarsus_grimmii,160,183,164,114,1021
Ludwigia,0,0,0,32,1617
Gambusia_affinis,0,338,548,633,133
Cyclopoida,530,170,262,425,370
Mesocyclops_leuckarti,630,0,293,364,506
Cygnus_atratus,258,578,432,199,329
Apiaceae,1887,0,0,0,0
Cygnus_atratus,517,182,286,742,163
Anguilla_australis,360,748,333,336,234
Gammaproteobacteria,348,470,405,383,446
root,370,714,552,411,240
root,0,2052,135,86,142
Cyprinus_rubrofuscus,760,520,609,72,512
Geobacter,844,245,278,248,921
Glyceria,0,760,909,906,0
Burkholderiales,460,600,536,556,438
Nais_communis_variabilis_complex_sp_A1,368,1335,289,352,249
Metazoa,219,1415,423,463,336
Anas_chlorotis_or_gracilis,556,882,466,955,252
Rosales,3135,0,0,0,0
Octolasion_lacteum,570,1102,646,471,397
root,835,516,891,632,471
Viridiplantae,910,658,572,718,920
Vorticella,863,720,953,929,795
Dero,241,1524,324,990,1266
Metazoa,0,1125,1014,1051,1271
Metazoa,1774,133,57,38,2755
Cyclopidae,2264,975,0,1777,0
root,641,2479,1142,1606,650
Saliceae,0,811,546,317,5216
Metazoa,2873,1492,922,1091,857
Cyclopidae,0,1397,2089,1660,2791
Podocarpaceae,0,3963,2076,2092,635
Metazoa,3081,2578,1166,1105,1462
Anas_platyrhynchos,1456,1998,2633,2217,1406
Lumbriculus_variegatus,1158,1761,5021,952,1073
Acanthocyclops_robustus,3594,3668,2942,2891,2885
Anserinae,2412,5285,2888,3640,2261
Metazoa,2198,7680,2798,2574,2206
root,2024,1515,5675,9890,3761
