﻿tax_assignment,One,Two,Three,Four,Five,Six
root,4,0,0,0,0,0
root,0,0,4,0,0,0
root,0,0,4,0,0,0
root,4,0,0,0,0,0
root,0,4,0,0,0,0
root,0,4,0,0,0,0
Chordata,0,0,0,0,0,4
root,0,0,0,0,4,0
root,4,0,0,0,0,0
root,0,0,0,0,4,0
root,0,0,0,0,0,4
root,0,0,0,0,0,4
root,0,4,0,0,0,0
Proteobacteria,0,0,0,4,0,0
Chaetonotus,0,0,0,0,4,0
root,0,0,0,4,0,0
root,0,0,4,0,0,0
Chordata,4,0,0,0,0,0
root,0,0,0,4,0,0
root,0,0,0,4,0,0
root,0,0,0,0,0,4
Mus_musculus,4,0,0,0,0,0
root,0,0,0,0,0,4
Flavobacteriaceae,0,0,0,4,0,0
root,0,0,0,4,0,0
Fringilla_coelebs,0,0,0,4,0,0
root,0,0,0,4,0,0
root,4,0,0,0,0,0
Cryptomonas,0,0,0,4,0,0
Lumbriculidae,4,0,0,0,0,0
Metazoa,0,0,4,0,0,0
root,0,0,0,0,0,4
Metazoa,4,0,0,0,0,0
root,0,4,0,0,0,0
Metazoa,0,0,4,0,0,0
Limnodrilus_hoffmeisteri,0,0,4,0,0,0
Culex,0,4,0,0,0,0
Juncus,0,0,4,0,0,0
Megalothorax,4,0,0,0,0,0
Nais,0,0,0,0,4,0
Psychoda,0,0,0,0,4,0
Sorodiplophrys,4,0,0,0,0,0
Limnofila,4,0,0,0,0,0
Lepocinclis,0,0,0,0,4,0
Epalxella,0,0,0,0,4,0
Spirosoma,4,0,0,0,0,0
Spirochaeta,0,4,0,0,0,0
Methanocella,0,0,0,0,4,0
Rhynchomonas,0,4,0,0,0,0
Chaetonotidae,0,0,0,0,4,0
Clostridiaceae,0,4,0,0,0,0
Dugesiidae,0,0,0,4,0,0
Cytophagaceae,0,0,0,0,4,0
Oscillospiraceae,0,4,0,0,0,0
Desulfobulbaceae,0,0,0,4,0,0
Metazoa,4,0,0,0,0,0
root,4,0,0,0,0,0
root,0,0,0,0,4,0
Synurophyceae,0,0,0,4,0,0
Metazoa,0,0,4,0,0,0
root,0,0,0,0,4,0
Chordata,0,0,0,0,4,0
root,0,0,4,0,0,0
Bacteroidetes,0,0,0,0,4,0
root,0,0,4,0,0,0
root,0,4,0,0,0,0
root,0,0,0,4,0,0
root,0,0,0,0,0,4
root,0,4,0,0,0,0
root,0,0,0,0,4,0
root,4,0,0,0,0,0
Chordata,0,0,4,0,0,0
Metazoa,0,0,0,4,0,0
Fungi,0,4,0,0,0,0
root,0,0,0,0,0,4
Methanomicrobiales,0,0,0,0,4,0
root,0,0,0,4,0,0
root,0,4,0,0,0,0
root,0,0,4,0,0,0
root,0,0,4,0,0,0
Chlorophyta,0,0,0,4,0,0
root,4,0,0,0,0,0
root,0,0,4,0,0,0
root,0,0,0,0,0,4
root,0,0,4,0,0,0
Acidobacteria,0,4,0,0,0,0
Metazoa,4,0,0,0,0,0
root,0,0,4,0,0,0
root,0,0,0,0,4,0
root,0,4,0,0,0,0
root,0,0,4,0,0,0
root,4,0,0,0,0,0
root,0,0,0,0,0,4
root,0,0,0,0,4,0
root,0,0,4,0,0,0
Metazoa,0,0,4,0,0,0
root,0,0,0,4,0,0
Metazoa,4,0,0,0,0,0
root,0,0,0,0,4,0
root,0,0,4,0,0,0
root,0,0,0,0,0,4
unclassified_Rhynchobodo,0,4,0,0,0,0
root,0,0,0,4,0,0
root,0,0,0,0,4,0
Metazoa,0,0,0,0,0,4
root,4,0,0,0,0,0
Metazoa,4,0,0,0,0,0
root,4,0,0,0,0,0
root,0,4,0,0,0,0
Metazoa,0,4,0,0,0,0
Metazoa,0,0,4,0,0,0
Metazoa,0,0,4,0,0,0
root,0,0,4,0,0,0
root,0,0,0,4,0,0
Metazoa,0,0,0,0,4,0
Metazoa,0,0,0,0,4,0
Metazoa,0,0,0,0,0,4
Metazoa,0,0,0,0,0,4
Chordata,0,4,0,0,0,0
Metazoa,0,4,0,0,0,0
Chordata,0,4,0,0,0,0
Chordata,0,4,0,0,0,0
Chordata,0,4,0,0,0,0
Chordata,0,4,0,0,0,0
Chordata,0,4,0,0,0,0
Chordata,0,4,0,0,0,0
root,0,4,0,0,0,0
Metazoa,0,0,4,0,0,0
Chordata,0,0,4,0,0,0
Chordata,0,0,4,0,0,0
Metazoa,0,0,4,0,0,0
root,0,0,4,0,0,0
Metazoa,0,0,4,0,0,0
root,0,0,4,0,0,0
Metazoa,0,0,4,0,0,0
root,0,0,4,0,0,0
Metazoa,0,0,4,0,0,0
Chordata,0,0,4,0,0,0
Chordata,0,0,0,4,0,0
Chordata,0,0,0,4,0,0
Chordata,0,0,0,4,0,0
root,0,0,0,0,4,0
Chordata,0,0,0,0,4,0
Chordata,0,0,0,0,4,0
root,0,0,0,0,4,0
root,0,0,0,0,4,0
Chordata,0,0,0,0,4,0
root,0,0,0,0,0,4
root,0,0,0,0,0,4
root,0,0,0,0,4,0
root,4,0,0,0,0,0
root,4,0,0,0,0,0
root,4,0,0,0,0,0
Metazoa,4,0,0,0,0,0
root,0,4,0,0,0,0
Eurotatoria,0,4,0,0,0,0
Metazoa,0,4,0,0,0,0
root,0,4,0,0,0,0
Metazoa,0,4,0,0,0,0
root,0,4,0,0,0,0
root,0,0,4,0,0,0
root,0,0,4,0,0,0
Chromadorea,0,0,4,0,0,0
root,0,0,4,0,0,0
root,0,0,4,0,0,0
root,0,0,4,0,0,0
root,0,0,0,4,0,0
root,0,0,0,4,0,0
unclassified_Paraphysomonas,0,0,0,4,0,0
Metazoa,0,0,0,4,0,0
root,0,0,0,4,0,0
Eurotatoria,0,0,0,0,4,0
root,0,0,0,0,0,4
root,0,0,0,0,0,4
Viridiplantae,0,0,0,0,0,4
root,0,0,4,0,0,0
root,4,0,0,0,0,0
root,4,0,0,0,0,0
root,0,0,4,0,0,0
root,0,0,4,0,0,0
root,0,0,4,0,0,0
root,0,0,0,4,0,0
root,0,0,0,0,4,0
root,0,0,0,0,0,4
Acidobacteria,4,0,0,0,0,0
root,0,4,0,0,0,0
Corynebacteriales,0,0,4,0,0,0
Proteobacteria,0,0,4,0,0,0
Planctomycetes,0,0,0,4,0,0
root,0,0,0,0,4,0
root,0,0,0,0,4,0
root,0,0,0,0,4,0
Proteobacteria,0,0,0,0,4,0
Proteobacteria,0,0,0,0,0,4
Bacteroidetes,0,0,0,0,0,4
Eustigmatophyceae,0,0,4,0,0,0
Metazoa,0,0,0,0,0,4
root,0,4,0,0,0,0
root,0,4,0,0,0,0
root,0,4,0,0,0,0
root,0,4,0,0,0,0
root,0,0,4,0,0,0
root,0,0,4,0,0,0
root,0,0,4,0,0,0
root,0,0,0,4,0,0
root,0,0,0,0,4,0
root,0,0,0,0,0,4
root,0,0,0,0,0,4
root,0,0,0,0,0,4
Halothiobacillaceae,5,0,0,0,0,0
Metazoa,0,0,0,0,5,0
root,5,0,0,0,0,0
Metazoa,0,0,0,0,5,0
Paracyclops_fimbriatus,0,0,0,0,5,0
root,0,0,0,5,0,0
root,0,0,5,0,0,0
Ploima,0,0,5,0,0,0
root,0,5,0,0,0,0
Branta_canadensis,0,0,0,0,0,5
root,0,5,0,0,0,0
root,5,0,0,0,0,0
Euglenales,0,0,0,0,5,0
Chordata,5,0,0,0,0,0
root,0,0,5,0,0,0
root,0,0,0,5,0,0
root,0,5,0,0,0,0
Physella_acuta,0,0,0,0,0,5
Ulvophyceae,5,0,0,0,0,0
root,0,0,0,0,0,5
root,0,0,0,5,0,0
Chordata,5,0,0,0,0,0
Chordata,0,5,0,0,0,0
root,0,0,0,0,5,0
root,0,0,0,0,5,0
root,0,0,0,5,0,0
Metazoa,0,0,0,5,0,0
root,0,0,5,0,0,0
root,0,0,0,0,5,0
root,5,0,0,0,0,0
Metazoa,0,0,0,0,0,5
Fungi,5,0,0,0,0,0
Metazoa,0,5,0,0,0,0
Methylobacterium,0,0,0,0,0,5
Limnodrilus,0,0,0,5,0,0
Paludibaculum,5,0,0,0,0,0
Desulfovibrio,0,0,5,0,0,0
Pelobacter,0,0,0,5,0,0
Mastigamoeba,0,0,0,5,0,0
Syntrophobacter,0,0,0,0,0,5
Phacaceae,0,0,0,0,5,0
Chaetonotidae,0,5,0,0,0,0
Monocystidae,0,0,0,0,5,0
Archangiaceae,5,0,0,0,0,0
Monocystidae,0,0,0,0,5,0
Cercomonadidae,0,0,0,0,0,5
Verrucomicrobiaceae,0,0,5,0,0,0
Clostridiaceae,0,0,5,0,0,0
Euglenaceae,0,0,0,0,0,5
root,0,0,5,0,0,0
Bdelloidea,0,0,0,0,5,0
Metazoa,0,5,0,0,0,0
root,0,0,0,0,0,5
root,0,0,0,0,5,0
root,0,5,0,0,0,0
root,0,0,0,5,0,0
root,0,0,5,0,0,0
root,5,0,0,0,0,0
Chordata,0,0,5,0,0,0
Metazoa,5,0,0,0,0,0
root,0,0,0,0,0,5
root,0,0,0,0,5,0
Metazoa,0,0,0,5,0,0
root,0,0,5,0,0,0
root,0,0,0,0,5,0
root,0,0,5,0,0,0
Metazoa,5,0,0,0,0,0
Metazoa,0,0,0,0,0,5
root,0,0,0,0,5,0
Fungi,5,0,0,0,0,0
root,0,0,5,0,0,0
root,0,0,5,0,0,0
Metazoa,0,0,0,0,5,0
Alphaproteobacteria,0,5,0,0,0,0
root,0,0,5,0,0,0
root,0,0,5,0,0,0
root,0,0,5,0,0,0
root,0,5,0,0,0,0
root,0,0,0,0,5,0
Chordata,0,0,5,0,0,0
root,0,5,0,0,0,0
Metazoa,0,0,0,0,0,5
Chordata,0,5,0,0,0,0
Cytophagales,0,0,0,5,0,0
Metazoa,0,5,0,0,0,0
Metazoa,0,0,5,0,0,0
Metazoa,0,0,0,0,5,0
Metazoa,0,0,0,0,5,0
Metazoa,0,0,0,0,0,5
Chordata,5,0,0,0,0,0
Chordata,5,0,0,0,0,0
Metazoa,5,0,0,0,0,0
Chordata,5,0,0,0,0,0
root,0,5,0,0,0,0
root,0,5,0,0,0,0
Chordata,0,5,0,0,0,0
Chordata,0,5,0,0,0,0
Chordata,0,5,0,0,0,0
root,0,0,5,0,0,0
Metazoa,0,0,5,0,0,0
Chordata,0,0,5,0,0,0
Metazoa,0,0,5,0,0,0
root,0,0,5,0,0,0
Chordata,0,0,5,0,0,0
Chordata,0,0,5,0,0,0
Chordata,0,0,5,0,0,0
root,0,0,0,5,0,0
Chordata,0,0,0,5,0,0
Chordata,0,0,0,5,0,0
root,0,0,0,5,0,0
Chordata,0,0,0,0,5,0
Chordata,0,0,0,0,5,0
root,0,0,0,0,5,0
Chordata,0,0,0,0,5,0
Chordata,0,0,0,0,5,0
Metazoa,0,0,0,0,5,0
Chordata,0,0,0,0,5,0
root,0,0,0,0,5,0
root,0,0,0,0,5,0
root,0,0,0,0,0,5
Chordata,0,0,0,0,0,5
Chordata,0,0,0,0,0,5
root,5,0,0,0,0,0
root,5,0,0,0,0,0
root,5,0,0,0,0,0
root,0,5,0,0,0,0
root,0,5,0,0,0,0
root,0,5,0,0,0,0
root,0,0,5,0,0,0
root,0,0,5,0,0,0
Metazoa,0,0,0,5,0,0
root,0,0,0,5,0,0
root,0,0,0,5,0,0
root,0,0,0,5,0,0
root,0,0,0,5,0,0
root,0,0,0,0,5,0
root,0,0,0,0,5,0
root,0,0,0,0,0,5
root,0,0,0,0,0,5
Metazoa,0,0,0,0,0,5
root,0,0,0,0,0,5
root,0,0,0,0,0,5
root,0,0,0,0,5,0
Viridiplantae,5,0,0,0,0,0
Alphaproteobacteria,5,0,0,0,0,0
root,5,0,0,0,0,0
Planctomycetes,5,0,0,0,0,0
Xanthophyceae,5,0,0,0,0,0
Ascomycota,5,0,0,0,0,0
root,0,0,5,0,0,0
root,0,0,5,0,0,0
Chlorophyta,0,0,5,0,0,0
root,0,0,5,0,0,0
root,0,0,5,0,0,0
root,0,0,5,0,0,0
Alphaproteobacteria,0,0,5,0,0,0
root,0,0,0,5,0,0
Spumella_like_flagellate_JB,0,0,0,5,0,0
root,0,0,0,0,0,5
Firmicutes,5,0,0,0,0,0
root,0,5,0,0,0,0
root,0,5,0,0,0,0
root,0,0,5,0,0,0
root,0,0,0,5,0,0
root,0,0,0,0,5,0
Isosphaerales,0,0,0,0,0,5
root,0,5,0,0,0,0
root,0,5,0,0,0,0
root,0,0,0,5,0,0
root,0,0,0,0,0,5
Metazoa,0,0,0,0,0,6
root,0,0,6,0,0,0
Dero,0,0,6,0,0,0
Insecta,0,0,0,0,0,6
root,6,0,0,0,0,0
Metazoa,0,6,0,0,0,0
Chrysophyceae,0,0,0,0,6,0
Metazoa,0,0,0,0,6,0
Metazoa,0,0,0,0,0,6
root,0,0,0,0,0,6
root,0,0,0,0,0,6
Rotaria_rotatoria,0,0,0,6,0,0
Euglenaceae,0,0,6,0,0,0
Bacillariophyta,0,0,0,0,0,6
Metazoa,6,0,0,0,0,0
root,6,0,0,0,0,0
Azolla_pinnata_subsp_pinnata,0,0,0,0,6,0
Rattus_norvegicus,0,0,0,0,6,0
Lepocinclis,0,0,0,0,6,0
Rhizomicrobium,0,0,0,6,0,0
Phytocercomonas,0,0,6,0,0,0
Characiopsis,0,0,0,6,0,0
Phytocercomonas,0,0,0,0,6,0
Cupressaceae,0,6,0,0,0,0
Chlamydomonadaceae,0,6,0,0,0,0
Cercomonadidae,0,0,0,6,0,0
Pirellulaceae,0,0,6,0,0,0
Sphingobacteriaceae,0,0,0,0,6,0
root,0,0,0,0,6,0
Metazoa,0,6,0,0,0,0
Chordata,0,0,0,0,6,0
root,6,0,0,0,0,0
Metazoa,6,0,0,0,0,0
Chordata,0,6,0,0,0,0
Chrysophyceae,6,0,0,0,0,0
root,0,0,6,0,0,0
root,0,0,0,0,6,0
root,0,6,0,0,0,0
root,0,6,0,0,0,0
root,0,0,0,6,0,0
Chordata,0,0,0,6,0,0
root,0,0,6,0,0,0
root,0,0,0,6,0,0
Chordata,6,0,0,0,0,0
Gammaproteobacteria,6,0,0,0,0,0
root,0,0,0,0,0,6
Chordata,0,0,0,0,6,0
root,0,0,0,6,0,0
root,0,0,6,0,0,0
Fungi,0,0,0,0,6,0
Chordata,0,0,0,0,6,0
root,0,0,0,0,0,6
root,0,0,0,6,0,0
root,0,6,0,0,0,0
root,6,0,0,0,0,0
Metazoa,0,0,0,0,0,6
root,6,0,0,0,0,0
root,0,0,6,0,0,0
root,0,0,0,0,6,0
Haplotaxida,6,0,0,0,0,0
Chordata,0,6,0,0,0,0
root,0,6,0,0,0,0
Chordata,0,0,0,6,0,0
Chordata,0,0,0,0,6,0
root,0,0,0,0,0,6
root,6,0,0,0,0,0
root,0,0,0,6,0,0
Firmicutes,0,0,6,0,0,0
Metazoa,6,0,0,0,0,0
Metazoa,0,6,0,0,0,0
root,0,6,0,0,0,0
Metazoa,0,0,6,0,0,0
Metazoa,0,0,6,0,0,0
root,0,0,0,0,0,6
Metazoa,0,0,0,0,0,6
Metazoa,0,6,0,0,0,0
Chordata,0,6,0,0,0,0
Metazoa,0,6,0,0,0,0
Chordata,0,6,0,0,0,0
Chordata,0,6,0,0,0,0
Chordata,0,0,6,0,0,0
Chordata,0,0,6,0,0,0
Metazoa,0,0,6,0,0,0
Chordata,0,0,6,0,0,0
Chordata,0,0,0,6,0,0
Chordata,0,0,0,6,0,0
root,0,0,0,6,0,0
Chordata,0,0,0,6,0,0
root,0,0,0,0,6,0
Metazoa,0,0,0,0,6,0
Metazoa,0,0,0,0,0,6
Metazoa,0,0,0,0,0,6
root,0,0,0,0,0,6
Insecta,6,0,0,0,0,0
root,6,0,0,0,0,0
root,0,6,0,0,0,0
root,0,0,0,0,0,6
root,0,0,6,0,0,0
root,0,0,6,0,0,0
root,0,0,0,6,0,0
root,0,0,0,0,6,0
Metazoa,0,0,0,0,0,6
Metazoa,0,0,0,0,0,6
Chrysophyceae,6,0,0,0,0,0
Alphaproteobacteria,0,0,6,0,0,0
Euglenales,0,0,6,0,0,0
root,0,0,6,0,0,0
root,0,0,6,0,0,0
Oomycota,0,0,0,0,6,0
Bacillariophyta,0,0,0,0,6,0
Fungi,0,0,0,0,6,0
root,0,0,0,0,0,6
root,0,0,6,0,0,0
Bacteroidetes,0,0,6,0,0,0
Eubacteriales,0,0,0,6,0,0
Proteobacteria,0,0,0,6,0,0
Actinomycetia,0,0,0,0,0,6
root,0,0,0,0,0,6
root,0,0,6,0,0,0
Fungi,0,0,0,0,6,0
root,0,6,0,0,0,0
root,0,6,0,0,0,0
root,0,0,6,0,0,0
root,0,0,0,0,6,0
root,0,0,0,0,6,0
root,0,0,0,0,0,6
Anguilla_australis,0,0,7,0,0,0
root,0,0,7,0,0,0
Alnus,0,0,0,0,0,7
root,0,0,7,0,0,0
root,0,0,0,0,7,0
root,7,0,0,0,0,0
Metazoa,0,0,7,0,0,0
root,7,0,0,0,0,0
root,0,0,7,0,0,0
Ciliophora,7,0,0,0,0,0
Eubacteriales_Family_XIII_Incertae_Sedis,0,7,0,0,0,0
Euglenales,0,0,0,0,7,0
Gambusia_affinis,0,7,0,0,0,0
Medicago_polymorpha,0,0,0,0,7,0
Oscillochloris,0,0,0,0,7,0
Pythiogeton,7,0,0,0,0,0
Singulisphaera,0,0,7,0,0,0
Vannella,0,0,7,0,0,0
Vannella,0,0,0,7,0,0
Prorodon,0,0,0,7,0,0
Acetobacteraceae,0,0,0,7,0,0
Phacaceae,0,0,0,0,7,0
Cryptomonadaceae,0,0,7,0,0,0
Caulobacteraceae,0,0,0,7,0,0
root,0,0,0,0,0,7
root,0,0,0,0,7,0
root,0,0,0,0,0,7
Chlorophyceae,0,0,0,0,7,0
root,0,0,0,0,0,7
Metazoa,0,0,0,0,7,0
root,0,7,0,0,0,0
root,7,0,0,0,0,0
Haptorida,0,0,0,0,7,0
Metazoa,0,0,0,0,7,0
root,0,0,0,7,0,0
root,0,0,7,0,0,0
root,7,0,0,0,0,0
root,0,7,0,0,0,0
Hyphomicrobiales,7,0,0,0,0,0
Metazoa,0,0,0,0,7,0
Metazoa,0,0,7,0,0,0
root,7,0,0,0,0,0
Chordata,0,7,0,0,0,0
root,0,0,7,0,0,0
root,0,7,0,0,0,0
Chordata,0,0,0,7,0,0
root,0,0,0,0,7,0
root,0,0,0,0,7,0
Eubacteriales,0,0,7,0,0,0
root,0,0,0,0,7,0
Metazoa,0,0,0,0,0,7
Chordata,0,7,0,0,0,0
root,0,7,0,0,0,0
Chordata,0,0,7,0,0,0
Chordata,0,0,0,7,0,0
Metazoa,0,0,0,7,0,0
root,0,0,0,7,0,0
root,0,0,0,7,0,0
Chordata,0,0,0,7,0,0
Chordata,0,0,0,0,7,0
Chordata,0,0,0,0,0,7
Metazoa,0,0,7,0,0,0
root,0,0,7,0,0,0
root,0,0,0,7,0,0
Arthropoda,0,0,0,0,0,7
root,0,0,0,0,0,7
root,7,0,0,0,0,0
root,0,7,0,0,0,0
root,0,7,0,0,0,0
root,0,0,7,0,0,0
Fungi,0,0,7,0,0,0
unclassified_Chlamydomonas,0,0,0,7,0,0
root,0,0,0,7,0,0
Planctomycetes,0,0,0,0,7,0
Proteobacteria,0,0,0,0,0,7
root,7,0,0,0,0,0
Planctomycetia,0,0,7,0,0,0
Bacteroidetes,0,0,0,7,0,0
Proteobacteria,0,0,0,7,0,0
root,0,0,0,0,7,0
root,0,0,0,0,7,0
unclassified_Condylostomides,0,0,0,7,0,0
Chlamydomonadales,0,0,0,0,7,0
root,0,7,0,0,0,0
root,0,0,0,7,0,0
root,0,0,0,0,0,7
Metazoa,0,0,0,0,8,0
root,8,0,0,0,0,0
Ameiurus_nebulosus,0,0,0,0,0,8
Eukerria_saltensis,0,0,4,0,4,0
Cytophagaceae,0,0,0,8,0,0
Vorticella,0,0,8,0,0,0
Proteobacteria,0,0,4,0,0,4
root,0,4,0,4,0,0
Paraphysomonas_sp,0,0,8,0,0,0
Sphingomonadaceae,0,8,0,0,0,0
Mastigamoeba,0,0,8,0,0,0
Cygnus,0,4,4,0,0,0
Chlamydomonas_sp_KSA1,8,0,0,0,0,0
Canis_lupus_familiaris,0,4,0,0,4,0
Plectonemertidae_sp_NT72,8,0,0,0,0,0
Roseomonas,0,8,0,0,0,0
Demequina,0,8,0,0,0,0
Metopidae,8,0,0,0,0,0
Phacaceae,0,0,8,0,0,0
Desulfobulbaceae,0,8,0,0,0,0
Reyranellaceae,0,0,0,0,0,8
Gomphonemataceae,0,0,8,0,0,0
Acidimicrobiaceae,0,0,8,0,0,0
Streptomycetaceae,0,0,0,0,8,0
root,0,0,8,0,0,0
Bacillariophyceae,0,0,0,0,0,8
root,0,8,0,0,0,0
Bacteroidetes,0,8,0,0,0,0
Oomycota,8,0,0,0,0,0
root,0,0,0,0,8,0
root,0,0,8,0,0,0
Chordata,0,8,0,0,0,0
root,0,0,0,0,0,8
Oomycota,8,0,0,0,0,0
root,0,0,8,0,0,0
root,0,8,0,0,0,0
root,0,8,0,0,0,0
Chordata,0,0,0,8,0,0
root,4,0,0,0,0,4
root,0,0,8,0,0,0
Chordata,0,0,0,8,0,0
Bacteroidetes,8,0,0,0,0,0
root,0,0,0,8,0,0
root,0,0,0,8,0,0
Metazoa,0,0,0,0,0,8
Chordata,0,8,0,0,0,0
root,0,0,0,8,0,0
root,0,4,0,0,0,4
Chordata,0,0,8,0,0,0
root,8,0,0,0,0,0
Metazoa,0,0,8,0,0,0
root,0,8,0,0,0,0
Metazoa,0,0,8,0,0,0
Metazoa,0,0,0,0,8,0
root,0,0,0,0,0,8
Metazoa,0,0,0,0,0,8
root,8,0,0,0,0,0
Chordata,8,0,0,0,0,0
Chordata,0,8,0,0,0,0
root,0,8,0,0,0,0
Metazoa,0,8,0,0,0,0
Chordata,0,0,8,0,0,0
Metazoa,0,0,8,0,0,0
root,0,0,8,0,0,0
Chordata,0,0,8,0,0,0
root,0,0,0,8,0,0
Chordata,0,0,0,8,0,0
Metazoa,0,0,0,0,0,8
Chordata,0,0,0,0,0,8
root,0,0,0,0,0,8
Magnoliopsida,0,0,0,8,0,0
root,8,0,0,0,0,0
Ciliophora,8,0,0,0,0,0
unclassified_Condylostomides,0,0,8,0,0,0
root,0,0,8,0,0,0
Myxococcales,0,0,8,0,0,0
root,0,0,0,8,0,0
Fungi,0,0,0,8,0,0
Ciliophora,0,0,0,0,8,0
root,0,8,0,0,0,0
Proteobacteria,0,0,0,0,8,0
Proteobacteria,0,0,0,0,0,8
root,0,0,0,0,0,8
root,0,0,0,0,0,8
Heterotrichea,8,0,0,0,0,0
root,0,8,0,0,0,0
root,0,8,0,0,0,0
root,0,0,0,0,0,8
root,5,0,0,0,0,4
root,0,0,9,0,0,0
Betaproteobacteria,0,0,0,0,9,0
root,0,0,0,0,9,0
root,0,4,0,0,5,0
Psychodidae_sp_BOLD_AAU4648,0,0,0,0,0,9
Pedinellales,4,0,0,0,5,0
Euglenaceae,0,5,0,0,4,0
Metazoa,0,0,0,4,0,5
Stylonychia,9,0,0,0,0,0
Viridiplantae,0,0,0,9,0,0
Crocinitomicaceae,0,9,0,0,0,0
Felis_catus,0,0,9,0,0,0
Lampropholis_delicata,0,0,0,9,0,0
Bimastos_eiseni,0,0,0,0,0,9
Gonium,0,0,9,0,0,0
Chitinophagaceae,0,0,0,0,0,9
Xanthomonadaceae,0,0,0,0,0,9
Eunotiaceae,0,0,0,9,0,0
Vannellidae,9,0,0,0,0,0
root,0,0,9,0,0,0
unclassified_Chloromonas,0,0,0,0,9,0
Proteobacteria,9,0,0,0,0,0
root,0,9,0,0,0,0
root,0,0,5,4,0,0
root,0,0,0,9,0,0
root,0,0,9,0,0,0
root,0,5,0,0,0,4
root,0,0,0,0,0,9
root,0,0,0,0,9,0
root,0,9,0,0,0,0
root,0,0,4,0,0,5
root,0,9,0,0,0,0
Chordata,0,9,0,0,0,0
Chordata,0,9,0,0,0,0
root,0,9,0,0,0,0
Chordata,0,0,9,0,0,0
Chordata,0,0,9,0,0,0
Chordata,0,0,0,9,0,0
root,0,0,0,9,0,0
root,0,0,0,9,0,0
root,0,0,0,9,0,0
Metazoa,0,0,0,0,9,0
root,0,0,0,0,9,0
Chordata,0,0,0,0,9,0
root,0,0,0,0,9,0
Chordata,0,0,0,0,9,0
root,9,0,0,0,0,0
Arthropoda,9,0,0,0,0,0
root,0,0,0,9,0,0
root,0,0,0,5,4,0
Chlorophyceae,0,0,9,0,0,0
root,0,0,9,0,0,0
Amphifilida,0,9,0,0,0,0
root,0,0,9,0,0,0
Fungi,0,0,0,9,0,0
Sorangiineae,0,0,0,0,9,0
root,0,0,0,0,9,0
root,0,0,0,0,0,9
root,0,0,9,0,0,0
Phycisphaerae,0,0,9,0,0,0
Actinomycetia,0,0,0,9,0,0
root,0,0,0,0,9,0
root,0,9,0,0,0,0
root,0,0,0,9,0,0
root,0,0,0,0,9,0
Ciliophora,10,0,0,0,0,0
Lumbricus_castaneus,0,0,0,0,10,0
root,4,0,6,0,0,0
root,10,0,0,0,0,0
root,10,0,0,0,0,0
Zosterops_lateralis,0,0,0,0,10,0
Spergularia,10,0,0,0,0,0
Chordata,10,0,0,0,0,0
Ranunculus,0,0,0,10,0,0
root,5,0,0,5,0,0
Oscillospiraceae,0,0,0,10,0,0
Cratyna_nobilis,10,0,0,0,0,0
Monocystis,4,0,0,0,6,0
Nuclearia,0,0,0,10,0,0
Candidatus_Solibacter,0,0,10,0,0,0
Bicosoecidae,0,0,0,10,0,0
Tubificinae,4,0,6,0,0,0
Acetobacteraceae,10,0,0,0,0,0
Acetobacteraceae,10,0,0,0,0,0
Oscillospiraceae,0,0,0,0,10,0
Actinopteri,0,0,0,10,0,0
Chordata,0,0,0,0,0,10
root,0,0,0,10,0,0
root,0,0,0,0,0,10
Verrucomicrobia,10,0,0,0,0,0
Firmicutes,0,0,0,10,0,0
Chordata,0,10,0,0,0,0
Metazoa,0,0,5,5,0,0
root,0,0,0,4,6,0
root,10,0,0,0,0,0
Planctomycetia,0,0,10,0,0,0
Variosea,10,0,0,0,0,0
root,4,0,6,0,0,0
Metazoa,0,0,0,0,10,0
root,0,0,0,0,0,10
Metazoa,0,0,0,0,0,10
Chordata,0,10,0,0,0,0
Chordata,0,0,0,10,0,0
Chordata,0,0,0,0,0,10
Eurotatoria,0,0,10,0,0,0
root,0,0,10,0,0,0
root,0,0,0,10,0,0
Alphaproteobacteria,0,6,0,0,0,4
root,0,0,10,0,0,0
Planctomycetia,0,0,10,0,0,0
Fungi,0,0,4,0,6,0
root,0,0,0,10,0,0
Oomycota,0,0,0,0,10,0
root,0,10,0,0,0,0
root,0,0,10,0,0,0
root,0,0,10,0,0,0
root,0,0,10,0,0,0
root,0,0,0,10,0,0
root,0,0,0,0,0,10
root,11,0,0,0,0,0
Phasianus_colchicus,0,0,0,0,11,0
root,0,0,0,0,11,0
root,0,0,0,11,0,0
root,7,0,0,0,4,0
Geranium,0,0,0,0,0,11
root,0,7,0,4,0,0
root,0,0,0,0,0,11
root,4,0,0,7,0,0
Metopus,0,0,11,0,0,0
Populus,0,0,11,0,0,0
Vannellidae,0,0,11,0,0,0
root,0,0,11,0,0,0
root,0,0,0,5,6,0
root,11,0,0,0,0,0
root,0,11,0,0,0,0
root,0,0,0,11,0,0
root,0,11,0,0,0,0
root,0,0,7,0,0,4
Gammaproteobacteria,0,11,0,0,0,0
root,0,0,0,6,5,0
root,0,11,0,0,0,0
root,0,0,0,11,0,0
Metazoa,0,0,0,0,0,11
root,4,0,0,7,0,0
root,0,0,7,0,0,4
root,7,4,0,0,0,0
root,5,0,6,0,0,0
Metazoa,0,0,11,0,0,0
root,11,0,0,0,0,0
Chordata,0,11,0,0,0,0
root,0,11,0,0,0,0
Chordata,0,0,11,0,0,0
root,0,11,0,0,0,0
root,0,0,0,0,0,11
unclassified_Ripella,0,0,11,0,0,0
root,0,0,0,11,0,0
root,0,0,11,0,0,0
root,0,0,0,11,0,0
root,0,0,0,0,0,11
Ludwigia,0,0,0,0,0,12
root,0,5,0,0,7,0
Turdus,0,0,0,0,12,0
Rattus_norvegicus,5,0,0,7,0,0
Metazoa,0,0,12,0,0,0
Metazoa,0,0,4,0,8,0
root,0,0,6,6,0,0
root,0,0,0,12,0,0
root,0,0,12,0,0,0
Ethanoligenens,12,0,0,0,0,0
root,0,0,7,0,0,5
root,0,0,0,12,0,0
Linum,0,0,0,0,0,12
Chaetonotidae,0,0,0,0,0,12
Chitinophagaceae,0,0,12,0,0,0
Desulfuromonadaceae,0,12,0,0,0,0
Acetobacteraceae,0,0,0,0,12,0
Betaproteobacteria,6,6,0,0,0,0
root,0,0,7,5,0,0
Myxococcales,0,0,0,0,12,0
Chordata,0,12,0,0,0,0
root,0,0,12,0,0,0
root,0,0,12,0,0,0
Oomycota,0,0,0,12,0,0
root,0,0,0,12,0,0
root,0,0,8,4,0,0
root,0,12,0,0,0,0
root,0,12,0,0,0,0
Metazoa,0,5,7,0,0,0
Bacteroidetes,0,0,0,0,0,12
root,8,0,4,0,0,0
Chordata,0,0,0,12,0,0
root,0,0,12,0,0,0
Chordata,0,12,0,0,0,0
Chordata,0,0,12,0,0,0
root,0,0,12,0,0,0
root,0,0,0,0,12,0
Fungi,12,0,0,0,0,0
Clostridia,0,0,12,0,0,0
root,0,0,12,0,0,0
root,0,0,0,12,0,0
Magnoliopsida,0,0,0,0,0,12
Clostridia,0,0,0,0,0,12
Fungi,0,0,0,0,12,0
root,7,5,0,0,0,0
Ranunculus,0,5,0,0,0,8
Limnophyes,0,0,13,0,0,0
root,0,8,5,0,0,0
root,13,0,0,0,0,0
root,0,0,0,13,0,0
Nitrosomonadales,0,0,0,13,0,0
Metazoa,4,9,0,0,0,0
root,0,0,13,0,0,0
Turdus_philomelos,0,0,0,0,0,13
Thiovulaceae,0,0,13,0,0,0
Mastigamoeba,0,0,13,0,0,0
root,8,0,0,5,0,0
root,0,0,0,4,4,5
root,7,0,0,6,0,0
Phacus,0,0,0,0,0,13
Candidatus_Solibacter,0,0,0,0,0,13
Chlorococcum,0,0,13,0,0,0
Caulobacteraceae,13,0,0,0,0,0
Chaetonotidae,0,13,0,0,0,0
Oxytrichidae,0,0,0,0,13,0
Acidobacteriaceae,0,0,0,0,0,13
Firmicutes,0,0,0,0,7,6
Chordata,0,0,0,0,0,13
root,7,0,0,0,0,6
root,0,0,0,13,0,0
root,0,0,0,0,0,13
root,0,0,0,13,0,0
Proteobacteria,8,5,0,0,0,0
root,13,0,0,0,0,0
Metazoa,0,0,0,0,9,4
Chordata,0,13,0,0,0,0
root,0,0,0,13,0,0
root,0,0,0,13,0,0
Chordata,13,0,0,0,0,0
Chordata,0,0,13,0,0,0
Chordata,13,0,0,0,0,0
Chordata,0,0,0,13,0,0
Chordata,0,0,0,0,13,0
root,0,0,13,0,0,0
Chlorophyceae,0,0,0,0,13,0
root,0,0,0,13,0,0
Chlamydomonadales,0,13,0,0,0,0
root,0,0,0,0,0,13
root,0,0,0,0,0,13
Chilodonellidae,0,0,14,0,0,0
Chlamydomonadales,0,14,0,0,0,0
root,0,10,0,0,0,4
root,0,5,9,0,0,0
root,0,0,0,0,14,0
root,0,0,0,0,0,14
root,0,0,0,0,0,14
unclassified_Chrysophyceae,6,0,0,0,8,0
Tubifex_tubifex,14,0,0,0,0,0
Coleps,0,0,0,0,14,0
Rhodobacter,0,14,0,0,0,0
Plantago,0,0,0,0,0,14
Devosia,0,14,0,0,0,0
Oscillospiraceae,0,14,0,0,0,0
Rhodocyclaceae,0,0,0,0,14,0
root,0,0,0,0,0,14
Insecta,14,0,0,0,0,0
root,14,0,0,0,0,0
root,0,0,14,0,0,0
root,8,0,0,0,0,6
root,0,14,0,0,0,0
Chordata,0,14,0,0,0,0
root,0,0,0,0,14,0
Metazoa,4,0,10,0,0,0
root,14,0,0,0,0,0
Metazoa,0,0,14,0,0,0
Chordata,0,14,0,0,0,0
Chordata,0,9,5,0,0,0
Chordata,0,0,14,0,0,0
Chordata,0,0,8,0,6,0
Chordata,0,0,0,0,14,0
root,0,14,0,0,0,0
Oomycota,0,0,14,0,0,0
Metopida,0,0,0,0,0,14
root,0,0,0,14,0,0
root,0,0,0,0,14,0
Bos_taurus,0,0,0,0,15,0
root,0,0,8,7,0,0
Cryptomonadaceae,0,0,0,0,15,0
Spirochaeta,0,4,0,11,0,0
root,0,0,5,5,0,5
root,5,0,10,0,0,0
root,8,0,0,7,0,0
Desulfobulbus,0,15,0,0,0,0
Sylvioidea,15,0,0,0,0,0
Acetobacteraceae,0,15,0,0,0,0
Burkholderiales,0,0,0,0,15,0
root,0,0,7,8,0,0
root,0,0,15,0,0,0
root,0,10,0,0,0,5
Chordata,0,0,0,0,15,0
root,0,6,4,0,5,0
root,5,0,4,0,0,6
Metazoa,0,0,6,0,0,9
root,0,0,15,0,0,0
Chordata,15,0,0,0,0,0
Chordata,0,15,0,0,0,0
Chordata,0,0,0,15,0,0
Metazoa,0,0,0,15,0,0
root,0,0,0,0,15,0
Chrysophyceae,0,0,16,0,0,0
Cyprinus_rubrofuscus,10,6,0,0,0,0
Eukaryota,0,16,0,0,0,0
Clostridiaceae,0,0,0,0,0,16
Sus_scrofa,0,0,0,0,0,16
Acetobacteraceae,0,0,0,0,0,16
Aves,0,0,0,16,0,0
root,0,0,5,11,0,0
Chloroflexia,7,0,0,0,9,0
root,0,0,0,0,0,16
Metazoa,0,0,16,0,0,0
Chordata,16,0,0,0,0,0
Chordata,16,0,0,0,0,0
Chordata,0,0,16,0,0,0
Chordata,0,0,16,0,0,0
Chordata,0,0,16,0,0,0
Metazoa,0,0,0,16,0,0
Myxococcales,0,0,16,0,0,0
Chlorophyceae,0,0,0,16,0,0
root,0,0,16,0,0,0
Eubacteriales,0,0,16,0,0,0
Onagraceae,0,0,17,0,0,0
root,0,0,17,0,0,0
Coleps,0,0,0,0,17,0
root,4,0,0,0,0,13
root,8,0,9,0,0,0
Veronica_arvensis,0,0,0,0,0,17
Pseudolabrys,0,0,0,0,0,17
Desulfovibrio,0,7,0,0,10,0
Epalxella,0,0,5,5,0,7
Desulfobacteraceae,0,0,4,0,13,0
Chaetonotidae,0,0,0,0,8,9
Bacillariophyceae,0,8,4,5,0,0
Ciliophora,5,0,12,0,0,0
root,0,0,17,0,0,0
root,0,0,17,0,0,0
root,17,0,0,0,0,0
root,0,7,10,0,0,0
root,11,0,0,6,0,0
Metazoa,17,0,0,0,0,0
Chordata,6,0,0,0,11,0
root,7,5,0,5,0,0
Bacteroidetes,0,0,0,0,17,0
root,8,0,9,0,0,0
root,0,0,17,0,0,0
Metazoa,17,0,0,0,0,0
Metazoa,8,9,0,0,0,0
root,8,0,9,0,0,0
root,0,0,8,9,0,0
Eubacteriales,0,0,0,0,17,0
root,0,0,0,0,0,17
root,0,0,0,0,0,17
Metazoa,0,10,0,0,8,0
Insecta,4,0,6,0,0,8
Firmicutes,6,0,4,4,0,4
root,0,0,8,0,10,0
root,0,0,9,9,0,0
root,0,18,0,0,0,0
Firmicutes,18,0,0,0,0,0
root,0,0,13,5,0,0
Metazoa,0,0,0,0,0,18
root,0,0,9,9,0,0
root,0,6,0,0,12,0
Ameiurus_nebulosus,0,0,0,0,18,0
Ruminiclostridium,0,0,18,0,0,0
Bacillariophyceae,0,5,0,0,13,0
Actinopteri,0,0,0,0,18,0
root,6,12,0,0,0,0
root,0,0,4,8,6,0
root,0,0,10,0,0,8
root,0,0,0,0,0,18
Eugregarinorida,8,4,6,0,0,0
Chordata,0,4,14,0,0,0
Metazoa,0,5,0,6,7,0
Chordata,0,0,18,0,0,0
root,0,0,0,0,9,9
Chordata,0,0,0,0,0,18
root,18,0,0,0,0,0
root,0,0,11,7,0,0
Chlorophyceae,0,0,0,0,0,19
root,0,0,0,5,14,0
Bacteroidetes,4,0,0,0,7,8
unclassified_Vorticella,0,0,0,19,0,0
Chlamydomonadaceae,0,8,0,0,11,0
root,19,0,0,0,0,0
root,10,0,0,0,9,0
Bicosoeca,0,9,10,0,0,0
root,6,0,0,7,0,6
root,9,10,0,0,0,0
Chordata,0,0,0,9,10,0
Chordata,0,0,0,0,19,0
Chordata,0,0,0,0,0,19
Myxococcales,0,0,0,19,0,0
root,0,0,0,0,0,19
root,9,0,6,0,5,0
Nitzschia,0,0,0,14,6,0
root,0,0,20,0,0,0
root,5,9,0,0,0,6
Juncus,8,0,0,0,8,4
root,0,0,5,6,9,0
Coprosma,0,0,20,0,0,0
Chordata,0,20,0,0,0,0
Chamaedrilus,5,0,8,7,0,0
Chaetonotidae,0,0,0,0,9,11
Bdelloidea,0,0,0,12,0,8
Metazoa,0,20,0,0,0,0
root,20,0,0,0,0,0
root,0,5,0,0,11,4
Metazoa,20,0,0,0,0,0
Alphaproteobacteria,20,0,0,0,0,0
Verrucomicrobia,0,0,20,0,0,0
root,0,0,20,0,0,0
root,0,0,0,20,0,0
root,0,0,7,0,7,7
Gammaproteobacteria,0,13,0,0,8,0
root,7,0,0,5,0,9
Felis_catus,0,0,21,0,0,0
Chlamydomonadales,0,13,0,8,0,0
root,0,0,9,8,4,0
Bacteroidetes,6,0,9,6,0,0
Selenomonadales,0,0,0,0,0,21
root,0,4,9,8,0,0
Chordata,21,0,0,0,0,0
root,0,11,0,0,10,0
root,0,0,21,0,0,0
Chrysophyceae,0,5,0,0,0,17
root,5,0,12,0,0,5
unclassified_stramenopiles,7,0,4,11,0,0
Rubiaceae,0,0,0,22,0,0
Chordata,0,0,22,0,0,0
root,0,0,16,0,0,6
Solibacteraceae,0,0,17,0,0,5
root,0,0,0,6,0,16
root,0,0,0,22,0,0
root,0,9,0,0,13,0
Chordata,0,5,7,6,4,0
root,0,6,0,0,0,16
Chordata,0,0,22,0,0,0
root,0,13,0,9,0,0
root,0,16,0,0,0,6
unclassified_Condylostomides,0,5,0,17,0,0
root,0,0,0,0,0,22
root,0,6,12,0,0,5
root,0,0,0,0,23,0
root,0,0,14,0,5,4
root,9,6,0,0,0,8
Metazoa,0,23,0,0,0,0
root,0,5,4,0,7,7
root,0,0,12,0,11,0
root,0,0,23,0,0,0
root,0,7,0,0,0,16
Chordata,0,23,0,0,0,0
root,0,0,0,0,23,0
root,0,6,17,0,0,0
Arthropoda,0,5,7,0,0,12
Cryptomonadaceae,0,0,0,0,24,0
Sessilida,5,0,0,19,0,0
Rhopalosiphum_padi,6,0,6,0,7,5
Metazoa,0,0,24,0,0,0
Chordata,0,17,7,0,0,0
Nitzschia_acidoclinata,0,0,4,11,9,0
Gonium,0,0,0,0,24,0
root,7,4,0,0,0,13
root,7,8,0,0,0,9
Metazoa,24,0,0,0,0,0
root,0,8,16,0,0,0
root,0,0,10,6,0,8
root,24,0,0,0,0,0
Metazoa,0,0,0,0,15,9
root,0,0,24,0,0,0
root,0,0,0,0,24,0
root,9,5,0,0,0,11
Lemna_minor,0,0,0,9,9,7
root,12,0,0,0,13,0
Vorticellidae,6,0,8,0,0,11
root,7,18,0,0,0,0
Orthonychiurus_folsomi,0,0,0,25,0,0
Oscillospiraceae,0,0,0,0,25,0
root,8,0,0,0,12,5
root,0,0,5,20,0,0
root,0,0,14,11,0,0
root,0,19,0,0,6,0
Metazoa,0,0,20,0,5,0
root,0,0,16,0,9,0
root,0,0,25,0,0,0
root,0,14,0,0,0,11
root,0,0,0,10,9,6
root,25,0,0,0,0,0
Chordata,0,25,0,0,0,0
root,0,0,25,0,0,0
Desulfuromonadaceae,0,0,11,0,0,15
root,0,17,9,0,0,0
Spirotrichea,12,0,0,0,14,0
Chordata,0,0,8,18,0,0
root,0,0,0,26,0,0
root,6,7,0,4,0,9
root,12,5,0,9,0,0
root,0,0,10,0,0,16
Metazoa,0,9,10,0,7,0
root,0,0,0,0,8,18
Metazoa,0,9,7,0,10,0
root,0,0,0,26,0,0
root,0,0,0,26,0,0
root,10,0,0,0,9,8
root,11,6,10,0,0,0
Plantago,4,0,11,0,12,0
root,0,0,0,7,10,10
Ciliophora,13,8,6,0,0,0
Gammaproteobacteria,0,0,0,0,14,13
Vorticellidae,0,0,27,0,0,0
Chordata,0,0,0,0,0,27
Chordata,0,0,0,27,0,0
root,0,0,27,0,0,0
Fungi,14,13,0,0,0,0
root,0,0,27,0,0,0
root,0,11,0,12,0,5
root,0,0,28,0,0,0
Chrysophyceae,4,5,0,7,8,4
Fungi,0,5,0,0,0,23
root,10,0,0,0,0,18
Metazoa,0,15,8,0,5,0
root,0,0,0,28,0,0
root,0,19,10,0,0,0
Endomicrobiaceae,9,4,0,4,6,6
root,29,0,0,0,0,0
Chordata,0,12,0,17,0,0
root,0,0,0,6,0,23
Conoidasida,0,0,29,0,0,0
root,0,0,6,15,0,8
root,0,0,29,0,0,0
root,0,0,0,0,29,0
root,0,0,10,0,14,6
Metazoa,19,0,0,0,0,11
Bacillariophyceae,0,11,0,0,19,0
root,0,26,0,4,0,0
root,4,10,0,6,6,4
root,0,9,9,4,0,8
root,4,4,6,5,4,7
root,4,6,4,0,0,16
Sessilida,0,0,30,0,0,0
Metazoa,9,0,6,0,0,15
root,0,0,30,0,0,0
Chordata,0,20,6,0,4,0
Metazoa,0,17,4,0,5,4
root,0,0,0,0,0,30
root,0,0,24,6,0,0
Anguilla_australis,6,0,0,0,25,0
root,0,0,13,0,12,6
root,0,10,6,15,0,0
Poaceae,0,0,25,0,6,0
root,5,5,0,7,9,5
Chrysophyceae,0,0,17,0,9,6
Methylophilaceae,0,0,14,11,0,7
root,12,0,11,0,0,9
root,0,0,5,4,5,18
root,0,16,6,0,10,0
root,8,6,4,6,8,0
root,4,0,10,12,0,6
root,0,0,0,0,0,32
root,0,0,0,0,32,0
root,32,0,0,0,0,0
root,0,0,0,32,0,0
root,0,13,12,8,0,0
Chordata,5,14,10,0,0,4
Acetobacteraceae,0,0,21,0,12,0
Acetobacteraceae,0,16,0,0,0,17
root,7,0,0,19,0,7
root,0,33,0,0,0,0
root,8,9,10,7,0,0
root,9,0,0,5,10,10
Chordata,0,0,7,0,27,0
root,9,7,0,0,9,9
root,0,11,13,0,10,0
root,5,7,17,0,0,5
Scotinosphaera,0,0,34,0,0,0
Oscillospiraceae,0,18,0,0,16,0
root,0,0,34,0,0,0
Chordata,21,0,13,0,0,0
root,0,25,0,9,0,0
root,0,0,34,0,0,0
Neochanna_diversus,0,14,0,0,10,11
Limnodrilus_hoffmeisteri,17,0,13,0,0,5
Synura,0,35,0,0,0,0
root,7,0,8,11,0,9
Proteobacteria,0,14,6,10,5,0
root,11,9,0,5,0,10
Eurotatoria,0,13,0,0,22,0
root,12,0,5,0,5,13
Metazoa,0,0,8,0,27,0
root,35,0,0,0,0,0
50_kb_inversion_clade,0,0,36,0,0,0
Chlorophyta,0,0,0,0,36,0
root,0,7,0,0,29,0
Metazoa,36,0,0,0,0,0
root,13,0,0,12,11,0
root,22,0,0,10,0,4
root,8,12,8,0,0,9
root,5,12,15,0,0,5
root,7,0,0,7,11,12
Coleps,0,0,0,0,37,0
root,0,0,0,0,37,0
Eubacteriales_Family_XIII_Incertae_Sedis,12,6,9,0,0,10
Solanoideae,0,23,0,0,15,0
Chromulinospumella_sphaerica,8,9,6,0,7,8
Chordata,10,13,7,8,0,0
Spirotrichea,28,0,0,10,0,0
root,0,0,13,4,10,11
root,4,4,10,8,7,5
root,9,13,10,0,0,6
root,0,10,0,28,0,0
root,0,7,16,12,0,4
Polygonoideae,0,0,29,10,0,0
Sporomusaceae,0,4,14,0,0,21
Eurotatoria,6,0,0,0,33,0
Ferruginibacter,16,0,0,0,23,0
Urostomides,0,0,13,11,15,0
root,0,0,39,0,0,0
root,0,0,18,0,11,10
Metazoa,0,6,4,0,15,14
root,0,0,0,0,0,39
Mallomonadaceae,0,0,0,0,0,40
Chrysophyceae,0,14,0,0,11,15
Metazoa,9,6,17,8,0,0
Chordata,0,0,17,0,23,0
Zoogloea,0,7,5,21,7,0
Alphaproteobacteria,13,15,0,0,6,6
Fungi,19,10,0,7,0,4
Caulobacteraceae,25,10,0,0,5,0
Naididae,7,0,0,33,0,0
root,20,0,0,20,0,0
root,0,19,0,0,11,11
root,13,0,15,0,0,13
Porphyrio_melanotus,8,0,0,5,11,17
Ciliophora,26,0,0,11,0,4
Eurotatoria,7,0,0,0,34,0
Chromatiaceae,0,15,0,0,26,0
Metazoa,33,0,0,0,8,0
Chordata,0,0,0,0,41,0
leotiomyceta,0,17,0,0,24,0
Chordata,0,14,0,0,27,0
Metazoa,0,0,0,0,14,27
root,41,0,0,0,0,0
root,0,0,0,0,0,41
root,0,6,0,0,8,28
Phacus,0,15,0,0,18,9
Solanaceae,0,0,42,0,0,0
Metazoa,6,6,11,8,7,4
root,0,0,0,0,29,13
Paraphysomonas_sp,0,9,12,0,9,13
root,12,0,5,0,17,9
Caulobacteraceae,0,0,20,9,14,0
Clostridiaceae,0,10,6,0,16,11
Vannellidae,9,13,0,8,0,13
root,10,5,14,5,0,9
Metazoa,0,0,28,0,15,0
Malikia,0,21,0,0,23,0
Paralcaligenes,0,7,18,0,14,5
Chlorophyceae,23,0,0,0,0,21
root,16,0,0,10,0,18
Chordata,7,12,9,0,0,16
Araceae,0,25,20,0,0,0
Haptorida,45,0,0,0,0,0
root,9,4,0,13,0,19
Corynoneura_scutellata,0,0,0,0,0,45
Oomycota,7,0,17,0,0,21
root,31,0,0,14,0,0
Chordata,0,6,29,11,0,0
Chlamydomonadales,17,15,0,0,5,9
root,11,10,11,0,8,7
root,21,6,0,7,0,13
Chlorophyta,13,7,0,12,15,0
Flavobacterium,0,0,0,0,47,0
root,21,5,0,10,5,6
Chitinophagaceae,6,12,9,11,9,0
Metopida,0,0,12,20,15,0
Tubificinae,0,0,12,35,0,0
Lobomonas,0,0,19,28,0,0
Chordata,0,0,47,0,0,0
Chordata,0,4,43,0,0,0
Poeae,25,0,0,14,9,0
root,0,48,0,0,0,0
Cryptomonas,11,0,0,0,16,22
Cyprinus_rubrofuscus,0,10,6,14,0,19
root,0,0,35,10,4,0
root,0,0,0,49,0,0
Rhodobacteraceae,7,0,13,0,17,12
Betaproteobacteria,0,0,37,0,12,0
Spirotrichea,9,29,0,11,0,0
root,0,0,49,0,0,0
Coprosma,0,0,0,0,32,18
Phaeophyceae,8,7,14,9,0,12
root,7,14,17,12,0,0
Desulfobulbaceae,9,0,9,0,17,15
root,15,16,0,0,19,0
root,32,13,0,5,0,0
Bos_taurus,4,25,0,5,12,5
root,8,8,10,0,12,13
root,27,0,0,14,10,0
root,4,17,26,0,4,0
Metazoa,4,0,17,10,16,4
root,0,0,0,0,19,32
Azonexaceae,0,0,29,22,0,0
Betaproteobacteria,6,14,0,4,18,10
root,8,6,13,17,8,0
Gomphonema,9,0,12,15,12,4
Fungi,0,0,26,0,0,26
Metopus,24,11,18,0,0,0
Colepidae,13,40,0,0,0,0
Metazoa,0,20,18,0,6,9
Eiseniella_tetraedra,6,8,0,4,21,15
Metazoa,14,29,5,0,6,0
root,7,6,5,7,5,24
Arthropoda,9,6,0,28,12,0
root,55,0,0,0,0,0
Chlorophyceae,15,4,8,8,5,15
root,0,13,14,15,14,0
Chordata,0,0,25,0,31,0
Euglenaceae,0,16,15,0,18,7
root,6,10,8,10,8,14
root,18,0,0,15,0,23
root,56,0,0,0,0,0
Chordata,18,6,18,6,4,4
Bacillariophyta,6,8,10,6,17,10
Chitinophagaceae,0,0,31,9,0,17
root,0,10,12,9,0,26
root,0,0,4,0,33,20
root,0,0,32,9,0,17
root,16,0,0,7,14,21
Lacrymariidae,26,0,0,32,0,0
Persicaria_thunbergii,8,30,11,0,9,0
root,0,0,58,0,0,0
root,0,58,0,0,0,0
Ranoidea_aurea,15,10,0,0,21,13
root,4,10,20,5,7,13
Metazoa,0,31,5,0,14,9
root,10,12,9,6,6,16
Chaetonotus,0,0,59,0,0,0
Chordata,25,9,20,5,0,0
Nais_communis,8,7,0,28,4,13
root,8,4,4,12,4,28
root,0,0,0,60,0,0
Rumex,0,0,33,0,9,19
root,6,13,21,9,0,12
root,17,4,13,10,7,10
root,0,4,29,0,18,10
Chordata,61,0,0,0,0,0
Flavobacterium,12,17,0,0,33,0
Eurotatoria,21,0,9,9,23,0
root,5,13,21,6,4,13
Spirotrichea,42,0,21,0,0,0
Desulfosporosinus,26,13,11,0,13,0
Chordata,17,20,11,0,0,15
root,10,0,33,0,12,9
Phacus,0,35,0,13,16,0
root,0,26,38,0,0,0
Chordata,0,0,31,16,5,12
Chlorophyta,0,0,42,0,23,0
root,13,0,23,14,0,15
root,0,8,23,6,4,25
Anas_rhynchotis,0,18,0,0,39,9
Vannellidae,10,20,9,21,6,0
Fungi,15,11,6,5,15,14
Chrysophyceae,21,8,17,13,8,0
Spumella_like_flagellate_JB,12,4,17,18,6,11
root,9,11,15,7,13,13
root,9,14,8,19,0,18
root,0,41,0,27,0,0
Flabellinia,35,33,0,0,0,0
Sturnus_vulgaris,0,0,0,48,21,0
root,11,10,16,8,20,4
Neochanna_diversus,0,0,42,0,28,0
root,6,15,18,5,15,11
Coprosma,0,0,70,0,0,0
root,8,0,17,12,15,18
Cygnus_atratus,20,0,8,8,12,22
Spirosoma,5,13,4,22,14,12
root,32,9,9,0,0,21
root,30,0,31,0,10,0
root,0,0,40,0,25,7
Chlorophyta,0,46,0,0,26,0
root,0,16,36,0,20,0
root,0,36,20,16,0,0
root,0,0,25,28,19,0
Chlorophyceae,0,41,7,0,24,0
Chaetonotus,13,12,15,0,0,32
root,72,0,0,0,0,0
Synura,0,0,0,20,53,0
Gobiomorphus_cotidianus,0,0,0,0,73,0
root,0,0,0,0,6,67
Bacteroidetes,0,0,0,0,39,34
root,48,25,0,0,0,0
root,0,0,0,0,0,74
Pristina,27,11,19,0,6,12
Metazoa,11,29,0,0,4,31
Metazoa,0,20,7,0,29,20
Rhodocyclaceae,28,16,12,12,8,0
Epalxella,8,17,26,11,0,14
Metazoa,20,15,0,6,12,23
root,62,10,0,0,5,0
Culex,32,6,15,7,0,17
Cochliopodium,0,14,19,0,30,14
Oligohymenophorea,0,0,42,16,0,19
root,28,0,8,28,6,8
Urostomides,16,0,35,15,0,12
root,0,0,0,78,0,0
Tetraspora_sp_UTEX_LB_234,0,35,0,0,44,0
Sorangiineae,0,34,29,0,0,16
Limnodrilus_hoffmeisteri,12,18,16,9,16,9
root,0,14,10,21,11,24
root,0,14,28,20,0,18
root,27,0,19,26,9,0
root,11,12,6,0,27,25
Metazoa,39,10,0,14,0,18
root,64,0,17,0,0,0
Chlorococcaceae,35,12,11,0,16,8
Chordata,9,0,15,50,9,0
Spumella_like_flagellate_JB,8,14,15,24,4,18
root,26,7,0,0,39,11
Metopus,15,9,31,0,6,22
Chitinophagaceae,31,23,0,16,14,0
root,0,18,28,0,13,25
Geothrix,15,0,13,7,37,12
Asteroideae,21,19,44,0,0,0
root,0,40,0,12,0,33
Metazoa,21,14,24,5,18,5
Metazoa,25,15,9,13,19,8
root,0,23,31,12,4,19
Naididae,0,0,0,89,0,0
root,53,0,33,0,0,5
root,19,0,31,19,0,22
Chordata,0,20,46,0,14,11
Anguilla_australis,0,27,5,6,39,15
Fringilla_coelebs,0,0,58,28,0,6
root,9,29,6,8,29,11
root,0,8,19,34,25,6
root,24,21,10,18,11,8
root,0,0,31,5,27,29
Saliceae,34,0,25,0,24,10
root,0,0,0,89,4,0
Chordata,4,34,20,20,15,0
Metazoa,21,13,15,9,11,25
root,0,0,0,94,0,0
root,94,0,0,0,0,0
Pinus,25,16,0,0,24,30
root,0,0,48,47,0,0
Metazoa,0,21,39,19,9,7
root,0,0,0,0,0,96
Prolixibacteraceae,0,0,0,45,38,14
Metazoa,0,0,85,0,12,0
Litostomatea,22,0,20,35,0,21
root,13,16,31,21,4,13
root,24,17,12,0,24,22
root,0,0,79,14,6,0
Holophagaceae,53,0,0,0,47,0
root,26,29,12,0,29,4
root,20,10,7,23,10,30
root,26,5,28,15,5,21
root,0,6,76,0,0,19
root,0,34,63,5,0,0
Alphaproteobacteria,15,22,8,14,32,11
Gammaproteobacteria,0,9,56,26,0,12
root,19,6,38,14,0,27
Gambusia_affinis,6,27,11,0,16,44
Vorticellidae,72,19,0,0,13,0
Metazoa,5,34,46,9,5,6
root,0,16,0,23,29,38
root,0,0,25,37,0,44
root,6,12,78,10,0,0
root,0,0,0,108,0,0
root,34,16,21,0,14,24
root,21,56,23,0,9,0
Vannella,21,0,0,55,0,33
root,33,12,22,15,4,24
root,0,112,0,0,0,0
Rubiaceae,0,0,0,0,45,68
root,22,8,26,19,15,24
Chordata,9,25,49,12,9,10
Flavobacterium,21,10,0,24,32,28
Metazoa,17,12,32,12,23,20
Trichosurus_vulpecula,0,0,0,0,116,0
Ideonella,43,0,0,0,73,0
root,55,19,4,7,16,15
root,19,15,29,21,18,15
Bradyrhizobiaceae,20,17,23,0,28,29
Loteae,30,22,17,0,28,21
root,16,15,27,7,21,32
root,16,21,48,0,17,16
Pinnularia,14,12,35,19,24,17
leotiomyceta,0,30,0,0,91,0
root,22,15,22,23,14,26
Bidens_pilosa,0,0,75,0,49,0
Metazoa,0,0,0,117,0,7
Oxytricha,60,20,0,14,0,31
Metazoa,6,10,26,35,36,12
Polynucleobacter,28,29,22,0,39,8
root,23,19,19,22,18,25
Metazoa,54,0,11,0,54,7
Chlamydomonadales,0,42,10,12,29,33
root,16,19,22,16,30,24
Gambusia_affinis,0,23,34,0,72,0
Pelobacter,19,10,55,0,25,21
Evosea,5,18,22,35,13,37
Oomycota,37,19,6,22,28,20
root,16,22,37,16,15,27
Cyprinus_rubrofuscus,54,23,0,0,41,15
Ferribacterium,0,46,0,45,45,0
root,0,136,0,0,0,0
root,20,26,21,32,10,28
Viridiplantae,0,90,0,4,39,4
Phacaceae,21,45,28,9,34,0
root,30,23,29,13,21,25
Mallomonadaceae,16,27,38,14,48,0
Bacteroidetes,47,22,0,50,0,24
root,11,12,42,20,20,39
root,29,18,42,17,11,27
Chlamydomonadales,0,27,25,31,42,22
root,40,18,0,55,14,21
root,36,19,36,25,0,33
Metazoa,13,25,14,15,26,56
Roseiarcus,0,65,53,0,32,0
root,43,4,41,0,63,0
root,0,72,38,0,19,23
root,0,4,0,0,75,75
Solibacteraceae,41,28,32,25,12,16
Cryptomonas,28,30,16,39,26,16
Chlorophyceae,0,82,7,0,66,0
root,0,17,13,0,128,0
Euglenales,15,35,24,5,55,26
Nitzschia,23,17,22,30,55,14
root,34,12,14,34,21,49
Betaproteobacteria,12,26,36,21,38,32
root,26,45,16,13,39,26
root,40,24,21,33,13,34
root,165,0,0,0,0,0
root,40,0,70,12,29,15
Chordata,0,12,55,90,9,0
root,36,17,33,26,27,27
root,26,22,25,33,14,46
Anas_platyrhynchos,14,55,7,17,39,36
Vannella_persistens,42,8,15,44,13,47
Chromatiaceae,15,17,19,36,24,58
root,81,32,42,16,0,0
Phacaceae,7,51,46,0,52,15
Betaproteobacteria,0,44,32,21,29,47
Cochliopodium_kieliense,26,31,47,29,19,23
root,24,29,14,26,38,45
Firmicutes,26,25,26,30,36,34
root,31,0,19,128,0,0
root,29,33,22,21,26,47
root,0,179,0,0,0,0
Asteroideae,18,63,21,0,80,0
root,33,9,81,15,11,34
Lobomonas,29,72,18,30,0,36
root,22,47,38,36,0,44
root,37,25,36,25,47,20
Hydrogenophaga,19,33,44,19,47,29
root,8,4,0,0,10,173
root,40,18,50,25,28,34
root,25,0,15,54,53,49
root,28,27,33,46,20,43
Chlorophyceae,34,34,36,21,37,36
Chaetonotus,23,0,67,0,0,110
Oxytricha,57,17,0,54,30,44
root,26,25,52,29,24,48
Fungi,34,26,64,41,17,27
Chlamydomonadales,0,102,0,14,95,0
root,47,44,23,49,0,49
Metazoa,0,136,0,11,61,5
Prolixibacteraceae,58,44,29,15,24,43
unclassified_Chlamydomonas,0,119,0,0,90,7
Chaetonotidae,43,106,0,40,27,0
root,31,31,44,43,35,37
Sulfuricurvum,15,20,122,21,15,28
Poeae,45,81,57,0,40,0
Sulfuricurvum,22,33,57,45,31,35
Ideonella,24,67,0,72,0,60
root,30,0,0,45,33,119
root,21,18,79,25,41,44
Telmatobacter,55,36,45,38,29,25
Chitinophagaceae,23,57,29,51,35,37
Chrysophyceae,59,18,64,68,10,16
Mallomonadaceae,0,70,45,22,63,35
root,41,31,30,27,53,54
Hexanauplia,0,81,42,21,66,28
root,31,36,56,44,19,52
root,54,32,35,40,29,48
Desulfuromonadales,34,41,17,50,50,47
root,66,34,44,46,28,22
root,60,32,26,66,24,34
root,29,38,92,42,12,32
root,32,37,54,32,40,53
root,25,28,87,35,0,74
Dechloromonas,50,25,55,22,36,63
root,40,31,130,50,0,0
Burkholderiales_genera_incertae_sedis,41,39,25,40,60,49
Thiodictyon,27,64,83,0,83,0
Chaetonotidae,55,0,37,55,38,72
root,30,25,119,44,27,16
Euglenales,22,45,58,17,84,42
root,93,0,35,33,37,70
Oomycota,57,57,34,55,55,13
root,0,35,105,24,29,83
Isolepis_prolifera,83,9,72,0,76,37
Metazoa,7,44,17,31,99,83
Reichenbachiellaceae,49,47,48,52,38,48
Chlorobiaceae,47,53,53,57,40,35
root,63,19,42,34,44,87
Myriophyllum,70,76,68,41,37,0
root,61,60,40,86,0,46
root,57,54,32,64,43,43
Bacteroidetes,51,47,51,53,50,47
Bacteroidetes,44,26,45,65,53,70
root,45,40,98,44,37,44
Ranoidea_aurea,0,22,61,35,114,78
Ludwigia,61,26,58,72,83,11
Chaetonotidae,0,124,0,50,93,44
root,38,38,127,48,21,41
root,68,59,45,0,77,64
Deltaproteobacteria,52,46,35,45,74,62
root,26,44,88,28,37,92
Gambusia_affinis,66,0,0,159,0,91
Myriophyllum,77,66,95,0,86,0
Bos_taurus,72,24,20,65,126,21
root,49,11,160,53,0,56
unclassified_Cyclops,79,111,0,19,109,20
root,51,22,100,65,30,72
root,87,52,131,48,4,22
Cryptomonas,63,82,46,64,39,51
Neochanna_diversus,0,61,0,0,298,0
Alsobacter,15,77,136,29,30,79
Nitzschia,55,40,37,118,71,46
Carchesium,28,9,260,10,8,59
root,51,65,43,66,76,74
root,94,98,0,0,161,24
Paludibacter,60,62,65,63,74,60
Chlamydomonadales,4,242,0,6,133,0
Bacteroidetes,64,76,69,60,70,47
root,73,61,72,56,52,80
Galium,102,57,106,0,151,0
Metazoa,0,0,235,0,0,184
Vorticella,99,73,38,79,38,113
Thiodictyon,25,97,164,19,46,93
Metazoa,99,57,96,82,46,66
Nais_communis_variabilis_complex_sp_A1,82,112,8,60,137,53
root,91,64,45,86,58,111
root,78,62,89,80,64,92
root,55,88,119,52,91,61
Cryptomonas,91,94,57,107,35,87
root,85,107,42,112,60,67
Araceae,104,98,272,0,0,0
Embryophyta,80,54,108,59,128,45
root,16,52,84,0,233,91
Metazoa,0,0,26,434,13,8
Persicaria,58,80,208,0,138,0
root,17,52,221,23,41,133
Rotaria_rotatoria,71,61,31,136,101,88
root,71,76,78,94,82,89
Metazoa,99,77,58,191,43,23
Ludwigia,108,124,111,0,136,18
Gammaproteobacteria,39,97,99,105,84,74
root,69,55,149,90,46,99
Chamaedrilus,127,77,12,32,126,137
Metazoa,68,216,74,4,111,57
Polygoneae,29,58,103,0,65,277
Panicoideae,116,125,0,97,158,40
root,15,199,94,83,89,59
Comamonadaceae,113,50,122,113,45,97
Flavobacterium,62,75,148,84,84,94
root,72,114,86,110,49,127
Comamonadaceae,91,101,0,139,121,117
root,55,0,242,91,53,141
root,73,92,109,144,83,95
root,51,70,190,70,71,148
root,100,94,170,83,111,93
Geobacter,142,107,99,95,105,108
root,0,191,363,6,54,46
Metazoa,507,36,22,15,60,36
root,106,94,118,127,70,163
Lamiaceae,108,184,240,0,159,40
Chaetonotus,158,122,164,172,80,59
root,55,221,121,70,189,104
Porphyrio_melanotus,130,76,96,113,157,191
Poeae,85,66,94,0,152,391
Anas_chlorotis_or_gracilis,109,225,51,20,297,103
Rotaria_rotatoria,121,98,61,96,419,42
root,124,138,128,122,120,205
Macromonas,142,161,158,114,115,151
Hexanauplia,78,257,73,109,245,82
Chlorophyceae,14,476,46,75,213,20
root,13,8,49,16,335,425
Chlorobiaceae,178,121,95,195,147,157
root,202,127,72,80,310,105
root,210,89,156,166,152,160
root,136,128,136,154,97,295
Gammaproteobacteria,103,127,326,200,94,107
Burkholderiales,147,158,154,114,250,155
Iris,150,241,244,0,320,25
root,0,482,253,211,0,34
root,339,85,147,162,109,155
Anguilla_australis,174,85,82,120,406,135
root,89,156,347,84,133,204
root,137,160,301,106,114,203
root,226,110,179,164,151,195
root,195,120,170,168,167,209
root,152,206,174,201,108,189
Pooideae,144,169,254,118,183,183
Eukaryota,348,191,53,282,79,98
Paspalum,234,14,308,0,390,106
root,98,49,440,174,56,239
Rubioideae,176,294,216,0,308,78
Betaproteobacteria,227,159,117,268,156,152
Cyclopoida,93,325,85,108,400,135
root,117,239,226,120,287,169
Asteraceae,235,314,226,0,274,122
Magnoliopsida,115,133,391,195,262,101
Lumbriculus_variegatus,210,73,331,116,118,372
Eukaryota,370,194,120,380,88,114
Rhodoblastus,144,290,222,139,302,238
Vannella,125,98,673,174,60,205
Asparagales,214,143,323,209,366,116
root,374,141,204,304,130,221
Chromatiaceae,125,280,291,106,323,258
root,246,262,207,36,206,487
root,321,155,218,297,218,240
root,206,309,177,49,448,294
root,0,0,0,1504,0,0
root,109,388,396,103,355,259
Polaromonas,355,246,268,458,189,347
root,415,386,343,104,376,330
Asparagaceae,267,528,413,0,558,240
root,510,167,388,286,305,506
root,367,389,281,83,673,398
Cygnus_atratus,283,622,249,84,655,489
Cyclopidae,0,0,431,978,0,1050
Persicaria,363,380,560,681,433,88
Paratanytarsus_grimmii,925,334,51,920,384,97
Betaproteobacteria,365,369,651,325,571,447
Metazoa,477,799,102,589,904,184
Carchesium,1226,371,473,738,267,607
Anas_platyrhynchos,550,536,568,649,840,607
Cyperoideae,830,635,134,528,740,1132
Poaceae,725,363,855,811,1083,1038
Polygonoideae,977,834,2051,0,1033,190
Cygnus_atratus,1543,574,739,1961,869,401
Cyclopidae,1508,2110,335,0,2535,0
root,1228,978,1425,1325,1014,1396
root,1908,1619,1066,295,966,1721
Anas_chlorotis_or_gracilis,1140,1525,1179,1273,2781,1207
Acanthocyclops_robustus,873,2827,1035,1412,4779,2262
Glyceria,4702,6370,4207,0,6749,5798
Anserinae,4447,4746,4922,3878,6742,6399
Lumbriculus_variegatus,5173,6258,6001,810,4887,8877
root,3328,4123,4039,30457,2842,3283
root,0,9518,0,5222,20107,21793
Octolasion_lacteum,8879,10148,12322,1436,12939,13158
