﻿tax_assignment,One,Two,Three,Four,Five
root,11495,12106,13472,0,0
Octolasion_lacteum,10461,9853,7922,8541,11063
root,2929,3501,3495,3960,4991
Lumbriculus_variegatus,5014,5809,3306,7878,5850
Anserinae,2330,1951,1532,1860,2672
Glyceria,3898,0,955,3654,4276
Acanthocyclops_robustus,1971,721,529,1381,1361
Betaproteobacteria,1101,1463,1442,1584,1503
root,1186,1116,1102,1481,1454
Bos_taurus,3138,2035,2010,2164,2904
root,781,1121,830,1039,841
root,2180,2307,1879,1756,2197
Cyclopidae,0,1440,952,1789,1587
Anguilla_australis,645,1280,927,1354,1448
Nais_communis_variabilis_complex_sp_A1,113,131,331,64,154
Metazoa,955,589,411,255,566
Anas_chlorotis_or_gracilis,645,1209,508,565,952
root,1317,1851,1008,1329,1003
Podocarpaceae,0,0,3180,0,0
Poaceae,376,1863,1028,1031,972
Carchesium,305,498,629,447,476
Anas_platyrhynchos,477,471,366,948,517
Macromonas,454,490,623,626,732
Metazoa,0,616,422,757,674
Cygnus_atratus,109,27,248,45,334
root,770,590,486,393,643
Cyperoideae,527,262,347,401,327
root,299,589,505,371,547
root,865,494,240,426,304
Chlamydomonadales,44,47,22,147,31
root,339,390,400,306,336
Polygonoideae,226,0,159,264,216
Porphyrio_melanotus,125,518,297,509,252
Neochanna_diversus,0,295,261,239,536
root,205,215,309,207,267
root,623,448,763,331,566
Cyclopidae,570,0,646,1228,0
root,495,606,409,453,498
Araceae,26,0,34,20,7
root,182,199,203,296,284
Ranoidea_aurea,127,384,507,337,457
root,444,234,152,354,418
Gambusia_affinis,263,180,128,130,0
Loteae,68,0,0,15,25
Burkholderiales,412,302,380,271,307
Chlamydomonadales,88,41,10,99,24
Chrysophyceae,261,352,332,293,290
root,303,374,309,327,372
Cygnus_atratus,291,208,124,118,179
Paratanytarsus_grimmii,44,130,86,92,73
Asparagaceae,392,0,23,570,444
Poeae,737,0,188,559,426
Persicaria,21,36,48,62,65
Cyatheaceae,0,0,0,0,0
root,64,95,64,200,212
Polaromonas,57,98,82,85,105
Solanoideae,0,2303,35,0,13
Asparagales,419,143,212,373,252
Pinus,9,1330,0,80,44
Chlorophyceae,45,0,0,0,34
root,323,315,226,201,155
Cyclopoida,227,78,179,360,174
Pooideae,129,285,214,158,139
Chrysophyceae,99,114,198,134,192
root,173,175,124,218,184
Chlorophyceae,6,0,0,83,7
root,205,330,228,245,249
Cupressaceae,0,0,0,0,0
root,93,65,62,116,116
root,203,284,343,235,339
root,210,302,235,221,216
root,13,13,22,19,10
Geobacter,86,75,156,97,193
root,24,58,37,49,53
Chlorophyta,217,148,152,132,202
Eukaryota,27,121,60,89,82
root,143,79,122,102,129
Gammaproteobacteria,97,92,85,91,76
Eukaryota,21,80,65,71,78
Metazoa,172,267,199,94,91
Bos_taurus,279,283,248,208,364
Chromatiaceae,65,85,96,77,82
Arthropoda,14,5,8,6,10
root,222,294,183,190,185
Chlorophyceae,86,50,121,77,103
Paspalum,71,0,141,67,173
Saliceae,31,0,266,42,28
Ludwigia,0,0,0,0,52
root,105,144,134,135,153
Rhodoblastus,41,37,57,44,46
Podocarpus,0,0,0,0,0
Lumbriculus_variegatus,41,24,37,75,59
Anguilla_australis,126,228,140,144,244
Vannella,15,23,0,14,43
root,75,144,80,73,34
Betaproteobacteria,50,40,32,41,18
Metazoa,865,0,303,0,0
Rumex,49,0,0,29,16
Iris,53,0,64,91,141
Cryptomonadaceae,190,161,172,121,156
root,177,182,188,138,164
root,183,112,114,120,143
root,0,0,0,0,0
Hexanauplia,121,49,16,64,70
Comamonadaceae,57,73,75,57,53
root,181,214,177,127,177
Chamaedrilus,66,73,375,201,34
root,22,25,48,51,29
Araceae,224,0,95,349,276
root,24,52,60,39,46
root,59,70,54,48,55
Magnoliopsida,0,0,0,41,118
root,27,35,23,30,14
Asteraceae,97,0,0,11,90
unclassified_Cyclops,16,28,22,80,32
root,35,43,0,41,42
Chromulinospumella_sphaerica,99,150,107,84,149
Chlorophyceae,75,23,32,43,57
root,154,237,183,144,142
Anas_chlorotis_or_gracilis,97,152,50,48,107
root,12,15,43,36,0
Vorticella,14,59,101,40,37
root,125,0,0,140,0
root,290,0,519,175,282
root,59,15,0,0,0
root,135,92,85,62,108
Persicaria,42,0,600,0,80
root,0,0,0,52,0
Cryptomonadaceae,67,92,82,72,64
Chordata,39,0,21,4,56
Flavobacterium,92,79,68,69,59
Betaproteobacteria,98,102,103,81,95
Polygoneae,112,0,420,68,0
Rubioideae,0,0,0,0,0
root,240,0,38,309,288
Metazoa,0,0,0,15,11
root,93,98,83,45,114
Cryptomonas,60,92,75,75,60
root,36,40,25,34,35
root,64,47,41,50,36
Rotaria_rotatoria,16,9,0,16,28
root,61,33,34,36,46
root,111,95,79,105,97
root,104,88,70,85,88
Chlorobiaceae,0,11,0,8,16
Lamiaceae,95,0,0,53,47
Mallomonadaceae,16,20,16,37,27
Chlorophyceae,204,0,0,61,211
Carchesium,13,12,21,20,75
Panicoideae,0,13,13,0,46
Paraphysomonas_sp,85,139,47,104,70
root,0,6,17,7,0
Pooideae,0,0,0,0,0
root,28,36,18,15,30
root,76,96,61,29,55
Poales,0,77,292,204,268
Ranoidea_aurea,189,116,55,118,126
Apiaceae,0,0,0,29,10
Ranunculus,18,0,0,160,45
Cryptomonas,56,38,69,47,27
Nais_communis,0,0,15,0,0
Euglenales,89,62,33,72,91
root,16,41,33,14,11
Malikia,56,56,66,48,65
root,57,87,62,68,58
Spumella_like_flagellate_JB,52,35,33,53,38
Hexanauplia,21,0,0,0,0
Chaetonotus,0,0,0,0,0
Polynucleobacter,165,89,90,88,70
root,0,0,0,0,17
Rotaria_rotatoria,7,17,6,83,4
root,91,135,50,110,79
root,20,44,55,29,28
root,125,149,144,87,97
Bos_taurus,114,70,55,38,242
root,13,24,37,23,14
Anguilla_australis,32,24,26,23,232
root,0,0,0,0,0
Chordata,22,0,608,48,9
root,12,18,6,17,18
root,80,56,42,85,103
Sturnus_vulgaris,116,79,147,6,86
root,37,66,54,55,81
root,55,46,79,51,44
Gammaproteobacteria,25,7,51,27,17
Oxytricha,37,51,37,34,38
Thiodictyon,49,45,44,64,61
Flavobacterium,78,91,78,60,57
root,0,4,5,14,10
Paludibacter,54,41,36,29,26
root,35,21,17,25,32
Cryptomonas,47,49,45,31,56
Bacteroidetes,23,36,32,34,25
root,60,78,63,56,58
Euglenales,58,6,20,51,78
Poeae,0,0,0,54,0
root,20,13,13,9,21
Nitzschia,25,45,18,20,30
Oxytricha,22,69,46,29,29
Metazoa,83,58,72,100,70
Gambusia_affinis,45,40,19,40,0
Neochanna_diversus,0,21,0,0,28
Chordata,28,7,62,0,4
root,0,0,0,10,0
root,0,0,0,6,0
Anguilla_australis,39,145,0,249,145
Viridiplantae,28,6,0,12,0
Cryptomeria_japonica,0,0,0,0,0
root,29,23,38,27,20
Spumella_like_flagellate_JB,53,63,41,47,30
root,28,29,35,30,28
Metazoa,73,0,0,0,6
root,22,19,32,17,31
Sulfuricurvum,30,27,13,24,29
Comamonadaceae,0,0,0,0,0
root,0,0,0,0,0
Ludwigia,40,0,0,15,7
root,0,0,0,0,0
Chlamydomonadales,0,12,0,0,0
Chlamydomonadales,7,30,0,15,0
Betaproteobacteria,135,61,81,63,48
Chrysophyceae,29,53,22,0,16
root,51,64,36,33,29
Fringilla_coelebs,0,0,92,266,0
Dechloromonas,0,17,45,53,42
Embryophyta,52,0,0,0,0
root,33,37,27,41,9
Metazoa,5,0,0,0,0
root,32,64,57,58,46
root,0,0,31,0,0
root,112,89,63,60,54
root,6,21,24,89,33
root,0,0,0,0,0
root,0,0,4,0,7
Haptorida,28,0,0,68,0
Cryptomonas,0,33,37,0,17
root,31,27,42,34,19
Oomycota,38,15,31,30,33
root,133,61,50,70,87
root,11,13,16,15,13
Chrysophyceae,51,71,57,51,37
root,26,20,26,31,42
root,55,38,28,30,60
root,57,77,40,37,42
Bacteroidetes,15,20,21,0,0
Cyprinus_rubrofuscus,0,130,37,0,61
root,50,67,32,37,46
root,32,15,39,24,36
Nitzschia,57,54,20,29,28
root,13,0,0,0,10
root,34,33,29,37,42
Thiodictyon,0,0,0,0,5
root,8,26,10,11,14
Mallomonadaceae,44,42,10,54,39
root,31,47,32,11,28
Metazoa,0,0,0,0,0
Galium,0,0,0,0,25
Ciliophora,18,24,48,17,24
root,429,0,0,0,0
Lumbricus_castaneus,111,44,73,37,127
Bacteroidetes,9,21,12,16,25
root,44,53,62,42,45
Chrysophyceae,40,73,34,39,22
root,26,20,26,22,11
Isolepis_prolifera,41,0,0,64,37
Anas_platyrhynchos,53,20,31,54,40
root,36,59,32,13,14
Chlorophyceae,38,31,22,9,6
Ciliophora,43,16,33,18,42
Vorticellidae,27,54,78,40,41
Fungi,60,30,0,36,11
root,0,0,0,0,0
Neochanna_diversus,25,71,0,22,66
Ludwigia,20,12,12,7,8
root,41,22,23,31,27
Viridiplantae,0,0,8,0,59
root,0,0,15,15,8
root,0,0,0,0,49
root,23,21,31,26,33
Chrysophyceae,31,29,11,12,14
Poeae,0,0,0,0,0
Alsobacter,0,0,0,0,5
root,11,22,16,0,13
Metazoa,9,88,51,53,47
Culex,26,23,31,39,30
Asteraceae,15,0,0,48,10
root,8,0,0,0,0
root,0,0,0,4,4
Chordata,0,52,0,4,0
Myriophyllum,14,0,0,0,4
root,0,0,0,0,0
Chrysophyceae,17,0,0,0,0
root,0,24,5,0,13
root,7,14,10,0,18
Ferribacterium,65,27,22,0,0
root,14,0,10,0,0
Chrysophyceae,0,0,0,17,0
Reichenbachiellaceae,7,0,6,0,17
root,0,9,0,0,144
Chrysophyceae,23,22,30,31,16
root,17,0,36,21,36
root,0,0,0,0,0
root,39,0,53,0,0
root,16,34,20,0,21
root,0,0,0,63,0
Holcus,0,0,0,0,0
root,0,0,0,0,0
root,170,0,0,0,0
Cryptomonadaceae,0,25,33,27,12
root,11,19,0,0,0
Burkholderiales_genera_incertae_sedis,0,14,9,4,6
Ciliophora,11,15,0,0,0
Bidens_pilosa,0,0,0,0,0
Oomycota,0,6,12,0,4
Gambusia_affinis,0,0,0,0,0
Deltaproteobacteria,0,0,0,0,0
Chrysophyceae,18,14,35,13,6
Chaetonotidae,0,0,0,0,0
Chlorobiaceae,4,4,17,0,0
Halteria,56,43,15,31,50
Chordata,15,69,16,7,0
Cryptomonadaceae,5,25,7,13,0
root,0,0,4,5,0
root,8,18,0,4,13
root,0,0,10,21,0
root,302,0,0,0,0
Gammaproteobacteria,25,26,7,0,13
root,0,0,0,0,0
unclassified_Chlamydomonas,0,0,0,9,0
Myriophyllum,0,0,0,0,0
root,28,0,0,93,0
Rubiaceae,76,0,0,55,0
root,16,30,0,11,13
Metazoa,0,6,0,0,0
Carassius_auratus,0,163,39,22,0
root,5,0,4,4,0
root,6,6,7,8,0
Musaceae,15,263,0,0,0
Porphyrio_melanotus,68,47,18,36,18
Haptorida,75,63,0,56,0
root,0,0,0,0,0
Desulfuromonadales,0,11,17,0,0
root,16,19,24,4,0
Hydrogenophaga,14,0,14,0,0
Chitinophagaceae,0,0,14,0,0
Ciliophora,0,14,25,6,12
Mallomonadaceae,13,17,0,0,16
root,113,0,0,0,0
root,0,0,0,4,0
Chaetonotidae,0,0,0,0,0
Gammaproteobacteria,50,29,41,30,34
root,0,28,11,0,13
root,26,21,13,6,26
Phasianus_colchicus,0,34,7,32,0
root,9,0,9,11,28
root,40,47,8,35,30
root,17,0,0,0,0
Chrysophyceae_sp,22,35,26,41,23
Metazoa,29,12,15,23,19
root,11,0,0,0,8
Poeae,0,0,0,0,0
Actinopteri,0,0,0,0,0
Pinnularia,37,5,0,17,21
root,31,30,23,26,29
Sulfuricurvum,0,0,0,4,4
Lemna_minor,0,0,0,0,12
50_kb_inversion_clade,0,0,66,36,0
Chilodonellidae,0,0,0,0,0
Lumbricus_rubellus,25,15,72,0,20
Oleaceae,0,0,0,0,0
root,28,35,21,15,22
Halothiobacillaceae,12,0,14,10,28
root,9,0,7,0,0
Telmatobacter,0,0,0,0,0
Spirotrichea,0,15,18,0,0
Prolixibacteraceae,0,0,0,0,0
Rhodospirillales,55,26,34,16,33
Cochliopodium_kieliense,0,12,5,17,14
Ideonella,0,0,0,0,0
Onagraceae,0,0,0,0,0
Chordata,0,24,30,0,0
Metazoa,51,5,21,31,34
Firmicutes,10,5,0,7,4
Coprosma,0,0,39,75,36
Polygonoideae,0,18,30,0,32
Holophagaceae,36,21,13,16,0
root,86,0,35,0,5
Chaetonotus,6,0,0,5,6
Chaetonotidae,0,0,0,0,0
Halteria,16,0,18,15,27
root,39,30,0,26,35
root,0,0,0,36,23
Chilodonellidae,0,0,0,0,0
Proteobacteria,41,24,36,18,29
root,12,26,9,17,0
root,0,0,0,0,0
Limnodrilus_hoffmeisteri,0,0,29,0,0
root,90,0,0,0,0
Litostomatea,0,14,14,0,0
Chordata,5,7,0,78,0
Fungi,0,0,0,0,0
root,55,17,5,16,7
root,0,0,0,0,0
Chitinophagaceae,31,7,0,8,0
Chlorococcaceae,0,0,0,0,0
root,0,0,0,14,6
Metazoa,9,16,75,0,5
root,4,14,10,16,6
Vannella_persistens,0,0,18,0,0
root,0,0,0,0,0
Lobomonas,0,0,0,0,0
Chlorophyceae,0,0,0,0,0
root,6,0,0,0,0
root,0,0,0,0,0
Asteroideae,0,0,0,0,0
root,10,0,0,10,15
root,0,0,4,0,0
root,0,0,0,6,0
Theaceae,0,0,0,0,0
root,0,0,0,6,0
root,0,0,0,0,0
root,5,0,5,0,0
root,0,0,0,0,8
root,0,6,8,0,5
root,0,0,0,0,0
Pedinellales,13,7,15,17,16
root,12,21,5,17,0
root,4,0,31,0,12
root,21,30,10,20,22
Podocarpaceae,0,0,0,0,0
Betaproteobacteria,0,0,0,0,0
root,19,0,0,0,0
Anguilla,0,0,0,0,0
Phacaceae,0,0,0,0,0
root,20,19,0,20,0
Microglena_monadina,0,10,19,0,0
Lacrymariidae,0,0,28,0,0
Chromatiaceae,0,0,0,0,0
root,0,0,0,0,0
Metazoa,0,12,0,0,6
root,0,0,0,0,0
root,0,0,0,0,0
root,0,0,0,0,0
root,0,0,0,0,0
Synura,0,0,0,0,0
Arthropoda,5,17,12,9,9
root,17,0,0,0,5
Metazoa,42,11,25,9,33
Cedrus,0,0,0,0,0
root,22,42,24,5,13
root,9,0,0,0,0
Chlorophyta,22,15,17,18,0
root,0,0,0,7,0
Chlamydomonadales,0,10,0,0,0
root,0,0,0,0,0
root,0,0,0,0,0
Spirotrichea,0,15,27,0,27
Pristina,8,4,11,0,19
root,0,17,0,16,0
root,0,155,0,0,0
Solibacteraceae,0,0,0,0,0
root,33,17,18,17,12
Metazoa,0,0,0,0,5
root,27,23,21,13,24
root,0,0,0,0,0
Phacaceae,0,0,14,0,0
root,0,151,0,0,0
Roseiarcus,0,0,0,0,0
root,0,13,18,13,8
root,0,0,0,0,0
root,76,23,0,18,0
Flavobacterium,0,9,0,0,22
root,0,13,6,15,7
root,0,0,5,0,0
Spirotrichea,24,0,0,0,0
Cochliopodium,0,0,9,0,0
root,0,0,31,8,4
Bacteroidetes,0,0,0,0,0
root,24,10,13,15,0
root,0,0,0,0,0
Limnophyes,5,13,9,14,12
Eurotatoria,0,0,7,38,0
root,5,0,0,0,0
root,0,0,0,0,28
Sessilida,0,4,13,15,5
Luna_1_subcluster,39,13,24,23,22
root,0,34,0,57,31
root,17,7,13,11,0
root,15,26,22,6,34
root,0,68,18,0,0
Metazoa,0,0,0,0,0
root,0,0,0,138,0
root,0,0,0,0,0
Dero,0,0,0,36,42
Flavobacterium,27,25,0,0,12
Pelobacter,0,5,0,0,0
Evosea,0,0,0,0,5
Metazoa,0,0,0,4,4
root,0,0,0,0,0
root,24,0,0,35,27
root,19,0,0,9,20
Spirotrichea,0,30,37,0,0
root,0,5,0,0,0
root,0,5,4,0,5
root,5,4,4,0,0
Chlorophyta,0,0,7,10,0
root,5,11,12,0,6
Chlamydomonadales,0,0,0,0,0
root,7,0,0,16,12
root,0,0,0,19,0
Bradyrhizobiaceae,0,0,7,0,0
Metazoa,0,0,0,0,0
Cyprinus_rubrofuscus,0,16,0,13,62
Eiseniella_tetraedra,0,18,27,17,0
root,0,0,0,21,0
Coprosma,0,0,38,0,9
Plantago,0,0,28,0,5
Chrysophyceae,0,0,0,0,23
Ciliophora,0,5,10,0,0
root,0,0,0,0,0
leotiomyceta,0,0,0,0,0
Chordata,8,5,0,0,24
Chlorophyceae,0,0,0,0,0
root,47,9,10,0,23
root,0,19,0,6,11
Cyprinus_rubrofuscus,0,0,0,15,0
root,46,0,0,0,45
root,11,0,14,0,7
root,0,0,0,0,0
Rhipidura_fuliginosa,0,0,0,0,19
root,0,10,0,21,15
Trichosurus_vulpecula,0,0,0,0,0
Gomphonema,6,6,11,0,0
Ideonella,0,0,0,0,0
root,8,23,6,12,7
root,0,0,0,0,0
Eukaryota,0,0,0,0,0
Chordata,0,0,0,48,0
Chordata,0,0,0,0,0
root,0,25,18,0,0
Metazoa,0,0,0,0,0
Metazoa,0,35,0,0,0
root,0,0,97,0,0
root,0,0,0,0,0
Chordata,0,0,0,0,0
Tetraspora_sp_UTEX_LB_234,15,0,0,16,0
Metazoa,0,0,0,0,0
Viridiplantae,0,0,0,0,0
root,0,0,0,0,0
Vannella,0,0,0,0,0
Metazoa,11,0,0,19,20
root,19,0,57,16,0
Metazoa,0,0,4,0,0
root,0,0,0,0,0
Prolixibacteraceae,0,0,0,10,0
root,0,0,0,0,0
Chordata,0,0,0,0,72
root,0,0,0,0,0
root,0,0,0,0,0
Prevotella,25,18,24,9,23
Turdus,0,0,0,0,0
Cryptomonadaceae,5,0,0,13,0
Metazoa,0,0,0,0,0
root,0,0,0,0,0
root,0,0,7,0,0
Anguilla,0,0,0,0,0
Rhodobacteraceae,14,0,15,0,10
root,0,4,0,0,0
Alphaproteobacteria,0,0,0,0,0
root,7,26,5,8,6
root,7,19,7,16,9
Rhopalosiphum_padi,4,5,15,4,19
Anas_rhynchotis,0,0,0,0,0
root,0,5,0,0,0
root,0,0,0,0,0
root,0,0,0,0,9
root,0,0,0,0,0
Euplotes,4,0,8,0,0
Nephroselmidaceae,5,0,0,0,0
Fabaceae,6,0,0,0,11
root,16,11,6,10,4
root,14,0,8,0,11
root,0,4,0,0,0
Phacus,8,0,7,10,0
root,0,0,0,0,33
root,0,0,0,0,0
root,25,30,0,0,0
Metazoa,0,0,0,0,0
Rattus_norvegicus,25,0,0,0,0
Metopus,8,0,0,5,0
root,36,6,19,5,4
root,27,22,0,0,13
root,0,0,4,0,0
Metazoa,35,52,0,4,0
root,0,0,0,0,0
Metazoa,25,8,13,12,5
root,0,0,0,0,0
Metazoa,0,0,0,0,0
root,0,10,14,17,17
Paracyclops_fimbriatus,0,15,0,0,0
Stellaria_media,7,0,37,13,0
root,0,0,47,27,0
root,0,0,0,0,0
root,0,0,0,0,0
Methylophilaceae,20,11,0,0,0
root,8,0,50,23,12
Metazoa,7,6,0,0,0
root,14,10,25,0,21
Coleps,0,0,24,12,5
root,0,0,0,0,0
Mammalia,0,0,92,0,0
Phaeophyceae,11,6,0,5,0
Micrococcales,24,14,10,4,21
Chordata,0,0,0,0,0
root,0,0,0,91,0
Nephroselmidaceae,0,0,0,0,0
root,18,0,0,0,0
Chordata,0,0,0,0,0
Aporrectodea_caliginosa,46,6,0,20,17
Geothrix,0,0,0,0,0
Naididae,0,0,0,0,0
root,7,0,0,7,0
Chlamydomonadales,0,0,8,0,14
Chordata,0,0,0,0,0
root,10,0,0,4,0
root,0,0,0,0,0
root,14,8,0,9,19
root,6,16,13,11,11
root,0,0,0,0,0
root,0,0,0,0,0
Euglenaceae,0,7,0,7,7
Bacteroidetes,0,6,5,16,11
root,10,15,10,0,0
Cryptomonadaceae,14,13,0,6,11
root,6,5,0,0,0
root,6,11,19,7,15
Ciliophora,0,0,0,0,0
Asteroideae,0,0,0,0,0
root,0,4,0,0,0
root,0,0,0,0,0
root,14,9,10,8,14
root,11,0,0,5,7
root,78,0,0,0,0
root,0,0,0,0,0
Persicaria_thunbergii,0,0,0,0,24
Rhodocyclaceae,0,0,0,0,0
Mammalia,0,0,73,0,9
Metazoa,0,0,0,0,0
root,0,0,0,0,0
Carassius_auratus,0,80,0,0,0
root,0,24,0,0,0
root,4,14,11,0,0
root,0,0,8,0,0
Bacillariophyta,0,0,0,0,0
Sorangiineae,0,0,0,0,0
Urostomides,0,0,0,0,0
unclassified_Vorticella,0,0,0,0,0
root,0,0,0,0,0
root,5,4,0,0,0
root,0,0,0,0,0
Ploima,10,0,0,0,0
root,22,0,9,17,8
root,48,8,0,0,21
Oligohymenophorea,0,0,0,0,0
Euplotes,12,9,8,4,0
Ranunculus,19,0,0,6,16
Epalxella,0,0,0,0,0
Chlorophyceae,0,4,0,0,0
root,0,6,8,6,12
Metazoa,0,0,0,0,0
Chordata,0,0,0,0,0
root,0,0,0,0,0
Anguilla_australis,0,0,65,0,0
Ameiurus_nebulosus,60,0,0,7,0
Eukaryota,0,0,9,0,0
root,0,0,7,0,0
root,0,10,0,0,0
Metazoa,0,0,0,0,0
Sus_scrofa,0,0,0,0,0
Sporomusaceae,0,0,8,0,27
root,0,0,20,11,0
root,0,0,0,0,0
Gobiomorphus_cotidianus,0,0,0,0,0
root,0,0,0,0,0
Bacteroidetes,0,0,0,0,0
root,0,0,0,0,0
root,0,0,0,0,0
Chordata,0,0,73,0,0
Eukerria_saltensis,0,0,17,28,0
Desulfosporosinus,0,0,0,9,0
Chaetonotus,0,0,0,0,0
Asteraceae,0,0,72,0,0
root,0,0,0,0,0
Metazoa,4,0,0,0,0
Cygnus_atratus,0,0,0,0,0
Nitzschia,6,8,15,4,13
Spirosoma,0,0,0,0,0
Chordata,0,0,0,0,45
root,13,6,15,13,5
root,0,0,0,0,9
Lampropholis_delicata,0,0,0,0,0
root,19,13,13,0,0
Chordata,0,0,69,0,0
Colepidae,0,0,0,0,11
root,11,4,0,0,7
root,0,0,0,0,0
Flabellinia,0,0,0,0,0
root,6,0,0,0,0
root,0,0,0,0,0
Chordata,0,0,0,0,0
Insecta,0,0,0,0,4
root,11,0,11,0,24
root,0,0,0,0,0
Vannellidae,0,0,0,0,0
root,10,0,7,11,13
root,0,0,0,0,0
Fungi,0,0,0,0,0
root,0,0,0,0,0
root,0,0,0,0,0
Poeae,0,0,0,0,17
Gammaproteobacteria,13,12,7,0,8
root,0,0,0,0,17
Ciliophora,0,11,0,0,0
root,0,0,0,0,0
Metopus,11,0,0,0,0
Cytophagaceae,14,11,11,0,8
Chlamydiae,15,5,16,11,4
Chlorophyta,23,0,0,0,0
Chordata,0,0,0,0,0
Limnodrilus_hoffmeisteri,0,0,0,0,8
Chlamydomonadaceae,0,0,0,0,8
Malpighiales,0,0,15,0,0
root,0,0,0,0,0
Chordata,0,0,0,0,0
Chordata,0,0,0,0,0
root,0,0,0,0,0
Porphyrio_melanotus,0,0,0,0,0
Chitinophagaceae,0,0,0,0,0
root,14,0,19,11,11
root,0,19,0,0,12
Chlorophyceae,0,0,0,0,0
root,0,0,0,0,0
root,12,0,4,8,0
root,7,12,0,0,0
root,0,0,0,0,0
Chordata,0,0,0,0,0
Chordata,0,0,61,0,0
Phacus,0,0,0,4,0
Colepidae,0,0,0,0,0
root,0,0,0,0,0
root,15,0,0,0,0
Cichorieae,0,0,0,0,0
root,0,9,0,0,0
root,0,0,0,0,0
Coleps,9,15,18,0,0
Chaetonotus,0,0,0,0,0
Ploima,0,0,0,0,0
root,0,5,0,0,0
Spumella_like_flagellate_JB,0,0,9,0,4
Chordata,0,0,0,0,0
root,0,0,0,0,59
Synura,0,0,0,0,0
Betaproteobacteria,40,0,9,0,0
root,0,0,0,0,37
root,0,0,0,0,0
root,0,0,0,0,0
Solanaceae,0,0,0,0,0
Chitinophagaceae,0,0,0,0,0
Metazoa,0,10,0,23,0
Betaproteobacteria,0,8,0,0,0
root,0,0,0,0,34
root,0,0,57,0,0
root,0,0,0,0,0
root,0,0,0,0,0
Felis_catus,0,0,0,0,0
Flavobacterium,56,0,0,0,0
root,0,0,0,0,0
Chordata,0,0,0,0,0
root,7,11,0,0,0
root,5,5,5,0,0
Plantago,0,0,24,0,0
Metazoa,0,17,14,0,12
root,0,5,0,0,0
root,0,0,0,0,0
root,6,0,0,10,0
Insecta,0,0,0,10,10
root,0,0,5,0,0
Firmicutes,4,0,11,10,7
root,0,0,0,0,0
root,4,0,0,5,0
Chlorophyceae,0,0,0,0,0
Metazoa,0,55,0,0,0
root,0,0,55,0,0
root,0,0,55,0,0
Zoogloea,6,0,0,0,8
unclassified_Oikomonas,6,5,5,11,8
Metopida,0,0,0,0,0
Paralcaligenes,0,0,0,0,9
root,17,0,0,0,4
root,0,0,49,0,0
root,0,0,43,10,0
root,11,7,10,0,8
Metazoa,16,11,0,4,16
Metazoa,0,0,0,0,0
Gruiformes,0,0,0,0,0
Astacopsidrilus_sp_n_MK_2019,52,0,0,0,0
Convolvulaceae,52,0,0,0,0
root,0,0,0,0,8
Eurotatoria,0,0,6,0,0
root,5,12,5,4,8
root,8,6,5,0,9
Alsineae,30,0,0,15,0
Fungi,0,0,0,0,0
root,0,0,0,0,0
Chordata,0,0,0,0,0
root,0,0,0,0,0
Polygonum,0,0,0,0,51
Tubificinae,0,0,0,0,0
Azonexaceae,0,0,0,0,0
root,0,14,9,7,0
Desulfobulbaceae,0,0,0,0,0
Anatidae,0,0,0,0,0
root,11,0,0,0,0
root,0,0,0,0,0
root,0,0,0,0,0
Insecta,0,11,7,7,13
Bos_taurus,49,0,0,0,0
Alphaproteobacteria,0,0,0,5,4
Spirotrichea,0,0,0,0,0
Ciliophora,0,0,0,8,0
Metazoa,0,0,49,0,0
root,0,0,0,0,0
Quercus,0,0,0,0,0
Pyrenomonadaceae,0,0,0,0,48
Rubioideae,17,7,0,0,12
root,9,11,10,0,0
Chlorophyta,12,0,0,0,0
root,0,0,6,42,0
root,0,0,0,0,0
root,0,0,0,0,0
Lobomonas,0,0,0,0,0
Clostridium,7,0,0,15,9
Gammaproteobacteria,0,0,0,0,11
Chordata,0,0,0,0,0
Chordata,0,0,0,0,0
root,0,12,0,0,26
root,0,0,47,0,0
Chordata,0,0,47,0,0
Alnus,0,0,0,8,0
Chlamydomonadaceae,0,0,0,0,9
root,0,0,0,0,0
Chordata,0,0,0,0,0
Chlamydomonadales,0,0,0,0,0
Chordata,0,46,0,0,0
root,0,0,0,46,0
Zosterops_lateralis,0,0,0,0,35
Corynoneura_scutellata,0,0,0,0,0
Passeriformes,0,0,0,0,0
Fungi,11,0,0,0,0
Oomycota,0,0,0,0,0
root,0,0,0,0,0
root,5,0,9,6,0
Spirochaeta,0,0,8,8,7
root,8,0,6,7,13
root,5,0,0,0,0
Metazoa,0,0,0,5,5
Fungi,0,0,0,0,4
Metazoa,0,0,0,0,0
Chlorophyceae,0,0,0,0,0
root,0,0,0,0,7
root,0,0,0,0,0
Chordata,0,0,0,0,0
Cryptomonas,0,0,0,0,9
Caulobacteraceae,0,0,0,0,0
Clostridiaceae,0,0,0,0,0
Clostridiaceae,0,0,14,0,8
Vannellidae,0,0,0,0,0
root,0,0,0,0,0
Fungi,0,0,28,0,15
Eurotatoria,0,0,0,4,0
Metazoa,0,0,0,0,0
root,0,0,0,0,0
root,0,0,0,0,0
root,0,0,0,0,0
Solanaceae,0,0,0,0,0
root,0,0,42,0,0
Metazoa,0,0,0,0,0
root,0,0,0,0,0
Proteobacteria,11,0,0,0,8
Metazoa,9,7,10,6,4
Metazoa,0,42,0,0,0
root,0,0,0,0,0
Chrysophyceae,0,19,0,0,0
root,6,0,0,0,0
Spirotrichea,0,0,7,0,0
root,0,0,35,0,0
Glyceria,0,0,0,0,0
Clostridium,9,5,0,7,6
Eubacteriales_Family_XIII_Incertae_Sedis,4,0,0,0,0
Chromatiaceae,0,0,0,0,0
root,0,0,0,41,0
root,0,0,5,0,0
Metazoa,0,0,0,0,0
Metazoa,0,0,15,8,0
Chordata,0,0,0,0,0
leotiomyceta,0,0,0,0,0
Chordata,0,0,0,0,0
Metazoa,0,0,0,0,0
root,0,0,0,0,0
root,0,0,0,0,0
Gymnorhina_tibicen,0,0,0,0,0
Caulobacteraceae,0,0,0,0,0
Naididae,0,0,0,0,0
root,0,0,0,0,0
Gambusia_affinis,0,0,0,0,0
Chaetonotus,0,0,0,0,0
Ferruginibacter,0,0,0,0,0
Clostridium,0,0,9,0,0
Urostomides,0,0,0,0,0
root,0,0,0,0,0
Proteobacteria,0,0,0,0,4
unclassified_stramenopiles,5,0,0,0,0
root,0,0,0,0,0
root,0,11,0,0,4
root,0,0,0,0,0
Spirotrichea,0,0,0,0,0
root,0,0,0,0,0
Metazoa,0,0,0,0,0
root,0,0,0,0,0
Vorticella,0,0,0,0,24
Rubiaceae,0,0,0,0,0
Viridiplantae,38,0,0,0,0
root,0,0,0,0,0
root,0,4,11,0,0
root,0,0,0,24,0
root,0,0,0,0,0
root,0,0,7,0,0
Chordata,0,0,0,0,14
root,0,7,0,5,0
Chordata,0,0,0,0,0
Octolasion_cyaneum,13,0,8,0,0
Ciliophora,0,0,0,0,0
root,7,6,0,4,0
root,5,0,0,0,0
root,6,8,0,5,0
Desulfuromonadaceae,0,0,0,0,10
Ulmaceae,0,0,36,0,0
Metazoa,0,0,0,0,0
root,5,0,0,5,0
Chrysophyceae,0,0,0,11,8
Poeae,0,0,0,0,0
root,0,4,10,0,0
root,0,0,0,0,0
root,0,0,0,0,0
root,0,6,0,0,0
Proteobacteria,28,0,0,0,0
root,0,0,0,0,36
Branta_canadensis,0,13,0,7,0
root,0,0,0,0,0
root,0,0,0,0,0
root,0,0,0,0,16
Chlorophyta,31,0,0,4,0
root,28,7,0,0,0
Metazoa,0,0,0,0,0
Eurotatoria,0,0,0,0,0
root,0,0,0,0,0
root,0,0,0,16,0
root,0,0,0,0,0
root,35,0,0,0,0
Metazoa,0,0,0,0,0
root,0,0,0,0,0
root,0,0,0,0,8
Scotinosphaera,0,0,0,0,0
Juncus,0,0,14,0,0
Oscillospiraceae,0,0,0,0,0
Chlamydomonadaceae,0,0,0,0,0
root,0,0,0,0,0
root,0,9,9,0,0
Litostomatea,4,0,0,0,0
root,5,0,0,0,0
Viridiplantae,0,0,0,0,0
root,0,0,0,0,0
Chordata,0,0,0,0,0
root,0,0,0,0,0
root,0,0,0,0,0
Nitzschia_acidoclinata,4,0,0,0,0
Acetobacteraceae,0,0,0,0,0
Acetobacteraceae,0,0,0,0,0
Endomicrobiaceae,0,0,0,0,0
root,5,0,8,0,7
Litostomatea,0,0,0,0,0
Chlorophyceae,0,0,0,0,0
root,0,0,0,5,8
root,0,0,0,0,0
root,0,19,0,14,0
root,0,0,0,0,0
root,0,0,0,0,33
root,0,0,0,0,0
Spirochaetaceae,9,6,7,0,10
Vorticellidae,0,0,0,0,0
Metazoa,0,0,0,0,0
Chlamydomonadales,0,0,0,10,22
Metazoa,0,0,0,26,6
root,0,0,0,0,0
root,0,0,0,0,0
root,0,0,0,0,0
root,0,5,0,7,0
root,0,0,0,0,0
root,32,0,0,0,0
root,0,0,0,0,0
root,0,0,0,0,0
Nitrosomonadales,0,0,0,0,0
Galium,31,0,0,0,0
Poaceae,0,0,0,0,0
Chrysophyceae,0,0,0,0,0
Metazoa,19,6,0,0,0
root,0,0,0,0,0
root,0,0,0,0,0
Lumbricus_rubellus,0,0,0,18,0
Chaetonotidae,0,0,0,0,0
Spirochaetaceae,0,11,0,0,0
Ciliophora,0,0,0,0,0
Bacillariophyceae,0,0,0,0,0
root,0,0,0,0,0
root,0,0,0,0,0
Bacteroidetes,5,4,0,4,0
root,0,0,0,0,0
root,0,7,0,23,0
Chordata,0,0,0,0,0
Metazoa,0,0,12,0,0
root,0,0,0,0,0
root,24,0,0,0,0
root,0,0,0,0,0
Sessilida,0,0,0,0,0
Metazoa,0,0,0,0,0
root,0,0,0,0,0
Chordata,0,0,0,0,0
Metazoa,0,0,0,0,0
root,0,0,0,0,0
root,0,0,0,0,0
Chordata,0,0,0,30,0
root,0,0,0,0,0
Nothofagaceae,0,0,0,0,0
Firmicutes,0,0,0,0,0
Metazoa,0,0,0,0,0
root,0,0,0,0,0
campanulids,15,0,14,0,0
root,0,0,0,0,0
Chordata,0,0,0,0,0
root,0,0,0,0,0
Conoidasida,0,0,0,0,0
root,0,0,0,29,0
root,0,0,0,0,0
root,0,0,0,0,0
root,0,0,0,0,0
Chordata,0,0,0,0,0
Chlorophyceae,0,0,0,0,0
Aulodrilus_pluriseta,0,0,7,16,0
Bos_taurus,0,0,0,0,0
Coprosma,0,0,0,0,0
Chloromonas,0,0,0,5,14
Chilodonellidae,0,0,0,0,0
Asteraceae,0,0,0,0,0
root,14,0,0,0,14
root,0,0,7,0,5
Metazoa,0,0,20,0,0
root,13,0,0,0,0
root,0,0,0,0,0
root,0,0,20,4,0
root,0,0,28,0,0
Metazoa,0,0,0,0,0
Chordata,0,0,0,0,0
root,17,0,0,5,6
root,0,0,0,0,0
root,0,0,0,17,11
Spergularia,0,0,0,0,0
Vorticellidae,0,0,0,0,0
Chordata,0,0,14,0,0
Pedinellales,0,5,0,0,0
Metazoa,8,0,0,0,0
root,0,0,0,0,0
Chordata,0,0,0,0,0
root,0,0,0,0,0
Chordata,0,0,0,0,0
root,0,0,0,0,0
Fungi,0,0,0,0,0
root,0,0,0,0,0
root,0,0,0,0,0
Chordata,0,0,0,0,0
Orthonychiurus,0,0,26,0,0
Euglenales,7,0,0,6,0
root,0,0,0,0,0
Spirotrichea,0,0,0,0,0
root,0,5,0,0,11
Chordata,0,0,0,0,0
root,0,0,0,0,0
root,0,0,0,0,0
root,0,0,0,0,0
root,0,0,0,0,0
root,0,0,0,0,0
root,0,0,0,0,0
root,4,0,0,0,5
root,0,0,0,0,12
Spirotrichea,0,0,0,0,0
Metazoa,0,0,0,0,0
root,0,0,0,0,0
Metazoa,0,5,0,0,0
Chordata,0,0,0,0,0
Metazoa,9,17,0,0,0
Metazoa,0,0,0,0,0
root,0,0,0,0,0
root,0,0,0,0,0
Metazoa,0,0,0,0,26
Orthonychiurus_folsomi,0,0,0,0,0
Anas,0,0,0,0,0
Polygonoideae,25,0,0,0,0
Oscillospiraceae,0,0,0,0,0
Chlorophyceae,6,0,0,11,8
root,6,0,0,0,19
root,0,0,0,0,0
root,0,0,0,0,0
root,0,0,0,0,0
Metazoa,0,0,0,0,0
root,0,0,0,0,0
root,8,0,0,0,0
root,0,8,7,5,0
Metazoa,0,0,0,0,0
root,8,4,7,0,6
root,0,0,0,0,0
root,0,0,7,0,0
root,0,0,0,0,0
root,0,0,0,0,0
root,0,0,0,0,0
root,0,0,0,0,0
root,0,0,0,0,0
root,0,0,0,15,0
Chordata,0,0,0,0,0
root,0,0,0,0,0
Chordata,0,0,0,0,0
Psychodidae_sp_BOLDAAU4648,0,0,0,0,7
Novosphingobium,0,0,0,0,0
Cryptomonas,0,0,0,0,0
Chamaedrilus,0,0,0,0,0
Gonium,0,0,0,0,0
Geranium,0,0,0,13,0
Papilionoideae,0,0,0,24,0
Poaceae,0,0,0,0,0
Metazoa,20,4,0,0,0
root,0,0,0,0,0
root,0,0,5,0,0
root,19,0,0,0,0
root,0,0,0,0,0
root,0,0,0,0,0
Chordata,0,0,24,0,0
root,5,5,0,0,0
Metazoa,0,0,0,0,0
root,0,0,0,0,0
Metazoa,0,6,0,0,0
root,0,0,0,0,0
root,0,0,0,0,0
Metazoa,0,0,0,0,0
root,0,0,0,0,11
root,0,0,0,0,0
root,0,0,0,0,0
root,0,0,0,0,0
root,0,0,0,0,0
Chordata,0,0,0,0,0
Persicaria,23,0,0,0,0
root,0,0,7,4,0
root,0,0,0,0,0
Pedinellales,0,0,4,0,4
Ciliophora,9,0,8,0,0
root,0,0,0,0,0
Metazoa,0,0,0,0,0
root,0,0,0,0,0
root,0,0,0,0,0
root,0,0,0,0,5
root,0,0,0,0,0
root,0,0,0,0,0
root,23,0,0,0,0
Chordata,0,0,0,0,0
root,0,0,0,0,5
root,0,0,0,0,0
root,0,0,0,0,0
Metazoa,0,0,0,0,0
Metazoa,0,0,0,0,0
Turdus_philomelos,0,0,0,0,0
Coleochaete,0,0,0,0,0
Myriophyllum,0,0,0,22,0
Solibacteraceae,0,0,0,0,0
Anatidae,0,0,0,0,0
root,0,0,0,0,0
root,0,0,0,0,0
Metazoa,9,0,0,0,0
root,0,0,0,0,0
Chordata,0,0,0,0,0
Chlorophyta,0,0,0,0,0
root,0,15,0,0,0
Chordata,17,0,0,5,0
root,0,0,0,0,0
root,0,0,0,0,0
Chordata,0,0,0,0,0
root,0,0,0,0,0
root,0,0,0,0,0
unclassified_Condylostomides,0,0,0,0,0
root,0,0,0,4,0
root,0,0,0,0,0
root,12,6,0,0,0
root,0,0,0,0,0
Metazoa,22,0,0,0,0
root,0,0,0,22,0
root,0,0,0,0,0
Chrysophyceae,0,0,0,0,0
Felis_catus,0,0,0,0,0
Paraphysomonas_sp,0,0,0,0,0
Thiovulaceae,8,0,0,0,0
Chlamydomonadales,0,0,0,0,0
root,0,0,0,0,0
root,0,0,0,0,0
root,0,0,0,21,0
root,0,0,21,0,0
Bacteroidetes,0,0,0,0,0
root,0,9,0,0,0
Selenomonadales,0,0,0,0,0
root,0,0,0,4,0
unclassified_Oikomonas,0,0,0,0,10
root,0,11,0,5,5
root,0,0,0,0,0
Mammalia,0,0,21,0,0
root,0,12,4,0,5
root,0,0,0,0,0
Chordata,0,0,0,0,0
root,0,0,9,4,0
root,0,0,0,0,0
root,0,0,0,0,0
Metazoa,0,0,21,0,0
root,0,14,0,0,0
root,0,0,0,0,0
Lobochlamys_segnis,6,0,14,0,0
Ranoidea_aurea,0,20,0,0,0
Crocinitomicaceae,15,5,0,0,0
Chaetonotidae,0,0,0,0,0
root,5,0,0,0,0
Bdelloidea,0,0,0,0,0
Euglenales,4,0,0,0,0
Metazoa,0,0,0,0,0
root,0,0,8,0,12
root,0,5,0,0,9
Euglenales,0,0,0,0,6
root,0,0,0,0,0
root,0,0,20,0,0
root,0,0,0,0,0
Chordata,0,0,15,0,0
root,20,0,0,0,0
root,0,0,0,0,0
Chordata,10,0,0,0,0
root,0,0,0,0,0
root,0,0,0,0,0
root,4,0,0,0,0
root,0,0,0,0,0
Metazoa,0,0,0,0,0
Alphaproteobacteria,0,0,0,0,0
Verrucomicrobia,0,0,0,0,0
root,0,0,0,0,0
root,0,0,0,0,0
root,0,0,0,0,20
Chordata,0,0,0,0,0
Chlorophyta,0,0,0,0,0
Ploima,0,0,0,0,0
root,0,0,0,0,0
Chordata,0,0,0,0,0
Bicosoeca,0,0,0,0,0
Tetmemena,0,0,10,0,0
Bovinae,19,0,0,0,0
unclassified_Chrysophyceae,5,0,0,0,0
root,0,0,0,0,0
root,0,0,0,0,0
Desulfuromonadales,7,0,6,6,0
Oomycota_incertae_sedis,0,0,7,0,0
Crepidinae,19,0,0,0,0
root,0,19,0,0,0
Ulotrichales,0,5,0,0,4
root,0,0,0,0,0
Chordata,0,0,0,0,0
root,0,7,0,0,12
root,0,0,0,0,0
Chordata,0,0,0,0,0
Chordata,0,0,0,0,0
Chordata,0,0,0,0,0
Myxococcales,0,0,0,0,0
root,0,0,0,0,0
Metazoa,0,0,19,0,0
root,8,11,0,0,0
root,19,0,0,0,0
Ameiurus_nebulosus,0,0,0,0,0
Apoikiospumella_mondseeiensis,0,6,0,0,0
Mus_musculus,0,0,0,0,14
Ruminiclostridium,0,0,0,0,0
Ranunculus,0,8,0,0,0
Ethanoligenens,0,0,0,0,6
Mastigamoeba,0,0,0,0,5
Cryptomonas,0,0,0,0,18
Anas,0,0,0,0,0
Chaetonotidae,0,0,0,0,0
Typhaceae,0,0,0,0,0
Euglenaceae,0,4,0,0,0
Chordata,0,0,0,0,0
Chlorophyta,0,0,0,0,0
Bacillariophyceae,0,0,0,0,0
root,0,0,0,0,0
root,5,0,0,0,0
Metazoa,0,0,0,0,0
Actinopteri,0,0,0,0,0
root,0,0,0,0,0
root,0,0,0,0,0
Aves,18,0,0,0,0
root,0,0,0,0,0
root,0,0,0,0,0
root,0,0,0,0,0
Eugregarinorida,0,0,0,0,0
root,0,0,0,0,13
root,0,18,0,0,0
Chordata,0,0,0,0,0
Metazoa,0,0,0,0,0
Chordata,0,0,0,0,0
root,0,0,0,0,0
Chordata,0,0,0,0,0
root,0,0,0,0,0
root,0,0,0,0,0
root,13,0,0,0,0
Metazoa,0,0,0,0,0
Veronica_arvensis,0,0,0,0,0
Pseudolabrys,0,0,0,0,0
Desulfovibrio,0,0,0,0,0
Stylonychia,0,0,8,0,0
Chilodonella,0,0,17,0,0
Epalxella,0,0,0,0,0
Clostridium,0,11,0,0,0
Desulfobacteraceae,0,0,0,0,0
Chaetonotidae,0,0,0,0,0
root,0,5,0,0,8
root,0,0,0,9,0
root,4,0,0,0,0
Bacillariophyceae,0,0,0,0,0
root,0,0,0,0,0
Ciliophora,0,0,0,0,0
Viridiplantae,0,8,0,0,0
root,9,0,0,0,0
root,0,0,0,0,0
root,0,0,0,0,0
root,0,0,0,0,0
Metazoa,0,0,0,0,0
Bacteroidetes,5,0,0,0,0
root,0,0,0,0,0
root,0,0,0,0,0
root,0,0,6,0,0
root,0,0,0,0,0
root,0,0,0,0,0
Metazoa,0,0,0,0,0
root,0,0,0,4,6
Chordata,0,0,0,0,0
Chordata,0,0,0,0,0
root,0,0,0,0,0
Eurotatoria,0,0,0,0,0
Bacteroidetes,0,0,0,0,0
root,0,4,6,7,0
root,0,0,0,0,0
root,0,0,0,0,0
Metazoa,0,0,0,0,0
Metazoa,0,0,0,0,0
root,0,0,0,0,0
root,0,0,0,0,0
Ulotrichales,4,0,7,0,0
Eubacteriales,0,0,0,0,0
root,0,0,0,0,0
root,0,0,0,0,0
Metazoa,0,17,0,0,0
root,0,0,0,17,0
Ciliophora,0,0,17,0,0
Metazoa,0,0,0,0,0
Chordata,0,0,0,0,0
Sus_scrofa,0,0,0,0,0
Shinella,0,0,0,0,0
Acetobacteraceae,0,0,0,0,0
Acetobacteraceae,5,5,0,0,0
Oscillospiraceae,6,0,0,0,0
root,0,0,16,0,0
root,0,0,0,0,0
Aves,0,0,0,0,0
root,0,0,0,0,0
root,5,0,0,11,0
Chloroflexia,0,0,0,0,0
root,0,0,0,0,0
Ciliophora,0,0,0,0,0
root,0,0,0,0,0
root,6,5,0,0,0
root,0,0,0,4,0
root,0,0,0,10,0
root,0,0,5,0,5
Chrysophyceae,0,0,0,0,0
Metazoa,0,0,0,0,0
Metazoa,4,0,0,5,0
root,9,0,0,0,0
Chordata,0,0,0,0,0
Chordata,0,0,0,0,0
Chordata,0,0,0,0,0
Chordata,0,0,0,0,0
Chordata,0,0,0,0,0
root,0,0,0,0,0
Metazoa,0,0,0,0,0
Myxococcales,0,0,0,0,0
Chlorophyceae,0,0,0,0,0
root,0,0,0,0,0
Eubacteriales,0,0,0,0,0
Chordata,0,0,0,16,0
Gammaproteobacteria,0,0,0,11,0
Chordata,0,0,0,0,0
Chordata,0,0,0,0,0
Trichosurus_vulpecula,0,0,0,0,0
Rotaria_rotatoria,0,0,0,0,0
Daphnia_galeata,15,0,0,0,0
Poteriospumella_sp,0,0,0,0,7
Desulfobulbus,0,0,0,0,0
Microglena,0,0,0,0,0
Treponemataceae,5,4,0,0,0
Sylvioidea,0,0,0,0,0
Acetobacteraceae,0,0,0,0,0
Rubiaceae,0,0,0,0,0
root,0,0,0,0,0
Metazoa,0,0,0,0,0
Chrysophyceae,9,6,0,0,0
root,0,0,0,0,0
Burkholderiales,0,0,0,0,0
Chordata,0,0,0,0,15
Chordata,0,0,0,0,15
root,0,0,0,0,0
root,7,0,0,8,0
root,6,5,0,4,0
root,0,0,0,0,0
root,0,0,0,0,0
Metazoa,0,5,0,4,6
root,0,11,0,0,0
Metazoa,0,0,0,15,0
Chordata,0,0,0,0,0
root,0,0,0,0,0
Chordata,0,0,0,0,0
Metazoa,0,0,8,0,0
root,0,0,0,0,0
root,0,0,0,0,15
root,0,0,0,0,0
Metazoa,0,0,0,0,0
root,0,4,0,7,0
root,0,0,0,0,0
Chordata,0,0,0,0,0
Chordata,0,0,0,0,0
Chordata,0,0,0,0,0
Metazoa,0,0,0,0,0
root,0,0,0,0,0
Metazoa,0,15,0,0,0
Chordata,0,0,15,0,0
Chordata,0,0,0,0,0
root,0,0,0,0,0
Psychodidae_sp_BOLDAAU4648,0,0,0,0,0
Neochanna_diversus,0,0,0,0,0
Tubifex_tubifex,0,0,0,0,0
Cirsium_arvense,0,0,0,0,0
Coleps,0,0,0,0,0
Rhodobacter,0,0,0,0,0
Coleochaete,0,0,0,0,0
Tetmemena,0,0,0,0,0
Chlamydomonas,0,0,0,0,0
Plantago,0,0,0,0,0
Devosia,0,0,0,0,0
Colepidae,0,0,0,0,0
Chaetonotidae,0,0,0,0,0
Sphingomonadaceae,0,0,0,0,0
Scotinosphaeraceae,0,0,0,0,0
Microbacteriaceae,0,0,14,0,0
Flavobacteriaceae,0,0,0,10,0
Euglenaceae,0,0,0,0,0
Crocinitomicaceae,0,0,0,0,0
Oscillospiraceae,0,0,0,0,0
Rhodocyclaceae,0,0,0,0,0
Metazoa,0,0,0,0,0
root,0,0,0,0,0
Chlorophyta,0,0,0,0,0
Insecta,0,0,0,0,0
root,0,0,6,0,0
Bacillariophyta,0,0,0,0,0
Insecta,0,0,0,0,0
root,0,0,0,0,0
root,0,0,0,0,0
root,0,0,0,0,0
root,0,0,0,0,0
root,0,0,10,0,0
root,0,0,0,0,0
root,0,0,0,0,0
Chordata,0,0,0,0,0
Metazoa,0,0,14,0,0
root,0,0,0,0,0
root,0,9,0,0,0
unclassified_Oedogonium,0,0,0,0,5
Metazoa,0,0,0,0,0
root,0,0,0,0,0
Metazoa,0,0,0,0,0
Chordata,0,0,0,0,0
Chordata,0,0,0,0,0
Chordata,0,0,0,0,0
Chordata,0,0,0,0,0
Chordata,0,0,0,0,0
root,0,0,0,0,0
Ciliophora,0,0,0,0,0
Oomycota,0,0,0,0,0
Metopida,0,0,0,0,0
root,0,0,0,0,0
root,0,0,0,0,0
root,0,14,0,0,0
Metazoa,0,0,14,0,0
Aves,0,0,14,0,0
Metazoa,0,0,0,0,14
root,0,0,14,0,0
Viridiplantae,0,0,0,14,0
Ochrophyta,0,0,0,0,0
Metazoa,0,0,0,0,0
Metazoa,0,0,0,0,0
Chlorophyceae,0,0,0,0,0
Physella_acuta,0,0,0,0,0
Mastigamoeba,0,0,5,0,0
Phacus,0,0,0,0,0
Candidatus_Solibacter,0,0,0,0,0
Chlorococcum,0,0,0,0,0
Bromus,0,0,0,13,0
Caulobacteraceae,0,0,0,0,0
Chaetonotidae,0,0,0,0,0
Desulfuromonadaceae,0,0,0,0,9
Oxytrichidae,0,0,0,0,0
Acidobacteriaceae,0,0,0,0,0
Ulvophyceae,0,0,0,0,0
root,0,0,4,0,0
root,0,0,0,8,0
Firmicutes,0,0,0,0,0
Chordata,0,0,0,0,0
Chordata,0,0,0,0,0
root,0,0,13,0,0
root,0,0,0,0,0
root,0,0,0,0,0
root,0,0,0,0,0
root,0,0,0,0,0
Proteobacteria,0,0,0,0,0
Magnoliopsida,0,0,0,13,0
root,0,0,0,0,0
Metazoa,0,0,0,0,0
Chordata,0,0,0,0,0
root,0,0,0,0,0
root,8,0,0,0,0
root,0,0,0,0,0
root,0,0,0,0,0
Aves,0,0,13,0,0
Chordata,0,0,0,0,0
root,0,0,0,0,7
Chordata,0,0,0,0,0
Chordata,0,0,0,0,0
Chordata,0,0,0,0,0
Chordata,0,0,0,0,0
root,0,0,0,0,0
Chlorophyceae,0,0,0,0,0
root,0,0,0,0,0
Chlamydomonadales,0,0,0,0,0
root,0,0,0,0,0
root,0,0,0,0,0
Chordata,0,0,13,0,0
Chordata,0,0,13,0,0
Chordata,13,0,0,0,0
root,0,0,0,13,0
root,0,0,0,0,0
root,0,0,0,0,0
root,0,0,0,0,0
Physella_acuta,0,8,0,0,0
Fringilla_coelebs,0,8,0,0,0
Ludwigia,0,0,12,0,0
Juncus,0,0,0,12,0
Nocardioides,0,0,0,0,0
Cygnus,0,4,0,0,0
Linum,0,0,0,0,0
Lythrum,12,0,0,0,0
Monomorphina,0,0,0,0,0
Chlorobiaceae,12,0,0,0,0
Chaetonotidae,0,0,0,0,0
Chitinophagaceae,0,0,0,0,0
Desulfuromonadaceae,0,0,0,0,0
Acetobacteraceae,0,0,0,0,0
root,0,0,0,0,0
root,0,0,0,0,0
Metazoa,0,0,0,6,0
Chordata,0,0,12,0,0
Ciliophora,0,0,0,0,0
Betaproteobacteria,0,0,0,0,0
Euglenales,0,0,0,0,0
root,0,0,0,0,0
Myxococcales,0,0,0,0,0
Chordata,0,0,0,0,0
root,0,0,0,0,0
root,0,0,0,0,0
Oomycota,0,0,0,0,0
root,0,0,0,0,0
Chrysophyceae,0,0,0,0,0
root,0,0,0,0,0
root,0,0,0,0,0
Chlorophyceae,5,7,0,0,0
root,0,0,0,0,0
root,0,0,0,0,0
Metazoa,0,0,0,0,0
Bacteroidetes,0,0,0,0,0
Chordata,0,0,0,0,0
root,0,0,0,0,0
root,0,0,0,0,0
Chordata,0,0,0,0,0
Chordata,0,0,0,0,12
Metazoa,0,7,0,0,0
root,0,0,0,0,0
root,6,6,0,0,0
Metazoa,8,0,0,4,0
Metazoa,12,0,0,0,0
Chordata,7,0,0,0,0
root,0,0,4,0,8
Metazoa,0,0,0,0,0
Metazoa,0,12,0,0,0
Metazoa,12,0,0,0,0
root,0,0,0,0,0
Chordata,0,0,0,0,0
Chordata,0,0,0,0,0
root,0,0,0,0,0
root,0,0,0,0,0
Fungi,0,0,0,0,0
Clostridia,0,0,0,0,0
root,0,0,0,0,0
root,0,0,0,0,0
Magnoliopsida,0,0,0,0,0
Clostridia,0,0,0,0,0
Fungi,0,0,0,0,0
root,0,0,0,0,0
root,0,0,12,0,0
root,0,12,0,0,0
root,0,12,0,0,0
Metazoa,0,0,0,12,0
Metazoa,12,0,0,0,0
Metazoa,0,0,12,0,0
root,0,0,0,0,12
Chordata,0,0,0,12,0
Chordata,0,0,0,12,0
Chordata,12,0,0,0,0
Chordata,0,0,0,0,0
root,0,0,0,0,12
root,0,0,0,12,0
Chrysophyceae,0,0,0,0,0
Metazoa,0,0,0,0,0
Chlamydomonadales,0,0,0,0,0
Metopus,0,0,0,0,0
Simocephalus,0,0,0,0,0
Populus,0,0,0,0,0
Cryptomonas,0,0,0,0,0
Coleps,11,0,0,0,0
Betula,0,0,0,0,0
Vannellidae,0,0,0,0,0
Eubacteriales_Family_XIII_Incertae_Sedis,0,0,0,4,0
root,0,0,0,0,0
root,0,0,0,0,0
root,0,11,0,0,0
root,0,0,0,0,0
root,0,0,0,0,0
root,0,0,0,0,0
root,0,0,0,0,0
root,0,0,0,0,0
Bacteroidetes,0,11,0,0,0
Chordata,0,0,0,0,0
root,0,0,0,0,5
root,0,0,0,0,0
root,0,0,0,0,0
Chordata,0,0,11,0,0
Metazoa,0,0,0,11,0
root,0,0,11,0,0
Gammaproteobacteria,0,0,0,0,0
root,0,0,0,0,0
Acidobacteria,0,0,0,0,11
root,0,0,0,0,0
root,0,0,0,0,0
Metazoa,0,0,0,0,0
Metazoa,0,0,0,0,0
Metazoa,11,0,0,0,0
Chordata,0,0,0,0,0
Metazoa,0,11,0,0,0
root,0,0,0,0,0
root,0,0,0,0,0
root,0,0,0,0,0
root,0,0,0,0,0
Euglenales,0,0,0,0,0
root,0,0,0,0,0
Metazoa,0,0,0,0,0
root,0,0,0,0,0
Chordata,0,0,0,0,0
root,0,0,0,0,0
Chordata,0,0,0,0,0
root,0,0,0,0,0
root,0,0,0,0,0
unclassified_Ripella,0,0,0,0,0
root,0,0,0,0,0
root,0,0,0,0,0
root,0,0,0,0,0
root,0,0,0,0,0
Aves,0,11,0,0,0
Magnoliopsida,0,0,11,0,0
root,0,0,0,5,0
root,11,0,0,0,0
Proteobacteria,0,11,0,0,0
root,0,0,0,11,0
Chordata,0,0,0,0,0
Bos_taurus,4,0,0,0,0
Rhantus_suturalis,0,0,0,0,10
Cratyna_nobilis,0,0,0,0,0
Phasianus_colchicus,0,0,0,0,10
Piper,0,0,0,0,0
Cryptomonas,0,0,0,0,0
Planophila,0,0,0,0,0
Monocystis,0,0,0,0,0
Cochliopodium,10,0,0,0,0
Nuclearia,0,0,0,0,0
Candidatus_Solibacter,0,0,0,0,0
Oxytrichidae,0,0,0,0,0
Bicosoecidae,0,0,0,0,0
Lumbriculidae,0,0,0,0,0
Tubificinae,0,0,0,0,0
Acetobacteraceae,0,0,0,0,0
Acetobacteraceae,0,0,0,0,0
Oscillospiraceae,0,0,0,0,0
Ulvophyceae,0,0,0,0,0
Actinopteri,0,0,0,0,0
Metazoa,0,0,0,0,0
Metazoa,0,0,0,10,0
root,0,0,0,0,0
Bacteroidetes,0,0,0,10,0
root,0,0,0,0,0
Chordata,0,0,0,0,0
Chordata,0,0,0,0,0
root,0,0,0,0,0
root,0,0,0,0,5
root,5,0,0,0,0
Metazoa,0,0,0,0,0
root,0,0,0,0,0
Metazoa,0,0,0,0,0
root,0,0,0,0,0
Chordata,0,0,4,0,6
root,0,0,0,0,0
Gammaproteobacteria,0,0,0,0,0
Verrucomicrobia,0,0,0,0,0
Firmicutes,0,0,0,0,0
root,0,0,0,0,0
Chordata,0,0,0,0,0
Metazoa,0,0,0,0,0
Metazoa,0,0,0,0,5
root,0,0,0,0,0
root,0,0,0,0,0
root,10,0,0,0,0
Planctomycetia,0,0,0,0,0
Variosea,0,0,0,0,0
root,0,0,0,0,0
Metazoa,0,0,0,0,0
root,0,0,0,0,0
Metazoa,0,0,0,0,0
Chordata,0,0,0,0,0
Chordata,0,0,0,0,0
Chordata,0,0,0,0,0
root,10,0,0,0,0
Eurotatoria,0,0,0,0,0
root,0,0,0,0,0
root,0,0,0,0,0
root,6,0,0,0,0
Alphaproteobacteria,0,0,0,0,0
root,0,0,0,0,0
Planctomycetia,0,0,0,0,0
Fungi,0,0,0,0,0
root,0,0,0,0,0
Oomycota,0,0,0,0,0
root,0,0,5,0,0
root,0,0,0,0,0
root,0,0,0,0,0
root,0,0,0,0,0
root,0,0,0,0,0
root,0,0,0,0,0
root,0,0,0,0,0
Metazoa,0,10,0,0,0
Metazoa,0,10,0,0,0
Metazoa,0,0,0,0,10
Metazoa,0,0,0,0,10
root,10,0,0,0,0
root,0,0,10,0,0
Metazoa,0,0,10,0,0
root,0,10,0,0,0
Metazoa,0,0,10,0,0
Chlorophyta,0,0,0,0,10
Chlorophyceae,0,10,0,0,0
Gammaproteobacteria,0,0,0,0,10
root,0,0,0,0,0
Ciliophora,0,0,0,0,0
Pedinellales,0,0,0,0,0
Chordata,0,0,0,0,0
Chordata,0,0,0,0,0
Metazoa,0,0,0,0,0
unclassified_Oedogonium,0,0,0,0,0
root,0,0,0,0,0
Felis_catus,0,0,0,0,0
Lampropholis_delicata,0,0,0,0,0
Bimastos_eiseni,0,0,0,0,0
Gonium,0,0,0,0,0
Phytophthora,0,0,0,0,5
Cryptomonas,0,0,0,0,0
Felis,0,0,0,0,0
Scotinosphaeraceae,0,0,9,0,0
Polygonaceae,0,0,0,0,0
Chitinophagaceae,0,0,0,0,0
Xanthomonadaceae,0,0,0,0,0
Lumbriculidae,0,0,0,0,0
Clostridiaceae,0,0,0,0,0
Rosoideae,0,0,0,0,0
Eunotiaceae,0,0,0,0,0
Vannellidae,0,0,0,0,0
Phacaceae,0,0,0,0,9
Chitinophagaceae,0,0,0,9,0
Comamonadaceae,0,0,0,0,0
Chlamydomonadales,0,0,0,9,0
root,0,0,0,0,4
Metazoa,0,4,0,0,0
root,0,0,0,0,0
root,0,0,0,0,4
unclassified_Chloromonas,0,0,0,0,0
Proteobacteria,0,0,0,0,0
Oomycota,0,0,0,0,0
root,0,0,0,0,0
Metazoa,0,9,0,0,0
root,0,0,0,0,0
root,0,0,0,0,0
Chordata,9,0,0,0,0
root,0,0,0,0,0
root,0,9,0,0,0
Metazoa,0,0,0,0,0
root,0,0,0,0,0
Metazoa,0,0,0,0,9
Metazoa,0,0,0,0,0
root,0,0,0,0,0
Ciliophora,0,0,0,0,0
Chlorophyta,0,9,0,0,0
root,0,0,0,0,0
root,0,0,0,0,0
Chordata,9,0,0,0,0
root,0,0,0,0,0
Fungi,0,0,0,0,0
root,0,0,0,0,9
root,0,0,0,0,0
root,0,0,0,0,0
root,0,0,5,0,4
root,0,0,0,9,0
Metazoa,5,0,0,0,0
Metazoa,0,0,5,4,0
root,0,0,0,0,0
Chordata,0,0,0,0,0
Chordata,0,0,0,0,0
root,0,0,0,0,0
Metazoa,0,0,0,0,4
Chordata,0,0,0,0,0
Chordata,0,0,0,0,0
Chordata,0,0,0,0,0
root,0,0,0,0,0
root,0,0,0,0,0
root,0,0,0,0,0
Metazoa,0,0,0,0,0
root,0,0,0,0,0
Chordata,0,0,0,0,0
root,0,0,0,0,0
Chordata,0,0,0,0,0
root,0,0,0,0,0
Arthropoda,0,0,0,0,0
root,0,0,0,0,0
root,0,0,0,0,0
root,0,0,0,0,5
Chlorophyceae,0,0,0,0,0
root,0,0,0,0,0
Amphifilida,0,0,0,0,0
root,0,0,0,0,0
Fungi,0,0,0,0,0
Sorangiineae,0,0,0,0,0
root,0,0,0,0,0
root,0,0,0,0,0
root,0,0,0,0,0
Phycisphaerae,0,0,0,0,0
Actinomycetia,0,0,0,0,0
root,0,0,0,0,0
root,0,0,0,0,0
root,0,0,0,0,0
root,0,0,0,0,0
Metazoa,0,0,0,0,9
root,9,0,0,0,0
root,9,0,0,0,0
root,9,0,0,0,0
root,0,0,9,0,0
root,0,0,9,0,0
Chordata,0,0,9,0,0
root,0,0,9,0,0
Metazoa,9,0,0,0,0
root,9,0,0,0,0
root,9,0,0,0,0
Metazoa,0,0,0,0,0
root,0,0,0,0,0
root,0,0,0,0,0
Chordata,0,0,0,0,0
root,0,0,0,0,0
Gambusia_affinis,0,0,0,0,0
Chlamydomonas_sp_KSA1,0,0,0,0,0
Canis_lupus_familiaris,0,0,0,0,0
Anguilla_australis,0,4,0,0,0
Chamaedrilus_aff_glandulosus_B_SM_2014,0,0,0,8,0
Plectonemertidae_sp_NT72,0,0,0,0,0
Pinus_subgen_Pinus,0,0,0,0,0
Roseomonas,0,0,0,0,0
Reyranella,0,0,0,8,0
Demequina,0,0,0,0,0
Arcella,0,0,0,0,0
Emticicia,0,0,0,0,0
Simocephalus,0,0,0,0,0
Alcaligenaceae,8,0,0,0,0
Metopidae,0,0,0,0,0
Phacaceae,0,0,0,0,0
Chaetonotidae,0,0,0,8,0
Cryptomonadaceae,0,0,0,0,0
Desulfobulbaceae,0,0,0,0,0
Reyranellaceae,0,0,0,0,0
Gomphonemataceae,0,0,0,0,0
Acidimicrobiaceae,0,0,0,0,0
Streptomycetaceae,0,0,0,0,0
Bacteroidaceae,8,0,0,0,0
root,0,0,0,0,0
Embryophyta,0,0,8,0,0
Metazoa,0,0,8,0,0
root,0,0,0,0,0
Bacillariophyceae,0,0,0,0,0
root,0,0,0,0,8
Hyphomicrobiales,0,0,0,0,0
root,0,0,0,0,0
root,0,8,0,0,0
Bacteroidetes,0,0,0,0,0
root,0,0,0,0,8
root,0,0,0,0,0
Oomycota,0,0,0,0,0
root,0,0,0,0,0
root,0,0,0,0,0
root,0,0,0,0,0
Chordata,0,0,0,0,0
root,0,0,0,0,0
root,0,0,0,0,0
Cenchrinae,0,0,0,0,0
root,0,0,0,0,0
Chlorophyta,0,0,0,0,0
root,0,4,0,0,4
Oomycota,0,0,0,0,0
Metazoa,0,0,0,0,0
root,0,0,0,0,0
root,0,0,0,0,0
root,0,0,0,0,0
root,0,0,0,0,0
Chordata,0,0,0,0,0
root,0,0,0,0,0
root,0,0,0,0,0
Metazoa,0,0,0,0,0
root,0,0,0,0,0
Metazoa,0,0,0,0,0
Chordata,0,0,0,0,0
Bacteroidetes,8,0,0,0,0
Metazoa,0,0,0,0,0
Bacteroidetes,0,0,0,0,0
root,8,0,0,0,0
root,0,0,0,8,0
root,0,8,0,0,0
Aves,0,0,0,8,0
root,0,0,0,0,0
root,0,0,0,0,0
Metazoa,0,0,0,0,0
root,0,0,0,0,0
Chordata,0,0,0,0,0
root,0,0,0,0,0
root,8,0,0,0,0
Eubacteriales,0,0,0,0,0
root,0,0,0,0,0
root,0,0,0,0,0
root,0,0,0,0,0
root,0,0,0,0,8
Chordata,0,0,0,0,0
root,0,0,0,0,0
Metazoa,0,0,0,0,0
root,0,0,0,0,0
Metazoa,0,0,0,0,0
Metazoa,0,0,0,0,0
root,0,0,0,0,0
Metazoa,0,0,0,0,0
root,0,0,0,0,0
Chordata,0,0,0,0,0
Chordata,0,0,0,0,0
root,0,0,0,0,0
Metazoa,0,0,0,0,0
Chordata,0,0,0,0,0
Metazoa,0,0,0,0,0
root,0,0,0,0,0
Chordata,0,0,0,0,0
root,0,0,0,0,0
Chordata,0,0,0,0,0
Metazoa,0,0,0,0,0
Chordata,0,0,0,0,0
root,0,0,0,0,0
Magnoliopsida,0,0,0,0,0
root,0,0,0,0,0
Ciliophora,0,0,0,0,0
unclassified_Condylostomides,0,0,0,0,0
root,0,0,0,0,0
Myxococcales,0,0,0,0,0
root,0,0,0,0,0
Fungi,0,0,0,0,0
Ciliophora,0,0,0,0,0
root,0,0,0,0,0
Proteobacteria,0,0,0,0,0
Proteobacteria,0,0,0,0,0
root,0,0,0,0,0
root,0,0,0,0,0
Heterotrichea,0,0,0,0,0
root,0,0,0,0,0
root,0,0,0,0,0
root,0,0,0,0,0
Metazoa,0,8,0,0,0
root,0,0,8,0,0
Metazoa,0,0,8,0,0
Metazoa,0,0,8,0,0
Mammalia,0,8,0,0,0
Metazoa,0,8,0,0,0
Chordata,0,0,0,0,8
Chordata,0,0,0,8,0
Chordata,8,0,0,0,0
Eubacteriales,0,0,8,0,0
Stichotrichia,0,8,0,0,0
root,0,0,0,0,0
Chordata,0,0,0,0,0
root,0,0,0,0,0
root,0,0,0,0,0
root,0,0,0,0,0
root,0,0,0,0,0
Chlorophyceae,0,0,0,0,0
Gambusia_affinis,0,0,0,0,0
Medicago_polymorpha,0,0,0,0,0
Chaetonotus,0,7,0,0,0
Aeromonas,0,0,0,7,0
Chloromonas,0,0,0,0,0
Arcobacter,7,0,0,0,0
Cryptomonas,0,7,0,0,0
Mucilaginibacter,0,0,0,7,0
Oscillochloris,0,0,0,0,0
Pythiogeton,0,0,0,0,0
Singulisphaera,0,0,0,0,0
Vannella,0,0,0,0,0
Vannella,0,0,0,0,0
Prorodon,0,0,0,0,0
Metopus,0,7,0,0,0
Chaetonotidae,0,0,0,0,0
Naididae,0,0,0,0,0
Naidinae,0,0,0,0,0
Fagaceae,7,0,0,0,0
Chaetonotidae,0,0,0,0,0
Acetobacteraceae,0,0,0,0,0
Phacaceae,0,0,0,0,0
Cryptomonadaceae,0,0,0,0,0
Caulobacteraceae,0,0,0,0,0
Viridiplantae,0,0,0,7,0
root,0,0,0,0,0
root,0,7,0,0,0
Actinomycetia,0,0,0,7,0
root,0,0,0,0,0
root,0,0,7,0,0
root,0,0,0,0,0
root,0,0,0,7,0
Chlorophyceae,0,0,0,0,0
root,0,0,0,0,0
Ploima,0,0,0,0,0
Metazoa,0,0,0,0,0
root,0,0,0,0,0
root,0,0,0,0,0
Haptorida,0,0,0,0,0
Metazoa,0,0,0,0,0
root,0,0,0,0,0
root,0,0,0,0,0
root,0,0,0,0,0
Hyphomicrobiales,0,0,0,0,0
root,0,0,0,0,0
root,0,0,0,0,0
Metazoa,0,0,0,0,0
root,0,0,0,0,0
Hyphomicrobiales,0,0,0,0,0
Metazoa,0,0,0,0,0
Metazoa,0,0,0,0,0
root,0,0,0,0,0
Metazoa,0,7,0,0,0
Chordata,0,0,0,0,0
root,0,0,0,0,0
root,0,0,0,0,0
Chordata,0,0,0,0,0
root,0,0,0,0,0
root,0,0,0,0,0
Eubacteriales,0,0,0,0,0
Metazoa,0,0,0,0,0
root,0,7,0,0,0
root,0,0,0,0,0
root,0,0,7,0,0
Metazoa,0,0,0,0,0
Chordata,0,0,0,0,0
root,0,0,0,0,0
Chordata,0,0,0,0,0
Chordata,0,0,0,0,0
Metazoa,0,0,0,0,0
root,0,0,0,0,0
root,0,0,0,0,0
Chordata,0,0,0,0,0
Chordata,0,0,0,0,0
Chordata,0,0,0,0,0
Metazoa,0,0,0,0,0
root,0,0,0,0,7
root,0,0,0,0,0
root,0,0,0,0,0
Arthropoda,0,0,0,0,0
root,0,0,0,0,0
root,0,0,0,0,0
root,0,0,0,0,0
root,0,0,0,0,0
root,0,0,0,0,0
Fungi,0,0,0,0,0
unclassified_Chlamydomonas,0,0,0,0,0
root,0,0,0,0,0
Planctomycetes,0,0,0,0,0
Proteobacteria,0,0,0,0,0
root,0,0,0,0,0
Planctomycetia,0,0,0,0,0
Bacteroidetes,0,0,0,0,0
Proteobacteria,0,0,0,0,0
root,0,0,0,0,0
root,0,0,0,0,0
unclassified_Condylostomides,0,0,0,0,0
Chlamydomonadales,0,0,0,0,0
root,0,0,0,0,0
root,0,0,0,0,0
root,0,0,0,0,0
Metazoa,0,7,0,0,0
Metazoa,0,7,0,0,0
root,0,0,0,0,7
Metazoa,0,0,0,0,7
Chordata,0,0,0,0,7
root,0,0,7,0,0
Viridiplantae,0,0,0,0,7
Dictyochophyceae,0,0,0,7,0
Firmicutes,0,7,0,0,0
root,0,0,0,0,7
root,0,0,0,0,0
root,0,0,0,0,0
Chordata,0,0,0,0,0
Chordata,0,0,0,0,0
Chordata,0,0,0,0,0
root,0,0,0,0,0
Ciliophora,0,0,0,0,0
root,0,0,0,0,0
Azolla_pinnata_subsp_pinnata,0,0,0,0,0
Acridotheres_tristis,0,0,0,0,6
Rattus_norvegicus,0,0,0,0,0
Sus_scrofa,0,0,0,0,0
Henlea_ventriculosa,0,0,0,0,0
Chaetonotus,0,0,0,0,0
Glycine,0,0,0,0,0
Lepocinclis,0,0,0,0,0
Rhizomicrobium,0,0,0,0,0
Carduelis,0,0,0,0,0
Chlamydomonas,0,0,0,0,0
Phytocercomonas,0,0,0,0,0
Characiopsis,0,0,0,0,0
Acetobacteroides,0,0,0,0,0
Phytocercomonas,0,0,0,0,0
Ligustrum,0,0,0,0,6
Geothrix,0,0,6,0,0
Marinoscillum,0,0,0,0,0
Cupressaceae,0,0,0,0,0
Scotinosphaeraceae,0,0,0,0,0
Azospirillaceae,0,0,0,0,0
Chlamydomonadaceae,0,0,0,0,0
Bacteroidaceae,6,0,0,0,0
Cercomonadidae,0,0,0,0,0
Pirellulaceae,0,0,0,0,0
Sphingobacteriaceae,0,0,0,0,0
Myrtaceae,6,0,0,0,0
Caulobacteraceae,6,0,0,0,0
Naididae,0,0,0,0,0
Spirotrichea,0,0,6,0,0
root,0,0,0,0,0
Zingiberales,0,0,0,0,0
root,0,0,0,0,0
root,0,0,0,0,0
Metazoa,0,0,0,0,0
root,6,0,0,0,0
Chlorophyceae,6,0,0,0,0
Chromulinales,0,0,0,0,0
Metazoa,0,0,0,0,0
Eurotatoria,0,0,6,0,0
Metazoa,0,0,0,0,0
Chordata,0,0,0,0,0
root,0,0,0,0,0
root,6,0,0,0,0
root,0,0,0,0,0
Eurotatoria,0,0,0,0,0
root,0,0,0,0,0
Metazoa,0,0,0,0,0
Chordata,0,0,0,0,0
Aves,0,0,0,0,0
Ulotrichales,0,0,0,0,0
Chrysophyceae,0,0,0,0,0
root,6,0,0,0,0
Enterobacterales,0,0,6,0,0
root,0,0,0,0,0
root,0,0,0,0,0
root,6,0,0,0,0
root,0,0,0,0,0
root,0,0,0,0,0
root,0,0,0,0,0
root,0,0,0,0,0
root,6,0,0,0,0
Chlorophyta,0,0,6,0,0
root,0,0,0,0,6
Fungi,0,0,0,0,0
root,0,0,0,0,0
root,0,0,0,0,0
Chordata,0,0,0,0,0
root,0,0,0,0,0
Metazoa,0,0,0,0,6
root,0,0,6,0,0
root,0,0,0,0,0
root,0,0,0,0,0
Chordata,0,0,0,0,0
Myxococcales,0,0,6,0,0
Gammaproteobacteria,0,0,0,0,0
root,0,0,0,0,0
Chordata,6,0,0,0,0
Chordata,0,0,0,0,0
Chordata,0,0,0,0,0
root,0,0,0,0,0
root,0,0,0,0,0
Fungi,0,0,0,0,0
Chordata,0,0,0,0,0
Chordata,0,0,0,0,0
root,0,0,0,0,0
Chordata,0,0,0,0,0
root,0,0,0,0,0
root,0,0,0,0,0
root,0,0,0,0,0
root,0,0,0,0,0
Metazoa,0,0,0,0,0
root,0,0,0,0,0
root,0,0,0,0,0
root,0,0,0,0,0
Haplotaxida,0,0,0,0,0
Insecta,0,0,6,0,0
root,0,0,0,0,6
Chordata,0,0,0,0,0
root,0,0,0,0,0
Chordata,0,0,0,0,0
Chordata,0,0,0,0,0
root,0,0,0,0,0
root,0,0,0,0,0
root,0,0,0,0,0
Firmicutes,0,0,0,0,0
Metazoa,0,0,0,0,6
root,0,0,0,0,0
Metazoa,0,0,0,0,0
Metazoa,0,0,0,0,0
root,0,0,0,0,0
Metazoa,0,0,0,0,0
Metazoa,0,0,0,0,0
root,0,0,0,0,0
Metazoa,0,0,0,0,0
Metazoa,0,0,0,0,0
Chordata,0,0,0,0,0
Metazoa,0,0,0,0,0
Chordata,0,0,0,0,0
Chordata,0,0,0,0,0
Chordata,0,0,0,0,0
Chordata,0,0,0,0,0
Metazoa,0,0,0,0,0
Chordata,0,0,0,0,0
Chordata,0,0,0,0,0
Chordata,0,0,0,0,0
root,0,0,0,0,0
Chordata,0,0,0,0,0
root,0,0,0,0,0
Metazoa,0,0,0,0,0
Metazoa,0,0,0,0,0
Metazoa,0,0,0,0,0
root,0,0,0,0,0
Insecta,0,0,0,0,0
root,0,0,0,0,0
root,0,0,0,0,0
root,0,0,0,0,0
root,0,0,0,0,0
root,0,0,0,0,0
root,0,0,0,0,0
root,0,0,0,0,0
Metazoa,0,0,0,0,0
root,0,0,0,0,6
Metazoa,0,0,0,0,0
Chrysophyceae,0,0,0,0,0
Alphaproteobacteria,0,0,0,0,0
Euglenales,0,0,0,0,0
root,0,0,0,0,0
root,0,0,0,0,0
Oomycota,0,0,0,0,0
Bacillariophyta,0,0,0,0,0
Fungi,0,0,0,0,0
root,0,0,0,0,0
root,0,0,0,0,0
Bacteroidetes,0,0,0,0,0
root,0,0,0,0,0
Eubacteriales,0,0,0,0,0
Proteobacteria,0,0,0,0,0
Actinomycetia,0,0,0,0,0
root,0,0,0,0,0
root,0,0,0,0,0
Fungi,0,0,0,0,0
root,0,0,0,0,0
root,0,0,0,0,0
root,0,0,0,0,0
root,0,0,0,0,0
root,0,0,0,0,0
root,0,0,0,0,0
Metazoa,0,6,0,0,0
Metazoa,0,0,0,0,6
Metazoa,6,0,0,0,0
Metazoa,6,0,0,0,0
Metazoa,6,0,0,0,0
Metazoa,0,0,6,0,0
Metazoa,0,6,0,0,0
Metazoa,0,0,6,0,0
Metazoa,0,0,0,0,6
Chordata,6,0,0,0,0
root,0,6,0,0,0
root,0,0,0,0,6
root,0,0,0,6,0
root,0,0,0,6,0
root,6,0,0,0,0
root,0,0,6,0,0
Metazoa,0,0,6,0,0
root,0,0,0,0,6
root,0,0,0,0,6
Proteobacteria,0,0,0,0,6
Ciliophora,6,0,0,0,0
root,0,6,0,0,0
Aeromonadales,0,0,0,0,6
root,0,0,0,6,0
root,0,0,6,0,0
Euglenales,0,6,0,0,0
Fungi,0,0,0,0,6
root,0,0,0,6,0
root,0,0,0,6,0
root,6,0,0,0,0
Metazoa,0,0,0,0,0
Metazoa,0,0,0,0,0
Chordata,0,0,0,0,0
Chordata,0,0,0,0,0
root,0,0,0,0,0
root,0,0,0,0,0
root,0,0,0,0,0
root,0,0,0,0,0
Metazoa,0,0,0,0,0
Metazoa,0,0,0,0,0
Metazoa,0,0,0,0,0
root,0,0,0,0,0
root,0,0,0,0,0
Lepidoptera,0,0,0,0,0
root,0,0,0,0,0
Viridiplantae,0,0,0,0,0
Bacteroidetes,0,0,0,0,0
root,0,0,0,0,0
root,0,0,0,0,0
Metazoa,0,0,0,0,0
Chordata,0,0,0,0,0
Chordata,0,0,0,0,0
Chordata,0,0,0,0,0
Stichotrichia,0,0,0,0,0
Cytophagia,0,0,0,0,0
Eubacteriales,0,0,0,0,0
Fungi,0,0,0,0,0
Bos_taurus,0,0,0,0,0
Methylobacterium,0,0,0,0,0
Limnodrilus,0,0,0,0,0
Paludibaculum,0,0,0,0,0
Desulfovibrio,0,0,0,0,0
Acidicapsa,5,0,0,0,0
Potentilla,0,0,0,0,0
Pelobacter,0,0,0,0,0
Mastigamoeba,0,0,0,0,0
Syntrophobacter,0,0,0,0,0
Pinnularia,0,0,5,0,0
Phytocercomonas,5,0,0,0,0
Cryptomonas,0,0,5,0,0
Metopus,0,5,0,0,0
Gobiomorphus,0,0,0,0,0
Novosphingobium,0,0,0,0,0
Dexiostoma,0,0,0,0,0
Stigeoclonium,0,0,0,0,0
Litonotidae,0,0,0,0,0
Phacaceae,0,0,0,0,0
Crocinitomicaceae,0,5,0,0,0
Chaetonotidae,0,0,0,0,0
Monocystidae,0,0,0,0,0
Archangiaceae,0,0,0,0,0
Monocystidae,0,0,0,0,0
Cercomonadidae,0,0,0,0,0
Verrucomicrobiaceae,0,0,0,0,0
Clostridiaceae,0,0,0,0,0
Euglenaceae,0,0,0,0,0
Pythiaceae,5,0,0,0,0
Coxiellaceae,0,0,0,5,0
Euglenales,0,0,0,5,0
root,0,0,5,0,0
Firmicutes,0,0,0,0,0
root,0,0,0,0,0
Bdelloidea,0,0,0,0,0
Metazoa,0,0,0,0,0
root,0,0,0,0,0
root,0,0,0,0,0
root,0,0,0,0,0
Metazoa,0,0,5,0,0
root,0,0,0,0,0
root,5,0,0,0,0
Metazoa,0,0,5,0,0
root,0,5,0,0,0
root,0,0,5,0,0
root,5,0,0,0,0
Metazoa,0,0,0,0,0
Metazoa,0,0,0,0,0
root,0,0,0,0,0
root,0,0,0,0,0
root,0,0,0,0,0
root,0,0,0,0,0
Chlorophyta,0,0,0,0,0
Chordata,0,0,0,0,0
Metazoa,0,0,0,0,0
root,0,0,5,0,0
root,0,0,0,0,0
root,0,0,0,0,5
root,0,0,0,0,0
root,0,0,0,0,5
root,0,0,0,0,0
Metazoa,0,0,0,0,0
root,0,0,0,0,0
root,0,0,0,0,5
root,0,0,0,0,0
Clostridia,5,0,0,0,0
Fungi,0,0,0,0,0
root,0,0,0,0,0
root,0,0,0,0,5
root,0,0,0,0,0
root,0,0,0,0,0
root,5,0,0,0,0
Chlorophyceae,0,0,0,0,0
root,0,0,0,0,0
Metazoa,0,0,0,0,0
Metazoa,0,0,0,0,0
root,0,0,0,5,0
root,0,0,5,0,0
root,0,0,0,0,0
Proteobacteria,0,0,0,0,0
root,0,0,0,0,0
Fungi,0,0,0,0,0
root,0,0,0,0,0
root,0,0,0,0,0
root,0,0,0,0,0
root,0,5,0,0,0
Metazoa,0,0,0,0,0
Alphaproteobacteria,0,0,0,0,0
root,0,0,0,0,0
root,0,0,0,0,0
root,0,0,0,0,0
root,0,0,0,0,0
root,0,0,0,0,0
root,0,0,0,0,0
Chordata,0,0,0,0,0
root,0,0,0,0,0
root,0,0,0,5,0
root,0,0,0,0,0
Metazoa,0,0,0,0,0
Chordata,0,0,0,0,0
Cytophagales,0,0,0,0,0
Metazoa,0,0,0,0,0
Metazoa,0,0,0,0,5
Metazoa,0,0,0,0,0
Metazoa,0,0,0,0,0
Metazoa,0,0,0,0,0
Metazoa,0,0,0,0,0
Chordata,0,0,0,0,0
Chordata,0,0,0,0,0
Metazoa,0,0,0,0,0
Chordata,0,0,0,0,0
root,0,0,0,0,0
root,0,0,0,0,0
Chordata,0,0,0,0,0
Chordata,0,0,0,0,0
Chordata,0,0,0,0,0
root,0,0,0,0,0
Metazoa,0,0,0,0,0
Chordata,0,0,0,0,0
Metazoa,0,0,0,0,0
root,0,0,0,0,0
Chordata,0,0,0,0,0
Chordata,0,0,0,0,0
Chordata,0,0,0,0,0
root,0,0,0,0,0
Chordata,0,0,0,0,0
Chordata,0,0,0,0,0
root,0,0,0,0,0
Chordata,0,0,0,0,0
Chordata,0,0,0,0,0
root,0,0,0,0,0
Chordata,0,0,0,0,0
Chordata,0,0,0,0,0
Metazoa,0,0,0,0,0
Chordata,0,0,0,0,0
root,0,0,0,0,0
root,0,0,0,0,0
root,0,0,0,0,0
Chordata,0,0,0,0,0
Chordata,0,0,0,0,0
root,0,0,0,0,0
root,0,0,0,0,0
root,0,0,0,0,0
root,0,0,0,0,0
root,0,0,0,0,0
root,0,0,0,0,0
root,0,0,0,0,0
root,0,0,0,0,0
Metazoa,0,0,0,0,0
root,0,0,0,0,0
root,0,0,0,0,0
root,0,0,0,0,0
root,0,0,0,0,0
root,0,0,0,0,0
root,0,0,0,0,0
root,0,0,0,0,0
root,0,0,0,0,0
Metazoa,0,0,0,0,0
root,0,0,0,0,0
root,0,0,0,0,0
root,0,0,0,0,0
Viridiplantae,0,0,0,0,0
Alphaproteobacteria,0,0,0,0,0
root,0,0,0,0,0
Planctomycetes,0,0,0,0,0
Xanthophyceae,0,0,0,0,0
Ascomycota,0,0,0,0,0
root,0,0,0,0,0
root,0,0,0,0,0
Chlorophyta,0,0,0,0,0
root,0,0,0,0,0
root,0,0,0,0,0
root,0,0,0,0,0
Alphaproteobacteria,0,0,0,0,0
root,0,0,0,0,0
Spumella_like_flagellate_JB,0,0,0,0,0
root,0,0,0,0,0
Firmicutes,0,0,0,0,0
root,0,0,0,0,0
root,0,0,0,0,0
root,0,0,0,0,0
root,0,0,0,0,0
root,0,0,0,0,0
Isosphaerales,0,0,0,0,0
root,0,0,0,0,0
root,0,0,0,0,0
root,0,0,0,0,0
root,0,0,0,0,0
Metazoa,0,5,0,0,0
root,0,0,0,0,5
Metazoa,0,0,0,0,5
root,0,0,0,5,0
Metazoa,0,0,0,5,0
Metazoa,5,0,0,0,0
Metazoa,5,0,0,0,0
Metazoa,5,0,0,0,0
root,5,0,0,0,0
root,0,0,5,0,0
Metazoa,0,0,5,0,0
Chordata,0,5,0,0,0
Metazoa,0,0,0,0,5
root,0,0,0,5,0
Metazoa,5,0,0,0,0
Chordata,5,0,0,0,0
root,0,5,0,0,0
root,0,5,0,0,0
root,0,0,0,0,5
root,0,0,0,0,5
root,0,0,5,0,0
root,0,0,0,5,0
root,0,0,0,5,0
root,5,0,0,0,0
root,5,0,0,0,0
unclassified_Segregatospumella,0,0,5,0,0
root,0,0,5,0,0
root,5,0,0,0,0
root,0,0,0,0,5
root,0,0,0,5,0
root,0,0,5,0,0
root,0,0,0,5,0
root,0,0,0,0,0
Metazoa,0,0,0,0,0
Chordata,0,0,0,0,0
Chordata,0,0,0,0,0
root,0,0,0,0,0
root,0,0,0,0,0
Pedinellales,0,0,0,0,0
unclassified_stramenopiles,0,0,0,0,0
root,0,0,0,0,0
Fungi,0,0,0,0,0
root,0,0,0,0,0
root,0,0,0,0,0
root,0,0,0,0,0
root,0,0,0,0,0
Chordata,0,0,0,0,0
root,0,0,0,0,0
Cercozoa,0,0,0,0,0
Betaproteobacteria,0,0,0,0,0
Aporrectodea_trapezoides,0,0,0,0,0
Limnodrilus_hoffmeisteri,0,0,0,0,0
Henicops_maculatus,0,0,0,0,4
Limnophyes,0,0,4,0,0
Cryptomonas,0,0,4,0,0
Pedobacter,0,0,0,0,4
Planophila,0,0,0,0,0
Culex,0,0,0,0,0
Carex_subgen_Vignea,0,0,0,4,0
Juncus,0,0,0,0,0
Megalothorax,0,0,0,0,0
Nais,0,0,0,0,0
Psychoda,0,0,0,0,0
Sorodiplophrys,0,0,0,0,0
Limnofila,0,0,0,0,0
Lepocinclis,0,0,0,0,0
Epalxella,0,0,0,0,0
Spirosoma,0,0,0,0,0
Spirochaeta,0,0,0,0,0
Methanocella,0,0,0,0,0
Rhynchomonas,0,0,0,0,0
Dolomedes,0,4,0,0,0
Thiodictyon,0,0,0,0,0
Sulfuricurvum,0,0,4,0,0
Taibaiella,0,0,0,4,0
Monomorphina,0,0,0,0,4
Chaetonotidae,0,0,0,0,0
Chaetonotidae,0,0,0,0,0
Spongomonadidae,0,0,0,0,0
Vorticellidae,0,4,0,0,0
Euplotidae,0,0,0,0,0
Clostridiaceae,0,0,0,0,0
Euglenaceae,0,0,0,0,0
Desulfovibrionaceae,0,4,0,0,0
Dugesiidae,0,0,0,0,0
Cytophagaceae,0,0,0,0,0
Oscillospiraceae,0,0,0,0,0
Desulfobulbaceae,0,0,0,0,0
Vannellidae,4,0,0,0,0
Cytophagaceae,0,0,4,0,0
Cochliopodiidae,0,0,0,0,0
Spirotrichea,0,0,0,0,0
Metazoa,0,0,0,0,0
root,0,0,0,0,0
Nevskiales,0,0,0,0,0
root,0,4,0,0,0
Bacteroidetes,0,0,0,0,0
root,0,0,0,0,0
root,0,0,0,4,0
Metazoa,0,0,0,0,4
root,0,0,4,0,0
Metazoa,0,0,0,0,0
root,0,0,0,4,0
root,0,0,0,0,0
root,0,0,0,0,0
root,0,0,0,0,0
root,0,0,0,0,0
Synurophyceae,0,0,0,0,0
Proteobacteria,0,0,0,0,0
Bacillariophyta,4,0,0,0,0
Metazoa,0,0,0,0,0
Bacteroidetes,0,0,0,0,0
root,0,0,0,0,0
Chordata,0,0,0,0,0
root,0,0,0,0,0
root,0,0,0,0,0
root,0,0,0,0,0
root,0,0,0,0,0
Metazoa,4,0,0,0,0
Bacteroidetes,0,0,0,0,0
root,0,0,0,0,0
root,0,0,0,0,4
Oomycota_incertae_sedis,0,0,0,0,0
Chordata,0,0,0,0,4
root,0,0,0,0,0
Metazoa,4,0,0,0,0
root,0,0,0,0,0
root,0,0,0,0,0
root,0,0,0,0,0
root,0,0,0,0,0
Mammalia,0,0,4,0,0
Chordata,0,0,0,0,0
root,0,0,0,0,0
root,0,0,0,0,0
root,0,0,0,0,0
root,4,0,0,0,0
root,0,0,0,0,0
root,0,0,0,0,0
root,0,0,0,0,0
root,0,0,0,0,0
root,0,4,0,0,0
Metazoa,0,0,0,0,0
Heterolobosea,0,0,0,0,0
Metazoa,0,0,0,0,4
unclassified_Bacillariophyta,0,0,0,0,4
Chordata,0,0,0,0,0
Euglenales,4,0,0,0,0
Metazoa,0,0,0,0,0
Fungi,0,0,0,0,0
root,0,0,0,0,0
root,0,4,0,0,0
root,0,0,0,0,0
Methanomicrobiales,0,0,0,0,0
Metazoa,0,0,0,0,0
root,0,0,0,0,0
root,0,0,0,0,0
Metazoa,4,0,0,0,0
Metazoa,0,0,0,0,0
root,0,0,0,0,0
root,0,0,0,4,0
root,0,0,0,0,0
root,0,0,0,0,0
Chlorophyta,0,0,0,0,0
root,0,0,0,0,0
root,0,0,0,0,0
Metazoa,0,0,0,4,0
root,0,0,0,0,0
Metazoa,0,0,0,0,4
root,0,0,0,0,0
Acidobacteria,0,0,0,0,0
root,0,0,0,0,0
Metazoa,0,0,0,0,0
root,0,0,0,0,0
root,0,0,0,0,0
Metazoa,0,4,0,0,0
Metazoa,0,0,0,4,0
Metazoa,4,0,0,0,0
root,0,0,0,0,0
root,0,0,0,0,0
root,0,0,0,0,0
root,0,0,0,0,0
Mollusca,0,0,0,0,4
root,0,0,0,4,0
Gammaproteobacteria,0,0,0,4,0
Metazoa,0,0,0,0,0
root,0,0,0,0,0
root,0,0,0,0,0
root,0,0,0,0,0
Metazoa,0,0,4,0,0
root,0,0,0,0,0
root,0,0,0,0,0
Metazoa,0,0,0,0,0
root,0,0,0,0,0
root,0,4,0,0,0
root,0,4,0,0,0
Chordata,0,0,0,0,0
Metazoa,0,0,0,0,0
root,0,0,0,0,0
root,0,0,0,0,0
root,0,0,0,0,0
root,0,0,0,0,0
unclassified_Rhynchobodo,0,0,0,0,0
root,0,0,0,0,0
root,0,0,0,0,0
root,0,4,0,0,0
root,0,0,4,0,0
root,0,4,0,0,0
root,4,0,0,0,0
root,0,0,0,0,0
Metazoa,0,0,0,0,0
root,0,0,0,0,0
Metazoa,0,0,0,0,0
root,0,0,0,0,0
root,0,0,0,0,0
Metazoa,0,0,0,0,0
Metazoa,0,0,0,0,0
Metazoa,0,0,0,0,0
root,0,0,0,0,0
root,0,0,0,0,0
Metazoa,0,0,0,0,0
Metazoa,0,0,0,0,0
Metazoa,0,0,0,0,0
Metazoa,0,0,0,0,0
Chordata,0,0,0,0,0
Metazoa,0,0,0,0,0
Chordata,0,0,0,0,0
Chordata,0,0,0,0,0
Chordata,0,0,0,0,0
Chordata,0,0,0,0,0
Chordata,0,0,0,0,0
Chordata,0,0,0,0,0
root,0,0,0,0,0
Metazoa,0,0,0,0,0
Chordata,0,0,0,0,0
Chordata,0,0,0,0,0
Metazoa,0,0,0,0,0
root,0,0,0,0,0
Metazoa,0,0,0,0,0
root,0,0,0,0,0
Metazoa,0,0,0,0,0
root,0,0,0,0,0
Metazoa,0,0,0,0,0
Chordata,0,0,0,0,0
Chordata,0,0,0,0,0
Chordata,0,0,0,0,0
Chordata,0,0,0,0,0
root,0,0,0,0,0
Chordata,0,0,0,0,0
Chordata,0,0,0,0,0
root,0,0,0,0,0
root,0,0,0,0,0
Chordata,0,0,0,0,0
root,0,0,0,0,0
root,0,0,0,0,0
root,0,0,0,0,0
root,0,0,0,0,0
root,0,0,0,0,0
root,0,0,0,0,0
Metazoa,0,0,0,0,0
root,0,0,0,0,0
Eurotatoria,0,0,0,0,0
Metazoa,0,0,0,0,0
root,0,0,0,0,0
Metazoa,0,0,0,0,0
root,0,0,0,0,0
root,0,0,0,0,0
root,0,0,0,0,0
Chromadorea,0,0,0,0,0
root,0,0,0,0,0
root,0,0,0,0,0
root,0,0,0,0,0
root,0,0,0,0,0
root,0,0,0,0,0
unclassified_Paraphysomonas,0,0,0,0,0
Metazoa,0,0,0,0,0
root,0,0,0,0,0
Eurotatoria,0,0,0,0,0
root,0,0,0,0,0
root,0,0,0,0,0
Viridiplantae,0,0,0,0,0
root,0,0,0,0,0
root,0,0,0,0,0
root,0,0,0,0,0
root,0,0,0,0,0
root,0,0,0,0,0
root,0,0,0,0,0
root,0,0,0,0,0
root,0,0,0,0,0
root,0,0,0,0,0
Proteobacteria,0,4,0,0,0
Acidobacteria,0,0,0,0,0
root,0,0,0,0,0
Corynebacteriales,0,0,0,0,0
Proteobacteria,0,0,0,0,0
Planctomycetes,0,0,0,0,0
root,0,0,0,0,0
root,0,0,0,0,0
root,0,0,0,0,0
Proteobacteria,0,0,0,0,0
Proteobacteria,0,0,0,0,0
Bacteroidetes,0,0,0,0,0
root,4,0,0,0,0
Eustigmatophyceae,0,0,0,0,0
Metazoa,0,0,0,0,0
root,0,0,0,0,0
root,0,0,0,0,0
root,0,0,0,0,0
root,0,0,0,0,0
root,0,0,0,0,0
root,0,0,0,0,0
root,0,0,0,0,0
root,0,0,0,0,0
root,0,0,0,0,0
root,0,0,0,0,0
root,0,0,0,0,0
root,0,0,0,0,0
Metazoa,0,4,0,0,0
Metazoa,0,4,0,0,0
root,0,0,0,0,4
Metazoa,0,0,0,0,4
Metazoa,0,0,0,0,4
Metazoa,0,0,0,4,0
Metazoa,4,0,0,0,0
Metazoa,4,0,0,0,0
Metazoa,0,0,4,0,0
Metazoa,0,0,4,0,0
Metazoa,0,0,4,0,0
Metazoa,0,4,0,0,0
Chordata,0,4,0,0,0
Chordata,0,0,0,0,4
root,0,0,0,0,4
root,0,0,0,0,4
Metazoa,0,0,0,0,4
Chordata,0,0,0,4,0
Chordata,0,0,0,4,0
Metazoa,4,0,0,0,0
root,0,0,4,0,0
root,0,4,0,0,0
Arthropoda,0,4,0,0,0
Arthropoda,0,4,0,0,0
root,0,0,0,0,4
root,0,0,0,0,4
root,0,0,0,0,4
root,0,0,0,0,4
root,0,0,0,0,4
Metazoa,0,0,0,0,4
root,0,0,0,0,4
root,0,0,0,0,4
Sordariomycetes,0,0,4,0,0
root,4,0,0,0,0
Magnoliopsida,0,0,0,0,4
root,0,0,4,0,0
Chrysophyceae,0,4,0,0,0
root,0,4,0,0,0
Ploima,0,0,0,0,4
root,0,0,0,0,4
Gammaproteobacteria,0,0,4,0,0
Proteobacteria,0,4,0,0,0
root,0,4,0,0,0
root,0,4,0,0,0
root,0,4,0,0,0
root,0,0,0,0,4
Bacteroidetes,0,0,0,0,4
root,0,0,0,0,4
root,0,0,0,0,4
Cytophagales,0,0,0,4,0
root,0,0,0,4,0
Proteobacteria,0,0,0,4,0
Flavobacteriales,0,0,0,4,0
root,0,0,0,4,0
root,4,0,0,0,0
Firmicutes,4,0,0,0,0
Bacteroidetes,4,0,0,0,0
root,4,0,0,0,0
Oligohymenophorea,4,0,0,0,0
root,0,0,0,0,4
root,4,0,0,0,0
root,0,0,4,0,0
root,0,0,4,0,0
root,0,0,0,0,0
root,0,0,0,0,0
Chordata,0,0,0,0,0
Chordata,0,0,0,0,0
root,0,0,0,0,0
Bacillariophyta,0,0,0,0,0
root,0,0,0,0,0
root,0,0,0,0,0
root,0,0,0,0,0
root,0,0,0,0,0
root,0,0,0,0,0
root,0,0,0,0,0
root,0,0,0,0,0
root,0,0,0,0,0
root,0,0,0,0,0
root,0,0,0,0,0
root,0,0,0,0,0
Metazoa,0,0,0,0,0
Metazoa,0,0,0,0,0
Chordata,0,0,0,0,0
Chordata,0,0,0,0,0
root,0,0,0,0,0
root,0,0,0,0,0
Metazoa,0,0,0,0,0
root,0,0,0,0,0
Hypocreales,0,0,0,0,0
Helotiales,0,0,0,0,0
root,0,0,0,0,0
Metazoa,0,0,0,0,0
Chordata,0,0,0,0,0
Chordata,0,0,0,0,0
Chordata,0,0,0,0,0
Chordata,0,0,0,0,0
root,0,0,0,0,0
root,0,0,0,0,0
root,0,0,0,0,0
root,0,0,0,0,0
Metazoa,0,0,0,0,0
root,0,0,0,0,0
