﻿tax_assignment,One,Two,Three,Four,Five,Six
root,0,0,0,0,4,0
root,0,0,0,0,4,0
Chloroflexia,0,0,4,0,0,0
Phaeophyceae,0,4,0,0,0,0
root,4,0,0,0,0,0
Metazoa,4,0,0,0,0,0
Metazoa,0,4,0,0,0,0
root,0,0,0,0,4,0
Epalxella,0,0,0,0,4,0
Nitzschia_palea,0,0,0,0,0,4
root,0,0,0,0,0,4
root,4,0,0,0,0,0
root,4,0,0,0,0,0
Gammaproteobacteria,4,0,0,0,0,0
Methanobacterium,0,4,0,0,0,0
Epalxella,0,0,0,0,0,4
root,0,0,4,0,0,0
Kinetoplastea,0,0,0,0,4,0
Eurotatoria,0,0,0,0,4,0
root,4,0,0,0,0,0
root,0,0,0,0,4,0
root,0,0,0,4,0,0
root,4,0,0,0,0,0
root,4,0,0,0,0,0
Chordata,0,4,0,0,0,0
Nitzschia,0,0,0,0,0,4
root,0,0,4,0,0,0
root,0,0,0,4,0,0
root,0,0,0,4,0,0
root,0,0,0,0,0,4
root,4,0,0,0,0,0
root,0,0,4,0,0,0
Arcicella,4,0,0,0,0,0
Tetrahymena,4,0,0,0,0,0
root,0,4,0,0,0,0
root,0,0,4,0,0,0
Metazoa,0,4,0,0,0,0
Paraphysomonas_sp,0,0,0,0,4,0
Paraphysomonas_sp,0,4,0,0,0,0
Azolla,0,0,0,4,0,0
Clostridium,0,0,4,0,0,0
Dinobryon,0,0,0,4,0,0
Simocephalus,0,4,0,0,0,0
Treponema,4,0,0,0,0,0
Cryptomonadaceae,0,0,0,0,4,0
Crocinitomicaceae,0,0,0,4,0,0
root,4,0,0,0,0,0
root,0,0,0,0,0,4
root,0,4,0,0,0,0
root,0,0,0,0,0,4
root,4,0,0,0,0,0
root,0,0,0,4,0,0
root,0,0,4,0,0,0
root,4,0,0,0,0,0
Kinetoplastea,0,0,4,0,0,0
root,0,0,0,0,4,0
root,0,0,4,0,0,0
root,0,4,0,0,0,0
root,0,0,0,4,0,0
root,4,0,0,0,0,0
Metazoa,0,0,0,4,0,0
Spirochaetes,4,0,0,0,0,0
Chordata,0,0,0,0,4,0
root,0,0,0,4,0,0
root,0,4,0,0,0,0
root,0,0,4,0,0,0
root,0,0,0,4,0,0
root,0,4,0,0,0,0
root,0,0,4,0,0,0
root,0,0,0,0,0,4
root,0,4,0,0,0,0
root,0,0,0,0,0,4
root,4,0,0,0,0,0
root,0,0,0,4,0,0
root,0,0,0,0,0,4
root,4,0,0,0,0,0
root,0,0,0,4,0,0
root,4,0,0,0,0,0
root,0,0,4,0,0,0
root,0,4,0,0,0,0
Chordata,0,0,0,0,0,4
Metazoa,0,0,0,0,0,4
root,0,0,4,0,0,0
Metazoa,4,0,0,0,0,0
root,0,0,0,0,0,4
root,4,0,0,0,0,0
Chlorophyta,0,0,4,0,0,0
root,4,0,0,0,0,0
root,0,0,4,0,0,0
root,4,0,0,0,0,0
root,0,0,0,4,0,0
root,0,0,0,0,0,4
root,0,0,4,0,0,0
Cytophagales,0,0,0,4,0,0
Bacteroidetes,0,0,4,0,0,0
Bacteroidetes,0,0,4,0,0,0
Thalassiosirales,0,0,0,4,0,0
root,0,0,0,0,0,4
Chordata,0,0,0,0,4,0
Chordata,0,0,0,0,4,0
Chordata,0,0,0,0,4,0
root,0,0,0,4,0,0
root,0,0,0,0,4,0
root,0,0,0,0,4,0
Insecta,0,4,0,0,0,0
root,0,0,0,0,4,0
root,0,0,0,0,4,0
root,0,0,0,0,4,0
Verrucomicrobia,0,0,0,0,4,0
root,4,0,0,0,0,0
root,4,0,0,0,0,0
root,0,0,0,0,4,0
root,0,0,0,4,0,0
root,0,4,0,0,0,0
root,0,4,0,0,0,0
Metazoa,4,0,0,0,0,0
Metazoa,0,0,0,4,0,0
Metazoa,0,4,0,0,0,0
Chordata,4,0,0,0,0,0
root,0,0,0,4,0,0
root,0,0,0,4,0,0
root,0,0,0,4,0,0
root,0,4,0,0,0,0
root,0,4,0,0,0,0
root,0,4,0,0,0,0
root,0,4,0,0,0,0
root,0,4,0,0,0,0
Metazoa,0,4,0,0,0,0
root,4,0,0,0,0,0
Metazoa,4,0,0,0,0,0
Metazoa,4,0,0,0,0,0
root,4,0,0,0,0,0
root,4,0,0,0,0,0
root,4,0,0,0,0,0
root,4,0,0,0,0,0
Metazoa,4,0,0,0,0,0
root,4,0,0,0,0,0
root,4,0,0,0,0,0
Metazoa,4,0,0,0,0,0
root,4,0,0,0,0,0
root,0,0,0,4,0,0
root,0,4,0,0,0,0
root,0,4,0,0,0,0
root,0,4,0,0,0,0
Amphifilida,4,0,0,0,0,0
root,4,0,0,0,0,0
Cytophagia,0,0,0,4,0,0
root,0,4,0,0,0,0
root,0,4,0,0,0,0
root,0,4,0,0,0,0
root,0,4,0,0,0,0
root,0,4,0,0,0,0
root,0,4,0,0,0,0
root,0,4,0,0,0,0
root,4,0,0,0,0,0
root,4,0,0,0,0,0
root,4,0,0,0,0,0
root,4,0,0,0,0,0
Cytophagales,4,0,0,0,0,0
root,4,0,0,0,0,0
root,0,0,0,4,0,0
root,0,0,0,4,0,0
unclassified_Trentepohlia,0,0,0,4,0,0
root,0,4,0,0,0,0
root,4,0,0,0,0,0
root,4,0,0,0,0,0
root,0,0,5,0,0,0
Metazoa,0,0,0,0,5,0
Bacteroidetes,0,0,0,0,0,5
root,0,0,5,0,0,0
Pelobacter,0,0,5,0,0,0
Racopilum,0,0,0,0,5,0
Lumbriculidae,0,0,0,0,5,0
Pirellulaceae,0,0,0,0,5,0
Metazoa,0,0,0,0,0,5
root,0,0,0,0,5,0
root,0,0,5,0,0,0
unclassified_Rhabdostyla,0,0,0,0,5,0
Metazoa,0,0,0,0,0,5
Bacteroidetes,0,0,0,0,0,5
root,0,0,0,0,0,5
root,0,0,0,0,0,5
Metazoa,0,0,0,0,0,5
root,0,0,5,0,0,0
root,0,0,5,0,0,0
root,0,0,5,0,0,0
root,0,0,5,0,0,0
root,0,0,0,0,0,5
root,0,0,0,0,0,5
Chordata,0,0,0,0,5,0
Euglenales,0,0,0,0,5,0
root,0,0,0,0,5,0
root,0,0,0,0,5,0
Metazoa,6,0,0,0,0,0
Metazoa,0,0,0,0,0,6
root,0,0,6,0,0,0
Clostridiaceae,0,0,0,0,0,6
root,6,0,0,0,0,0
Chordata,0,0,0,6,0,0
root,0,0,0,0,6,0
root,0,0,6,0,0,0
root,0,0,0,0,0,6
root,6,0,0,0,0,0
root,0,0,0,6,0,0
Cryptomycota_incertae_sedis,6,0,0,0,0,0
root,0,6,0,0,0,0
root,0,6,0,0,0,0
root,0,6,0,0,0,0
Metazoa,6,0,0,0,0,0
Pirellulaceae,0,0,0,6,0,0
Rhizomicrobium,0,6,0,0,0,0
Cryptomonas,0,0,0,0,6,0
Chordata,0,0,0,6,0,0
root,0,0,0,0,6,0
root,0,6,0,0,0,0
root,0,0,0,6,0,0
root,6,0,0,0,0,0
Fungi,0,6,0,0,0,0
root,0,6,0,0,0,0
Metazoa,0,6,0,0,0,0
Pararheinheimera,0,0,0,6,0,0
Chaetonotus,0,6,0,0,0,0
Cypretta,0,0,0,6,0,0
Bodo,0,0,0,6,0,0
Vannella,0,6,0,0,0,0
Phacus,6,0,0,0,0,0
Euglenaceae,0,0,0,6,0,0
Chlamydomonadaceae,6,0,0,0,0,0
Spongomonadidae,0,6,0,0,0,0
Tobrilidae,0,0,0,0,6,0
Chaetonotidae,0,0,0,0,0,6
Acetobacteraceae,0,0,0,0,6,0
root,0,0,0,0,6,0
root,0,6,0,0,0,0
Viridiplantae,0,0,0,0,6,0
root,0,6,0,0,0,0
root,0,0,0,6,0,0
root,0,0,6,0,0,0
root,0,0,0,0,6,0
Oomycota,0,0,0,0,6,0
root,0,0,0,6,0,0
root,6,0,0,0,0,0
root,0,0,0,6,0,0
root,0,6,0,0,0,0
Chordata,0,6,0,0,0,0
unclassified_stramenopiles,0,0,0,6,0,0
root,6,0,0,0,0,0
Metazoa,6,0,0,0,0,0
Metazoa,0,6,0,0,0,0
root,6,0,0,0,0,0
root,0,0,6,0,0,0
root,0,0,0,6,0,0
root,0,0,0,0,6,0
root,0,6,0,0,0,0
Metazoa,0,6,0,0,0,0
Metazoa,6,0,0,0,0,0
root,0,6,0,0,0,0
root,0,0,0,6,0,0
Metazoa,0,0,6,0,0,0
Chordata,0,0,0,0,0,6
root,0,0,0,0,0,6
root,0,0,0,0,0,6
root,0,0,0,0,0,6
root,0,6,0,0,0,0
Metazoa,0,0,6,0,0,0
Viridiplantae,0,0,0,0,0,6
root,0,0,6,0,0,0
Ciliophora,0,0,6,0,0,0
root,0,0,0,0,0,6
Bacteroidetes,0,0,0,0,0,6
root,0,0,6,0,0,0
root,0,6,0,0,0,0
root,0,0,0,0,0,6
root,0,0,6,0,0,0
Ciliophora,0,0,0,0,6,0
Ciliophora,0,0,0,0,6,0
root,0,0,0,6,0,0
Chordata,0,0,0,6,0,0
root,0,0,0,6,0,0
Chordata,6,0,0,0,0,0
Metazoa,6,0,0,0,0,0
Chordata,6,0,0,0,0,0
Chordata,6,0,0,0,0,0
Chordata,6,0,0,0,0,0
root,0,0,0,6,0,0
root,0,6,0,0,0,0
root,0,6,0,0,0,0
root,0,6,0,0,0,0
root,0,6,0,0,0,0
Cymbellales,0,6,0,0,0,0
root,0,6,0,0,0,0
root,6,0,0,0,0,0
root,6,0,0,0,0,0
root,6,0,0,0,0,0
root,6,0,0,0,0,0
root,6,0,0,0,0,0
Viridiplantae,0,6,0,0,0,0
root,0,0,0,6,0,0
root,0,6,0,0,0,0
Planctomycetia,0,0,0,6,0,0
Bacteroidetes,0,0,0,6,0,0
root,0,0,0,6,0,0
root,0,0,0,6,0,0
root,0,6,0,0,0,0
root,6,0,0,0,0,0
Bacteroidetes,6,0,0,0,0,0
root,6,0,0,0,0,0
root,0,0,0,6,0,0
root,0,0,0,6,0,0
Chlorophyta,0,0,0,6,0,0
root,0,6,0,0,0,0
root,6,0,0,0,0,0
root,6,0,0,0,0,0
root,0,6,0,0,0,0
root,0,0,7,0,0,0
Paludibacter,0,0,0,0,7,0
Euglenaceae,0,0,7,0,0,0
root,0,0,0,0,7,0
root,0,0,7,0,0,0
Metazoa,0,0,0,0,7,0
Chordata,0,0,0,0,0,7
Oomycota,0,0,7,0,0,0
root,0,0,7,0,0,0
root,0,0,0,0,0,7
Proteobacteria,0,0,7,0,0,0
root,0,0,7,0,0,0
Bacteroidetes,0,0,7,0,0,0
root,0,0,0,0,0,7
root,0,8,0,0,0,0
root,0,8,0,0,0,0
root,0,8,0,0,0,0
root,4,4,0,0,0,0
unclassified_Chlorophyceae,0,8,0,0,0,0
root,0,8,0,0,0,0
root,0,0,0,8,0,0
root,0,8,0,0,0,0
Chlorophyceae,0,0,0,0,8,0
root,0,8,0,0,0,0
root,8,0,0,0,0,0
Metazoa,0,8,0,0,0,0
Metazoa,0,8,0,0,0,0
Phacus,0,0,0,0,0,8
Rhodomonas,0,0,8,0,0,0
Chlamydomonas,0,0,8,0,0,0
Chydorus,0,8,0,0,0,0
Chaetonotus,0,8,0,0,0,0
Alphamonas,8,0,0,0,0,0
Spongomonadidae,0,4,0,4,0,0
Crocinitomicaceae,8,0,0,0,0,0
Oxytrichidae,0,8,0,0,0,0
root,0,0,8,0,0,0
root,4,0,4,0,0,0
root,0,8,0,0,0,0
Chordata,0,0,0,8,0,0
Chlorophyta,0,8,0,0,0,0
Chordata,8,0,0,0,0,0
root,0,0,0,8,0,0
root,0,0,0,8,0,0
Bacteroidetes,0,0,0,0,0,8
root,0,0,0,8,0,0
root,0,8,0,0,0,0
Cytophagia,0,0,0,8,0,0
Metazoa,0,0,0,0,0,8
Chordata,0,8,0,0,0,0
root,0,0,0,0,8,0
root,0,0,0,8,0,0
root,4,0,4,0,0,0
Chordata,8,0,0,0,0,0
Sessilida,0,0,0,0,8,0
Proteobacteria,0,8,0,0,0,0
root,0,0,0,8,0,0
Chordata,0,0,0,0,0,8
root,0,0,8,0,0,0
Bacillariophyta,0,0,0,0,0,8
root,0,0,8,0,0,0
Chordata,0,0,0,0,8,0
Chordata,0,0,0,0,8,0
root,0,8,0,0,0,0
root,0,0,0,8,0,0
root,0,4,0,4,0,0
Metazoa,8,0,0,0,0,0
root,0,0,0,8,0,0
root,0,0,0,8,0,0
Chordata,0,8,0,0,0,0
Chordata,0,8,0,0,0,0
Chordata,8,0,0,0,0,0
Metazoa,8,0,0,0,0,0
Chordata,8,0,0,0,0,0
root,8,0,0,0,0,0
Chromadorea,4,0,0,4,0,0
Metazoa,0,8,0,0,0,0
root,0,8,0,0,0,0
Metazoa,4,4,0,0,0,0
root,4,4,0,0,0,0
root,8,0,0,0,0,0
Metazoa,8,0,0,0,0,0
Planctomycetes,0,0,0,8,0,0
root,0,0,0,8,0,0
root,0,0,0,8,0,0
Proteobacteria,0,8,0,0,0,0
root,0,8,0,0,0,0
root,8,0,0,0,0,0
Euglenozoa,0,0,0,8,0,0
Acanthoecida,0,0,0,8,0,0
root,0,0,0,8,0,0
root,0,0,0,8,0,0
root,0,8,0,0,0,0
Rhodocyclaceae,0,0,0,0,9,0
root,0,4,5,0,0,0
root,0,0,9,0,0,0
Isosphaeraceae,0,0,0,0,0,9
root,0,0,0,0,0,9
Gemmataceae,0,0,0,0,0,9
Bacteroidaceae,0,0,0,0,0,9
Chordata,4,0,0,0,0,5
Metazoa,0,0,9,0,0,0
root,0,0,5,0,0,4
root,0,0,9,0,0,0
Bacteroidetes,4,0,0,0,5,0
root,10,0,0,0,0,0
root,0,10,0,0,0,0
Bacillariophyta,10,0,0,0,0,0
Chitinophagaceae,0,0,10,0,0,0
root,0,0,0,0,10,0
Plantago,0,0,0,0,0,10
root,10,0,0,0,0,0
root,4,6,0,0,0,0
root,6,0,0,4,0,0
root,0,10,0,0,0,0
Chordata,0,0,0,10,0,0
Planctomycetia,0,0,0,6,0,4
Methylovulum,10,0,0,0,0,0
root,10,0,0,0,0,0
Anguilla_australis,0,0,0,10,0,0
Spirosoma,0,6,0,0,0,4
Neourostylopsis,0,0,0,10,0,0
Alphamonas,0,0,0,10,0,0
Flavobacteriaceae,10,0,0,0,0,0
Euglenaceae,0,0,0,10,0,0
Crocinitomicaceae,0,0,0,10,0,0
Microbacteriaceae,0,0,0,0,10,0
Oedogoniaceae,10,0,0,0,0,0
Metazoa,0,0,0,10,0,0
root,0,0,0,0,10,0
Metazoa,0,0,0,10,0,0
Oomycota_incertae_sedis,0,10,0,0,0,0
Chordata,0,0,0,0,0,10
Bacteroidetes,10,0,0,0,0,0
root,0,0,0,6,0,4
root,0,0,0,0,0,10
Chordata,0,0,0,10,0,0
Desulfuromonadales,0,10,0,0,0,0
root,0,10,0,0,0,0
root,0,0,0,0,10,0
Proteobacteria,0,0,0,0,10,0
Arthropoda,6,0,0,4,0,0
Chordata,0,0,0,10,0,0
Chordata,0,0,0,0,10,0
root,0,0,0,0,10,0
Eurotatoria,0,0,0,0,10,0
root,0,10,0,0,0,0
root,0,10,0,0,0,0
root,0,10,0,0,0,0
root,0,10,0,0,0,0
root,10,0,0,0,0,0
root,0,10,0,0,0,0
Bicosoecida,0,10,0,0,0,0
root,10,0,0,0,0,0
root,0,0,0,10,0,0
root,0,0,0,10,0,0
root,0,10,0,0,0,0
root,10,0,0,0,0,0
root,10,0,0,0,0,0
Euglenozoa,0,0,0,10,0,0
root,0,0,0,10,0,0
Oomycota,0,10,0,0,0,0
root,10,0,0,0,0,0
root,0,0,0,10,0,0
root,0,0,0,10,0,0
Myxococcales,0,0,11,0,0,0
Mycobacteriaceae,0,0,11,0,0,0
Poaceae,0,0,0,0,0,11
root,0,0,11,0,0,0
root,0,0,0,0,0,11
Chordata,0,0,0,0,0,11
root,0,0,0,4,7,0
Metazoa,0,0,11,0,0,0
root,0,0,0,0,11,0
Oomycota,0,0,0,0,11,0
Sulfuricurvum,0,0,0,8,0,4
root,0,8,0,0,0,4
root,0,0,4,0,4,4
root,0,8,0,0,4,0
Acidobacteriaceae,0,12,0,0,0,0
root,0,12,0,0,0,0
root,0,0,0,12,0,0
root,12,0,0,0,0,0
Acetobacteraceae,12,0,0,0,0,0
Chlorophyceae,12,0,0,0,0,0
root,0,12,0,0,0,0
Cryptomycota_incertae_sedis,6,0,0,6,0,0
Phacaceae,0,12,0,0,0,0
Planctomycetaceae,0,0,0,12,0,0
root,0,0,0,4,0,8
Proteobacteria,0,0,7,0,5,0
root,0,0,0,12,0,0
Microdiaphanosoma,0,0,0,12,0,0
Cryptomonas,0,0,12,0,0,0
Cypretta,0,0,0,12,0,0
Oscillospiraceae,0,0,12,0,0,0
Chordata,12,0,0,0,0,0
root,0,0,0,12,0,0
Chordata,0,0,0,0,12,0
root,0,6,0,6,0,0
Chrysophyceae,0,6,0,0,6,0
Selenomonadales,0,0,12,0,0,0
Bacteroidetes,12,0,0,0,0,0
root,0,0,0,0,0,12
root,4,8,0,0,0,0
root,6,6,0,0,0,0
Bacteroidetes,0,4,0,8,0,0
Insecta,0,12,0,0,0,0
Kinetoplastea,0,12,0,0,0,0
root,6,0,0,6,0,0
root,0,0,0,0,0,12
Insecta,0,0,0,4,0,8
root,8,0,0,0,4,0
root,0,0,0,0,7,5
root,0,4,4,0,0,4
Eubacteriales,0,0,6,6,0,0
Bacteroidetes,6,0,6,0,0,0
Chordata,0,0,0,12,0,0
root,12,0,0,0,0,0
Chordata,12,0,0,0,0,0
Chordata,12,0,0,0,0,0
Metazoa,0,12,0,0,0,0
root,0,12,0,0,0,0
Magnoliopsida,12,0,0,0,0,0
Lamiales,0,12,0,0,0,0
root,0,0,0,12,0,0
Bacteroidetes,0,0,0,12,0,0
root,0,12,0,0,0,0
Chlamydiae,0,12,0,0,0,0
root,0,12,0,0,0,0
root,0,12,0,0,0,0
root,0,0,5,0,0,8
Rhodobacteraceae,0,0,0,0,13,0
root,0,0,0,0,5,8
Phocaeicola,0,0,13,0,0,0
Chlamydomonadaceae,0,0,13,0,0,0
root,0,0,13,0,0,0
Bacteroidetes,0,8,5,0,0,0
root,0,0,13,0,0,0
root,0,0,0,0,9,5
Gammaproteobacteria,0,0,0,0,0,14
Urostomides,0,0,0,0,14,0
Prolixibacteraceae,0,0,14,0,0,0
root,0,0,6,8,0,0
root,0,0,0,0,14,0
root,0,10,0,0,0,4
Metazoa,14,0,0,0,0,0
Vitreochlamys,0,6,0,8,0,0
root,10,0,0,0,4,0
root,10,0,0,4,0,0
root,14,0,0,0,0,0
Bodo,14,0,0,0,0,0
root,14,0,0,0,0,0
root,10,4,0,0,0,0
Vitreochlamys,0,0,0,10,4,0
Tubificinae,0,0,0,0,14,0
root,8,6,0,0,0,0
Plantago,0,0,0,0,14,0
Sporomusaceae,0,0,0,0,14,0
root,14,0,0,0,0,0
root,14,0,0,0,0,0
Paracyclops_fimbriatus,0,10,0,4,0,0
root,0,0,0,14,0,0
Tetmemena,0,14,0,0,0,0
Desulfobulbus,0,0,0,14,0,0
Persicaria,0,14,0,0,0,0
Gomphonema,0,0,0,14,0,0
Thorsellia,14,0,0,0,0,0
Solibacteraceae,14,0,0,0,0,0
Eubacteriales_Family_XIII_Incertae_Sedis,0,14,0,0,0,0
Euplotidae,0,0,0,0,14,0
Legionellaceae,8,0,0,0,6,0
root,0,14,0,0,0,0
Chordata,0,0,0,0,14,0
Metazoa,14,0,0,0,0,0
root,8,0,0,0,6,0
root,0,0,0,14,0,0
root,8,0,0,6,0,0
root,14,0,0,0,0,0
root,0,14,0,0,0,0
Hyphomicrobiales,0,0,0,0,0,14
Alphaproteobacteria,0,10,0,0,0,4
root,0,0,8,0,0,6
Planctomycetia,0,0,4,0,10,0
root,0,0,0,0,0,14
Bacteroidetes,0,0,0,8,6,0
Metazoa,8,6,0,0,0,0
Chordata,0,14,0,0,0,0
Metazoa,14,0,0,0,0,0
root,14,0,0,0,0,0
root,14,0,0,0,0,0
root,0,14,0,0,0,0
Micrococcales,14,0,0,0,0,0
root,14,0,0,0,0,0
root,14,0,0,0,0,0
Chlorophyceae,14,0,0,0,0,0
root,0,0,9,6,0,0
root,0,0,15,0,0,0
root,0,0,0,0,0,15
Chordata,0,0,0,0,15,0
Planctomycetia,0,8,0,0,0,7
Proteobacteria,10,0,0,0,0,5
root,0,0,15,0,0,0
Spirotrichea,0,0,0,0,15,0
Spirotrichea,0,0,0,0,15,0
Phacus,0,6,0,10,0,0
root,6,6,0,4,0,0
Chaetonotidae,0,0,0,16,0,0
Rumex,0,0,0,0,0,16
Cytophagaceae,0,0,6,10,0,0
Cryptomonadaceae,0,0,0,16,0,0
root,0,0,0,16,0,0
Daphniidae,0,0,0,16,0,0
Pirellulales,0,0,0,16,0,0
Chordata,0,0,0,16,0,0
Ranunculus,16,0,0,0,0,0
Sphingorhabdus,16,0,0,0,0,0
Rhodoblastus,0,16,0,0,0,0
Euglena,0,16,0,0,0,0
Cryptomonadaceae,6,10,0,0,0,0
Asterales,0,0,0,0,16,0
root,0,16,0,0,0,0
root,0,0,0,0,0,16
Eurotatoria,0,16,0,0,0,0
root,16,0,0,0,0,0
Bacillariophyceae,0,16,0,0,0,0
root,16,0,0,0,0,0
root,0,0,0,16,0,0
root,0,12,0,0,4,0
Viridiplantae,6,4,0,6,0,0
root,0,0,16,0,0,0
root,0,16,0,0,0,0
Chordata,16,0,0,0,0,0
Metazoa,16,0,0,0,0,0
Chlorophyceae,0,16,0,0,0,0
Chlorophyta,0,16,0,0,0,0
Podocopida,0,0,0,16,0,0
Oomycota,0,16,0,0,0,0
Proteobacteria,16,0,0,0,0,0
root,0,0,0,16,0,0
root,0,16,0,0,0,0
root,12,0,0,0,0,5
Cryptomonas,0,0,0,0,17,0
root,0,6,0,6,5,0
Bdelloidea,12,0,0,0,0,5
Viridiplantae,0,12,5,0,0,0
Tetmemena,0,0,0,0,17,0
root,0,0,0,0,17,0
root,8,0,5,4,0,0
root,0,0,0,18,0,0
root,18,0,0,0,0,0
Metazoa,18,0,0,0,0,0
root,0,0,18,0,0,0
root,0,10,0,8,0,0
Firmicutes,0,0,0,0,18,0
root,0,0,0,18,0,0
root,8,6,0,0,4,0
root,0,18,0,0,0,0
Chordata,0,18,0,0,0,0
root,0,0,0,18,0,0
root,0,0,0,8,0,10
Phacaceae,0,0,0,14,4,0
Cryptomonadaceae,0,18,0,0,0,0
Chordata,18,0,0,0,0,0
Sus_scrofa,0,18,0,0,0,0
Fusobacterium,6,12,0,0,0,0
Chaetonotus,18,0,0,0,0,0
Vorticellidae,18,0,0,0,0,0
Pirellulaceae,18,0,0,0,0,0
root,0,0,6,8,4,0
Cryptomonadales,0,0,0,18,0,0
Metazoa,0,0,0,0,0,18
Chordata,18,0,0,0,0,0
Metazoa,0,18,0,0,0,0
root,0,18,0,0,0,0
root,14,0,4,0,0,0
root,18,0,0,0,0,0
root,0,8,5,0,5,0
Chordata,0,18,0,0,0,0
root,18,0,0,0,0,0
root,0,18,0,0,0,0
unclassified_Saprolegnia,0,18,0,0,0,0
root,18,0,0,0,0,0
Chlorophyceae,0,0,0,0,0,19
Cryptomonas,0,0,19,0,0,0
Eukaryota,0,0,0,10,9,0
Gammaproteobacteria,0,0,9,0,0,10
Gomphonema,0,0,9,0,0,10
Roseococcus,0,0,19,0,0,0
Cytophagaceae,8,0,0,0,4,7
Bacteroidaceae,0,0,7,0,12,0
root,0,0,19,0,0,0
root,0,0,19,0,0,0
root,0,0,0,0,19,0
Metazoa,0,4,0,0,12,4
Lemna_minor,0,20,0,0,0,0
Viridiplantae,0,0,0,20,0,0
root,14,0,6,0,0,0
Juncus,0,0,20,0,0,0
root,16,4,0,0,0,0
Bacillariophyceae,14,0,0,0,0,6
Metazoa,0,14,0,6,0,0
Candidatus_Solibacter,0,0,7,0,7,6
root,0,8,0,12,0,0
Clostridium,20,0,0,0,0,0
Metazoa,20,0,0,0,0,0
Physella_acuta,4,6,0,6,4,0
Sus_scrofa,14,0,0,6,0,0
Euglenaceae,10,0,0,10,0,0
Sterolibacteriaceae,0,0,0,20,0,0
Planctomycetaceae,0,0,0,12,0,8
Stylococcaceae,0,20,0,0,0,0
root,0,16,0,4,0,0
Bacteroidetes,0,20,0,0,0,0
Metazoa,0,0,0,0,20,0
Betaproteobacteria,20,0,0,0,0,0
Ciliophora,0,0,20,0,0,0
Chordata,0,0,0,0,0,20
root,20,0,0,0,0,0
Chordata,20,0,0,0,0,0
Chordata,0,0,0,0,6,15
Phasianus_colchicus,0,0,21,0,0,0
root,12,0,4,0,5,0
root,0,0,0,6,6,9
Pinnularia,10,0,7,4,0,0
root,0,0,0,0,21,0
Micrococcales,0,22,0,0,0,0
Moraxellaceae,0,8,6,8,0,0
Acidobacteriaceae,0,22,0,0,0,0
Sturnus_vulgaris,0,0,0,22,0,0
root,22,0,0,0,0,0
Desulfosporosinus,0,22,0,0,0,0
Chlorophyta,0,22,0,0,0,0
Philodinida,16,0,0,0,0,6
root,14,8,0,0,0,0
Oscillochloris,16,6,0,0,0,0
root,4,12,0,0,0,6
Microglena,0,22,0,0,0,0
Arcella,0,6,0,16,0,0
Cyatheaceae,0,22,0,0,0,0
Chordata,0,0,0,0,22,0
root,4,6,0,8,0,4
Metazoa,0,22,0,0,0,0
root,0,0,0,22,0,0
Chordata,0,0,22,0,0,0
Bacteroidetes,0,0,0,10,7,5
root,0,0,0,0,0,22
root,0,22,0,0,0,0
root,0,22,0,0,0,0
Hyphomicrobiales,22,0,0,0,0,0
Spirotrichea,0,22,0,0,0,0
Metazoa,0,18,0,0,0,5
Chlorophyta,0,0,0,0,23,0
root,10,0,0,8,0,5
Anaeromyxobacteraceae,0,0,0,0,24,0
Metazoa,0,24,0,0,0,0
Chordata,24,0,0,0,0,0
Chordata,0,0,24,0,0,0
Firmicutes,0,18,0,0,0,6
Prumnopitys_ferruginea,0,0,0,0,0,24
Physella_acuta,0,6,0,10,8,0
Cellulomonas,24,0,0,0,0,0
Chaetonotus,24,0,0,0,0,0
Pirellulaceae,0,24,0,0,0,0
Bacillariophyceae,24,0,0,0,0,0
Bdelloidea,14,10,0,0,0,0
Chlorophyta,24,0,0,0,0,0
root,0,0,0,24,0,0
root,24,0,0,0,0,0
Bacteroidetes,0,0,0,0,24,0
Ciliophora,12,12,0,0,0,0
Metazoa,0,0,0,24,0,0
root,24,0,0,0,0,0
Gammaproteobacteria,0,0,13,0,12,0
root,16,0,9,0,0,0
Sessilida,16,0,5,4,0,0
Metazoa,0,8,9,0,8,0
root,0,18,7,0,0,0
root,4,14,7,0,0,0
Betaproteobacteria,16,0,9,0,0,0
Metazoa,0,0,0,0,26,0
Proteobacteria,0,8,0,18,0,0
root,0,26,0,0,0,0
root,0,0,0,26,0,0
Trachelomonas,26,0,0,0,0,0
Proteobacteria,26,0,0,0,0,0
root,18,8,0,0,0,0
Chordata,0,0,0,26,0,0
Ploima,0,26,0,0,0,0
Eurotatoria,10,16,0,0,0,0
Cenchrinae,26,0,0,0,0,0
root,0,0,7,0,19,0
Chordata,0,0,0,26,0,0
root,10,8,0,0,8,0
root,0,0,0,26,0,0
root,26,0,0,0,0,0
Eurotatoria,0,0,0,26,0,0
Bacteroidetes,0,0,27,0,0,0
Gonium,0,0,27,0,0,0
Chordata,14,8,5,0,0,0
Verrucomicrobia,0,0,14,0,0,13
Euglenaceae,18,0,0,0,9,0
root,0,0,0,0,0,27
root,0,14,0,4,0,10
Isolepis_prolifera,0,28,0,0,0,0
Paralcaligenes,0,0,0,28,0,0
root,10,10,8,0,0,0
Gonium,0,0,0,28,0,0
Lepocinclis,0,18,0,0,0,10
Scotinosphaeraceae,0,0,0,0,28,0
Chrysophyceae,12,0,0,16,0,0
root,0,0,28,0,0,0
Acetobacteraceae,28,0,0,0,0,0
Pinus_subgen_Pinus,0,28,0,0,0,0
Chitinophagaceae,0,0,28,0,0,0
Acetobacteraceae,0,0,0,0,28,0
Metazoa,28,0,0,0,0,0
root,14,0,6,0,8,0
Euglenales,0,0,0,18,10,0
root,0,0,0,28,0,0
Chordata,28,0,0,0,0,0
root,28,0,0,0,0,0
root,0,0,0,28,0,0
root,18,0,0,10,0,0
root,28,0,0,0,0,0
root,4,0,7,18,0,0
root,0,0,0,30,0,0
root,0,30,0,0,0,0
root,12,12,0,6,0,0
root,0,22,0,0,8,0
Persicaria,0,0,0,30,0,0
Euglenales,14,0,9,0,0,7
Chordata,22,0,8,0,0,0
root,26,0,0,0,4,0
Spirochaetaceae,0,30,0,0,0,0
root,8,18,0,0,4,0
Metazoa,0,12,8,10,0,0
Anguilla_australis,16,0,0,0,14,0
Ranunculus,0,0,0,30,0,0
Stylonychia,0,30,0,0,0,0
Isosphaeraceae,0,14,5,0,0,11
Oscillospiraceae,12,0,0,0,4,14
Poaceae,30,0,0,0,0,0
root,12,12,0,0,6,0
Metazoa,0,0,30,0,0,0
root,0,0,0,0,0,30
Metazoa,0,0,0,30,0,0
root,16,0,0,14,0,0
Ploima,0,0,0,30,0,0
Planctomycetia,0,0,0,30,0,0
Eukaryota,0,0,0,0,17,14
Treponemataceae,14,6,0,0,11,0
Chlorophyta,0,24,7,0,0,0
root,0,0,31,0,0,0
root,16,0,4,4,8,0
root,0,28,0,0,4,0
Prevotella,0,16,0,16,0,0
Rubiaceae,0,32,0,0,0,0
Chordata,0,0,0,32,0,0
root,6,18,0,4,0,4
Insecta,6,0,0,0,26,0
Chrysophyceae,22,10,0,0,0,0
Stellaria_media,32,0,0,0,0,0
Euglenales,0,0,0,26,0,6
Metazoa,0,0,0,0,0,32
Metazoa,22,10,0,0,0,0
Chlamydomonadales,0,0,32,0,0,0
Metazoa,32,0,0,0,0,0
Chrysophyceae,20,12,0,0,0,0
root,0,0,0,32,0,0
root,0,16,0,16,0,0
root,8,12,0,12,0,0
Acetobacteraceae,24,0,0,0,9,0
Pinnularia,10,10,13,0,0,0
Fuscospora,0,0,33,0,0,0
root,0,0,33,0,0,0
root,6,14,6,8,0,0
Chlamydiae,10,8,4,12,0,0
root,16,10,0,0,0,8
Gammaproteobacteria,0,34,0,0,0,0
root,18,0,0,16,0,0
Desulfovibrio,0,14,0,14,6,0
root,0,0,0,34,0,0
root,18,8,0,4,4,0
root,10,8,4,6,6,0
Vicia_faba,34,0,0,0,0,0
Sandaracinaceae,12,0,10,12,0,0
Chlorophyceae,0,34,0,0,0,0
Chlorophyceae,0,34,0,0,0,0
root,0,28,0,6,0,0
root,0,22,0,6,0,6
root,0,16,8,0,10,0
Metazoa,0,0,34,0,0,0
Thiodictyon,0,14,9,12,0,0
Chrysophyceae,10,18,0,0,7,0
Chlorophyceae,0,12,0,0,7,16
Hymenostomatida,0,10,0,8,9,8
Alteromonadales,10,16,5,4,0,0
Gomphonema,16,10,0,10,0,0
Chlorophyceae,0,36,0,0,0,0
root,0,12,0,24,0,0
root,0,20,0,16,0,0
Roseomonas,0,0,0,36,0,0
Chaetonotus,24,12,0,0,0,0
Isosphaeraceae,0,0,0,36,0,0
Magnoliopsida,0,36,0,0,0,0
root,0,0,36,0,0,0
root,10,10,10,0,0,6
Metazoa,0,36,0,0,0,0
root,0,8,7,10,5,6
Metazoa,8,14,0,14,0,0
root,0,36,0,0,0,0
Euglenales,30,0,0,0,7,0
Chordata,0,0,0,0,0,37
root,22,0,0,0,15,0
Magnoliopsida,0,0,0,38,0,0
Eukaryota,0,0,0,0,38,0
Metopus,0,0,0,0,29,9
root,20,18,0,0,0,0
Pooideae,0,0,38,0,0,0
Chitinophagaceae,38,0,0,0,0,0
root,0,0,0,38,0,0
Metazoa,38,0,0,0,0,0
Metazoa,38,0,0,0,0,0
Chordata,38,0,0,0,0,0
CS_clade,0,38,0,0,0,0
Eurotatoria,0,0,10,0,0,29
root,0,0,0,0,0,39
Microbacteriaceae,16,0,7,0,8,8
root,0,0,0,0,39,0
Cypriniformes,0,0,0,0,0,39
root,14,12,5,8,0,0
root,22,0,0,10,7,0
Metazoa,40,0,0,0,0,0
Chlorophyta,40,0,0,0,0,0
Danthonieae,0,40,0,0,0,0
Ludwigia,0,0,41,0,0,0
root,10,18,0,0,8,5
root,0,0,0,0,0,41
root,0,0,0,26,0,15
Cypriniformes,0,0,0,0,0,41
Chordata,0,0,41,0,0,0
root,0,0,0,0,0,41
Betaproteobacteria,0,22,0,20,0,0
root,24,6,8,4,0,0
Deltaproteobacteria,18,16,0,0,8,0
root,26,16,0,0,0,0
Chlorococcaceae,0,26,0,0,10,6
Chilodonella,0,0,22,0,20,0
Euglenaceae,0,18,4,8,12,0
Metazoa,0,0,0,42,0,0
root,0,42,0,0,0,0
Eubacteriales,42,0,0,0,0,0
root,0,0,0,42,0,0
root,12,14,5,12,0,0
Poeae,0,0,0,28,15,0
Gammaproteobacteria,0,0,0,14,13,16
root,10,8,6,14,5,0
Trachelomonas,0,18,0,18,7,0
Eurotatoria,0,0,0,14,0,29
Metazoa,38,6,0,0,0,0
Scotinosphaeraceae,0,0,0,44,0,0
Thiotrichaceae,8,18,0,14,0,4
root,20,0,4,20,0,0
Reyranella,24,0,0,20,0,0
root,20,24,0,0,0,0
Gammaproteobacteria,14,0,9,22,0,0
Viridiplantae,40,0,5,0,0,0
Aeromonas,14,14,6,0,11,0
root,0,38,0,0,7,0
root,0,34,0,0,0,12
Spumella_like_flagellate_JB,14,10,0,22,0,0
root,20,0,0,18,8,0
root,20,20,0,8,0,0
root,32,16,0,0,0,0
Gonium,0,0,0,48,0,0
root,0,10,8,8,12,10
root,0,48,0,0,0,0
Viridiplantae,0,48,0,0,0,0
Chordata,30,0,0,0,18,0
root,20,28,0,0,0,0
Chordata,8,36,0,0,0,4
Spirotrichea,24,0,0,24,0,0
Spirotrichea,26,22,0,0,0,0
Metazoa,48,0,0,0,0,0
Proteobacteria,16,8,0,24,0,0
Vorticella,0,0,0,0,49,0
Euglenaceae,10,34,0,0,5,0
root,22,14,0,14,0,0
Chlamydomonadales,50,0,0,0,0,0
root,0,32,8,0,0,10
Euglenales,18,14,0,14,4,0
root,26,12,0,8,0,4
root,0,32,18,0,0,0
Eubacteriales,0,50,0,0,0,0
root,18,0,8,0,4,21
root,0,18,0,26,7,0
root,14,18,8,0,0,11
Pooideae,0,0,38,0,13,0
root,0,0,0,0,0,51
Asteraceae,52,0,0,0,0,0
root,0,18,0,24,4,6
Bos_taurus,0,36,16,0,0,0
Chordata,0,0,0,52,0,0
root,0,0,0,52,0,0
Arthropoda,38,0,0,0,0,14
Stylonychia,0,20,0,32,0,0
root,0,24,0,28,0,0
root,0,52,0,0,0,0
Persicaria_thunbergii,30,0,0,0,23,0
root,0,18,6,12,10,7
root,0,0,7,0,47,0
Ferruginibacter,0,34,0,0,20,0
Bacillariophyceae,0,44,0,0,10,0
root,26,28,0,0,0,0
root,20,16,4,10,0,5
Cryptomonadaceae,0,26,0,24,5,0
Metazoa,22,28,5,0,0,0
Chordata,50,0,0,0,6,0
Metazoa,4,20,0,26,0,6
Ciliophora,0,46,0,10,0,0
Metazoa,0,0,0,56,0,0
root,14,0,21,14,0,8
Ciliophora,20,0,0,16,21,0
root,0,0,18,24,15,0
Lobomonas,0,0,0,36,22,0
Hymenostomatida,0,22,0,16,10,10
Zavarzinella,26,16,0,10,6,0
Rubiaceae,0,0,14,0,45,0
Gambusia_affinis,0,0,0,0,59,0
Luna_1_subcluster,6,26,0,14,9,5
Metazoa,4,8,16,6,14,12
root,16,18,0,18,0,8
root,14,34,0,8,4,0
Coleps,28,32,0,0,0,0
Bacteroidetes,10,24,9,18,0,0
Metopus,62,0,0,0,0,0
Gomphonema,0,34,0,28,0,0
Metazoa,62,0,0,0,0,0
Chordata,0,0,0,62,0,0
root,0,62,0,0,0,0
root,12,18,24,0,0,9
root,0,8,0,26,10,19
Spirotrichea,0,0,0,64,0,0
root,0,10,5,40,9,0
root,22,0,5,18,10,9
Poeae_Chloroplast_Group_2_(Poeae_type),0,0,0,64,0,0
Bacteroidetes,28,0,10,26,0,0
Spathidiidae,40,0,0,0,25,0
Chlorophyta,6,32,17,0,0,11
Flavobacterium,0,38,0,28,0,0
root,0,46,0,14,6,0
Chaetonotidae,66,0,0,0,0,0
root,66,0,0,0,0,0
Ciliophora,0,22,0,38,0,6
Ciliophora,30,36,0,0,0,0
root,24,20,11,12,0,0
Anguilla,0,0,67,0,0,0
Metazoa,0,0,13,40,0,14
Acetobacteraceae,0,0,0,68,0,0
root,0,68,0,0,0,0
Synurophyceae,30,26,4,8,0,0
root,0,0,0,0,0,68
Telmatobacter,16,0,0,34,20,0
root,0,70,0,0,0,0
Chordata,6,0,0,64,0,0
root,12,32,11,10,0,5
Actinomycetia,18,0,0,0,23,30
Proteobacteria,18,6,0,22,8,18
root,30,32,10,0,0,0
Gastrotricha,36,18,0,18,0,0
Chitinophagaceae,14,26,0,16,16,0
root,72,0,0,0,0,0
Eurotatoria,42,0,14,16,0,0
Metazoa,0,0,0,10,25,37
Chordata,72,0,0,0,0,0
Cryptomonadaceae,10,24,0,28,11,0
Solibacteraceae,20,32,0,22,0,0
Chlorophyceae,0,48,0,26,0,0
Carchesium,0,0,0,0,64,10
Asteraceae,0,56,0,0,18,0
root,48,0,14,0,0,12
Viridiplantae,0,66,8,0,0,0
Chlamydomonadales,40,26,9,0,0,0
Firmicutes,28,22,8,0,17,0
root,6,0,13,20,17,20
Chordata,0,0,0,76,0,0
Metazoa,20,0,8,36,0,13
unclassified_Cyclops,78,0,0,0,0,0
root,26,26,11,0,8,7
root,32,30,11,0,0,5
root,0,78,0,0,0,0
Gammaproteobacteria,26,40,0,0,13,0
Chaetonotus,42,16,0,0,14,7
root,44,0,0,20,15,0
Pristina,8,12,20,12,10,17
Euglenaceae,6,36,0,24,6,7
Cryptomonadaceae,20,0,0,48,12,0
root,36,44,0,0,0,0
root,0,80,0,0,0,0
Chordata,80,0,0,0,0,0
root,20,28,19,14,0,0
root,18,0,8,36,10,9
root,36,18,6,6,5,12
Galium,54,0,0,0,29,0
root,54,6,0,18,0,5
root,44,20,12,0,0,7
Bacteroidetes,12,26,10,18,9,8
Bicosoeca,48,22,0,0,14,0
Chlamydomonadales,0,54,0,30,0,0
Firmicutes,28,18,4,26,4,5
Spirochaetales,12,24,5,20,10,14
unclassified_Chrysophyceae,20,30,8,18,10,0
Chlorophyta,12,48,0,20,6,0
Ludwigia,26,50,0,0,0,11
root,0,0,87,0,0,0
Porphyrio_melanotus,0,66,16,0,6,0
Chlorophyceae,0,40,10,32,6,0
Betaproteobacteria,0,38,0,32,18,0
Spirotrichea,0,88,0,0,0,0
Hyphomicrobiales,0,54,0,34,0,0
root,34,14,9,10,11,11
Hyphomicrobiales,28,40,8,10,4,0
root,10,14,11,30,4,23
Novosphingobium,28,34,8,22,0,0
Bacteroidetes,0,42,8,14,22,6
Rhodobacterales,42,0,14,12,6,18
Coleochaete,0,26,0,46,21,0
Bicosoeca,22,10,9,36,17,0
Caulobacteraceae,28,22,18,26,0,0
Planctomycetes,22,8,0,54,10,0
Myriophyllum,0,0,0,70,0,25
Metazoa,76,0,4,0,0,16
Arcella,42,18,0,36,0,0
root,48,32,0,0,0,17
Oxytricha,30,68,0,0,0,0
root,24,0,8,42,14,10
root,40,32,10,0,8,9
Gammaproteobacteria,28,22,0,26,14,10
Coprosma,72,0,0,0,0,29
Holophrya,36,44,0,0,21,0
Chaetonotus,102,0,0,0,0,0
Chordata,0,102,0,0,0,0
Chlamydomonadales,0,0,0,102,0,0
Polygonoideae,96,0,0,0,0,8
root,56,20,13,8,7,0
Chlorophyceae,24,16,47,0,19,0
Rhodospirillales,0,34,0,38,10,24
Ciliophora,64,0,0,20,22,0
Chordata,0,0,0,106,0,0
Metazoa,106,0,0,0,0,0
root,64,0,0,0,18,25
root,26,22,12,16,10,21
Monosiga,28,44,0,18,17,0
root,0,0,0,0,0,107
root,22,16,5,42,16,6
root,24,12,0,54,10,8
unclassified_Chrysophyceae,52,16,0,32,10,0
Nitzschia,18,42,17,10,19,5
Chlorophyta,0,82,0,30,0,0
root,18,44,24,14,5,8
Carassius_auratus,36,0,66,0,0,11
root,26,22,6,30,19,10
root,36,12,19,0,24,23
Poeae,0,116,0,0,0,0
root,0,54,56,0,7,0
Monosiga,6,52,12,34,13,0
root,26,58,34,0,0,0
Myriophyllum,0,76,0,12,0,31
Metazoa,18,0,12,46,24,19
root,28,10,5,50,8,21
Cygnus_atratus,64,32,6,22,0,0
root,34,44,17,16,6,7
Spirochaetaceae,0,24,26,74,0,0
Gammaproteobacteria,0,54,17,30,13,11
Holophagaceae,44,34,0,30,18,0
root,0,0,0,0,0,127
Cyprinus_rubrofuscus,22,80,4,16,6,0
Chaetonotidae,0,0,7,96,25,0
root,128,0,0,0,0,0
root,50,26,7,14,23,9
Chydorus_brevilabris,0,0,5,0,124,0
Ciliophora,24,46,21,30,0,9
root,0,46,0,40,24,21
Acetobacteraceae,46,64,21,0,0,0
Spathidiidae,86,0,0,46,0,0
Poa,0,86,0,46,0,0
Arthropoda,0,0,0,122,11,0
Prolixibacteraceae,24,42,0,42,26,0
Cucurbitaceae,0,0,0,0,0,134
Coleps,32,92,13,0,0,0
Paludibacter,34,28,8,42,13,13
root,32,50,19,16,14,7
Spirotrichea,104,0,0,0,22,12
root,46,26,9,22,19,16
Rhodocyclales,58,36,11,24,10,0
Methylophilaceae,0,24,30,46,15,25
root,0,72,58,0,10,0
Pandorina,0,96,0,44,0,0
Chlorophyceae,0,38,0,76,18,9
Proteobacteria,20,42,23,28,28,0
root,32,50,16,20,14,9
Lacrymariidae,16,42,19,58,7,0
Ciliophora,40,66,10,0,26,0
root,40,38,17,22,14,11
Ploima,0,80,0,42,20,0
Loteae,108,24,0,12,0,0
Ciliophora,30,78,0,30,6,0
Chaetonotidae,146,0,0,0,0,0
root,40,18,12,54,23,0
Actinobacteria,42,40,10,36,10,9
Scotinosphaera,58,66,0,0,23,0
Bacteroidetes,38,18,19,40,7,26
Chordata,0,148,0,0,0,0
Chlorophyta,24,18,23,70,14,0
root,54,26,14,28,15,12
root,38,48,19,18,18,9
Bacteroidetes,28,48,10,52,12,0
Coprosma,0,150,0,0,0,0
root,0,0,0,150,0,0
Thiothrix,36,48,16,30,15,6
root,76,0,0,0,62,13
Oxytricha,44,28,28,44,0,7
root,16,30,4,44,8,50
Cyclopoida,0,82,0,42,22,8
Vannella,0,92,0,62,0,0
root,0,0,0,154,0,0
root,0,154,0,0,0,0
Anguilla_australis,14,54,0,44,9,34
Betaproteobacteria,18,66,0,64,0,7
Cytophagaceae,40,40,9,56,11,0
Macromonas,0,40,0,50,44,23
root,30,58,8,34,18,11
Dechloromonas,0,58,10,62,17,14
root,0,42,0,64,14,43
Alphaproteobacteria,0,36,16,56,39,17
root,0,0,0,164,0,0
root,38,58,23,20,13,14
Anas_chlorotis_or_gracilis,0,168,0,0,0,0
Metazoa,12,0,0,128,22,7
Spirochaetaceae,88,0,0,50,31,0
root,54,26,38,22,7,23
Nitzschia,40,38,11,40,23,20
Acetobacteraceae,0,46,0,54,21,52
root,8,46,21,42,12,44
root,52,66,20,20,12,6
Vorticella,8,0,0,72,92,5
root,0,76,0,36,0,65
Arthropoda,20,20,73,44,9,11
root,50,54,16,40,10,10
Gambusia_affinis,0,180,0,0,0,0
Chilodonella,0,88,0,74,0,21
Chaetonotidae,68,62,30,16,0,8
Roseomonas,66,66,9,24,6,16
Metazoa,0,50,41,68,28,0
Metazoa,18,22,0,8,54,87
Litostomatea,22,70,0,72,26,0
root,38,62,10,44,26,11
Burkholderiales,56,68,0,40,16,12
Chlorophyceae,46,106,8,32,0,0
Bacteroidetes,50,56,9,66,13,0
Ulvophyceae,56,62,0,36,33,8
root,36,14,29,30,31,56
Rhodospirillales,48,52,0,48,23,26
root,0,0,0,0,0,197
root,42,46,38,30,12,30
Colepidae,104,0,0,64,30,0
Bidens_pilosa,0,22,87,0,47,45
Spirotrichea,50,0,16,38,57,41
root,32,46,21,52,29,22
Ciliophora,36,86,0,44,20,16
Carchesium,32,34,24,56,58,0
root,48,74,27,18,22,15
Phaseolus_vulgaris,0,204,0,0,0,0
Metazoa,54,44,43,24,27,13
Rhodobacterales,66,42,17,68,13,0
Chlorophyceae,66,52,32,18,17,22
Chordata,0,0,0,162,16,29
Chitinophagaceae,24,54,18,50,14,48
Musaceae,208,0,0,0,0,0
Simocephalus,4,0,59,78,4,68
root,184,0,15,14,0,0
Chitinophagaceae,50,36,34,62,18,14
Eurotatoria,42,28,37,46,21,40
Nitzschia_acidoclinata,62,60,19,22,19,33
root,0,42,0,120,0,53
Oxytrichidae,0,56,16,84,33,26
Spirochaetaceae,58,66,0,0,28,64
Chordata,52,36,0,82,42,5
root,68,46,17,20,18,49
root,78,28,26,46,16,24
Actinomycetia,40,60,0,58,36,26
Flavobacterium,26,60,30,46,38,21
Bacteroidetes,118,0,0,80,24,0
Pyrenomonadaceae,0,0,0,102,62,59
Metazoa,76,14,23,58,20,34
Arthropoda,0,0,0,0,227,0
Chaetonotidae,134,0,0,56,11,26
root,60,66,38,38,8,20
Metazoa,98,60,0,72,0,0
Pooideae,84,0,0,146,0,0
unclassified_Chlamydomonas,58,88,39,34,12,0
Holophrya,24,46,13,74,39,35
root,76,128,13,0,16,0
Iris,0,78,10,102,0,44
Chlamydomonadales,44,86,0,56,21,27
Metazoa,50,18,34,62,29,42
Gammaproteobacteria,20,48,46,76,34,12
Rhodobacter,52,58,13,68,22,23
Proteobacteria,42,46,22,38,64,25
Chordata,174,50,4,0,10,0
root,34,16,14,86,27,66
root,94,20,42,28,24,36
root,54,80,54,18,27,12
root,76,82,30,26,17,14
Metazoa,0,50,156,18,0,22
Betaproteobacteria,46,72,11,64,26,29
root,58,26,28,82,25,31
Bradyrhizobiaceae,86,42,24,48,36,15
Oxytrichidae,0,28,22,156,32,14
Metazoa,0,0,0,250,0,4
Planctomycetia,32,20,30,86,45,44
Metazoa,34,102,33,48,29,12
Reichenbachiellaceae,12,72,29,74,30,42
Rhizorhabdus,120,48,27,42,0,23
Cytophagaceae,52,50,30,84,26,18
root,102,50,16,46,31,17
root,242,0,0,0,0,21
Pinnularia,84,68,42,38,21,14
Ruminiclostridium,54,70,0,88,56,0
Chlamydomonadales,0,114,0,96,37,22
Synura,0,42,41,126,43,24
Proteobacteria,76,58,30,86,0,27
Daphnia_pulex,0,0,0,282,0,0
root,100,58,32,64,9,19
root,46,114,31,54,28,10
Actinomycetia,76,54,55,72,26,0
Chlamydomonadales,28,236,0,22,0,0
root,138,0,46,58,13,37
Metazoa,48,30,34,92,54,37
root,296,0,0,0,0,0
Magnoliopsida,296,0,0,0,0,0
Chaetonotidae,56,152,8,62,26,0
root,88,104,41,32,23,20
Chaetonotidae,166,0,7,62,62,11
Chilodonella,0,182,0,128,0,0
Ludwigia,0,140,0,118,0,55
Tribonematales,48,102,16,94,28,26
Lamiaceae,44,38,98,74,55,6
Metazoa,62,60,50,108,13,22
root,98,94,32,48,18,28
Coleps,104,148,0,48,20,0
Viridiplantae,0,84,22,172,0,45
Coleps,0,42,0,138,91,59
Eukaryota,60,116,29,40,43,43
Ciliophora,96,80,12,126,20,0
Pinus,0,0,0,334,0,0
Chlorophyceae,62,88,29,110,23,24
Culex,40,0,0,282,17,0
root,46,0,0,186,104,6
Chlamydomonadales,0,206,88,48,0,0
Chlamydomonadales,106,150,10,72,10,0
Bacteroidetes,78,106,21,84,31,28
Polynucleobacter,86,82,18,94,55,17
root,90,120,32,62,21,31
Rubioideae,38,42,60,110,91,16
Xanthophyceae,84,120,8,104,40,7
Scotinosphaera,74,118,42,110,0,20
root,112,74,42,76,41,20
Trachelomonas,122,62,12,114,38,20
root,18,86,6,158,18,89
Insecta,78,42,32,98,25,104
Eukaryota,110,122,17,82,28,23
Metazoa,100,142,50,42,41,8
Metazoa,152,62,28,32,43,72
Metazoa,202,10,67,56,5,50
Synura,78,96,23,158,38,0
root,136,116,65,44,9,27
Culex,86,0,0,306,7,0
Desulfuromonadales,116,162,20,82,23,0
Geothrix,108,88,52,84,35,44
Gambusia_affinis,116,60,0,0,236,0
Physella_acuta,42,70,41,144,49,68
Metazoa,8,40,32,20,64,256
Dero_digitata,46,20,61,114,77,109
root,130,112,57,54,32,42
root,186,0,89,0,158,0
root,128,88,30,92,53,54
root,442,0,0,0,7,0
root,144,118,55,68,41,27
Cryptomonas,38,148,49,130,51,42
root,110,142,61,60,37,48
Cyprinus_rubrofuscus,0,146,122,176,0,15
Coleps,0,112,15,186,89,58
Ciliophora,60,152,43,148,35,23
Chaetonotidae,176,22,15,62,142,50
Carassius_auratus,224,0,33,0,0,211
Hexanauplia,80,116,62,152,48,14
Hexanauplia,86,148,9,174,50,5
Chaetonotidae,38,260,31,98,35,14
Chaetonotus,72,146,77,98,16,71
Vorticella,78,148,50,124,58,25
Trachelomonas,70,90,52,168,54,51
Solanaceae,0,0,0,492,0,0
Burkholderiales,132,166,0,166,0,29
Coleps,38,186,55,156,44,15
root,60,134,44,154,77,27
Viridiplantae,284,96,0,0,116,0
Paramecium,92,118,28,192,51,20
Cryptomonas,130,158,34,128,29,24
root,136,144,69,98,27,31
root,134,146,64,62,42,58
Physella_acuta,130,82,35,134,50,79
Naidinae,96,64,6,212,116,20
Paramecium,30,132,52,208,56,39
Prostomatea,32,66,83,176,95,70
root,222,14,164,0,136,0
root,156,168,62,60,55,44
Viridiplantae,134,134,32,162,46,39
root,100,158,75,104,63,62
Burkholderiales_genera_incertae_sedis,168,118,46,148,38,46
Rotaria_rotatoria,68,104,40,164,73,120
root,164,160,47,114,42,45
Pooideae,108,204,10,150,36,74
root,128,94,40,124,96,100
root,0,372,0,0,0,250
Malpighiales,106,214,89,204,16,0
root,100,146,76,170,75,66
Octolasion_lacteum,164,252,90,60,24,46
root,190,190,89,78,43,54
root,220,186,63,78,43,67
Metazoa,168,204,51,116,96,26
Persicaria,0,318,0,290,0,67
Gammaproteobacteria,120,158,102,162,87,69
root,112,116,121,156,52,147
Gambusia_affinis,172,90,71,172,93,110
Fungi,222,162,23,198,82,24
Anguilla_australis,0,292,0,216,114,89
Mesocyclops_leuckarti,88,296,18,184,48,95
root,0,0,33,716,0,0
Alphaproteobacteria,240,146,43,198,67,55
root,202,188,117,100,63,82
Chromatiaceae,196,152,77,194,79,58
root,0,756,0,0,0,0
Chaetonotus,340,132,26,158,72,32
root,70,70,106,264,130,134
root,228,214,92,116,56,74
Chordata,278,182,101,74,71,79
root,246,190,92,134,60,64
Euplotes,66,244,87,198,112,85
Euplotes,212,188,39,212,94,48
Nitzschia,258,226,60,122,61,73
Chaetonotidae,264,198,18,186,110,42
Rotaria_rotatoria,248,180,108,150,65,74
root,206,200,114,156,64,87
Ideonella,242,90,82,260,103,78
Comamonadaceae,244,192,72,164,93,97
Betaproteobacteria,212,176,91,186,120,97
Naididae,52,128,70,328,191,114
root,256,272,49,198,57,57
root,188,412,73,92,67,68
Chlorobiaceae,172,246,97,244,81,61
root,196,332,73,234,48,29
root,130,330,106,192,94,64
root,238,286,126,84,99,87
Flavobacterium,230,166,80,206,112,129
Vorticella,150,294,81,254,95,63
Gammaproteobacteria,214,228,110,188,130,82
Chaetonotus,264,208,40,194,168,79
Asparagaceae,54,282,122,356,15,132
root,294,264,145,122,93,92
Vannella,320,228,153,112,78,119
Chaetonotidae,232,230,85,230,150,99
Panicoideae,186,336,36,294,98,100
Rotaria_rotatoria,228,216,173,182,88,171
root,308,268,98,206,80,116
root,218,374,54,302,123,37
Cygnus_atratus,912,50,0,104,21,26
Poeae,484,78,277,94,188,20
root,308,298,133,232,61,112
Cyperoideae,388,366,40,206,110,47
root,258,318,169,230,113,101
Betaproteobacteria,340,314,71,262,118,90
Chlamydomonadales,334,554,163,110,0,95
root,540,222,119,178,95,102
root,1286,0,0,0,0,0
Polygoneae,364,218,184,200,321,0
Viridiplantae,504,180,49,260,174,162
Roseiarcus,380,286,121,316,127,102
Persicaria,464,272,64,210,234,119
Podocarpus,16,482,602,288,0,0
Rhodoblastus,384,266,120,332,172,168
Lumbriculus_variegatus,246,198,211,322,229,245
Chaetonotidae,464,376,35,438,98,42
Proteobacteria,372,262,108,462,134,129
Comamonadaceae,356,330,122,428,137,99
Arthropoda,258,184,103,536,270,123
Anguilla_australis,124,350,42,440,265,286
Burkholderiales,364,378,110,424,154,93
root,434,482,201,246,117,105
Gambusia_affinis,8,106,81,576,232,611
Anas_platyrhynchos,766,156,42,330,128,209
Anserinae,434,590,234,246,165,32
root,4,438,25,566,242,458
Asparagales,372,442,127,500,148,173
Metazoa,0,970,345,284,214,0
Anas_platyrhynchos,726,568,112,308,140,148
Chlorophyceae,402,398,85,706,280,142
Cochliopodium,418,540,348,350,214,273
Chlorophyceae,698,554,117,370,304,195
Chaetonotidae,746,564,222,360,126,223
Cyclopidae,1034,0,0,382,869,0
Chaetonotidae,376,758,155,746,218,127
Araceae,88,22,1081,424,625,169
Dero,232,380,548,444,257,702
Poaceae,204,1088,218,704,40,309
root,602,366,508,514,310,301
Nais,394,388,414,700,353,394
Saliceae,568,630,518,202,427,333
Cyprinus_rubrofuscus,0,442,332,1132,215,621
Paspalum,72,1496,190,924,55,239
Vitreochlamys_aulata,326,1418,365,630,85,177
Colepidae,428,332,173,1348,726,381
Thiodictyon,934,906,348,1014,409,287
Polygonoideae,1112,1328,146,786,470,292
Viridiplantae,1052,912,300,1160,530,495
Metazoa,32,178,1902,888,39,1614
Colepidae,232,382,415,1618,1071,938
Metazoa,428,762,599,1166,1244,523
Metazoa,1770,1574,333,430,228,398
Chaetonotus,1310,1696,182,1210,345,98
root,1552,802,533,674,555,799
Cyclopidae,1122,2588,680,586,0,561
Paratanytarsus_grimmii,914,1686,737,992,698,658
Culex,478,24,16,4226,358,593
Geobacter,1272,1680,540,1420,532,465
Araceae,310,116,435,0,138,5479
Arthropoda,2662,634,654,1982,784,628
Chaetonotus,1136,3014,568,2016,708,350
Glyceria,996,3280,868,1714,653,872
Gambusia_affinis,1962,1720,815,2290,715,1379
root,4826,0,2954,0,2508,7
Podocarpaceae,0,520,0,9520,0,346
root,3250,3178,1162,2292,1495,1388
Lumbriculus_variegatus,2222,3026,2003,2294,1338,1918
Nais_communis,3150,3150,2264,5392,3182,3306
Metazoa,4218,2910,3702,6030,1638,3642
Acanthocyclops_robustus,5822,8038,3798,4622,1835,2122
Anas_platyrhynchos,12256,13278,3964,9606,6762,4302
Gambusia_affinis,5674,11192,6411,15940,7472,5816
Nais_communis_variabilis_complex_sp_A1,9406,21564,17791,16584,7767,15971
