﻿tax_assignment,One,Two,Three,Four,Five,Six
root,0,0,4,0,0,0
root,0,0,0,0,4,0
Rhodobacter,0,0,0,0,0,4
root,0,4,0,0,0,0
Spumella_like_flagellate_JB,0,0,0,0,4,0
Prevotella,0,0,4,0,0,0
Bacteroidetes,0,0,4,0,0,0
root,0,0,4,0,0,0
Metazoa,0,0,0,0,4,0
Arthropoda,0,0,4,0,0,0
root,4,0,0,0,0,0
Eurotatoria,0,0,0,0,0,4
root,0,0,0,0,4,0
root,0,0,0,4,0,0
root,0,4,0,0,0,0
Pinnularia,0,0,0,0,0,4
root,0,0,0,0,0,4
root,0,0,4,0,0,0
Chordata,0,0,0,0,0,4
root,0,0,0,0,4,0
Chordata,0,4,0,0,0,0
Paracyclops_fimbriatus,0,0,0,4,0,0
Porphyrio_melanotus,4,0,0,0,0,0
root,0,0,0,0,4,0
Chordata,0,0,0,0,0,4
root,0,0,4,0,0,0
Metazoa,0,0,0,0,0,4
root,0,0,0,4,0,0
Metazoa,0,4,0,0,0,0
Eustigmatophyceae,0,0,0,4,0,0
Arcicella,0,0,4,0,0,0
Euglenaceae,0,4,0,0,0,0
root,0,4,0,0,0,0
root,0,0,0,0,0,4
Metazoa,0,0,0,0,0,4
Cyprinus_rubrofuscus,0,0,0,0,0,4
Trichosurus_vulpecula,0,0,0,0,4,0
Mugil_cephalus,0,0,0,4,0,0
Tuberolachnus_salignus,0,0,0,0,4,0
Spirosoma,0,0,0,0,4,0
Mastigamoeba,0,0,0,0,4,0
Nais,0,4,0,0,0,0
Nitzschia,0,0,0,0,0,4
Verrucomicrobium,0,4,0,0,0,0
Sorodiplophrys,0,4,0,0,0,0
Nitrospira,0,4,0,0,0,0
Schlesneria,0,4,0,0,0,0
Methanocella,0,0,4,0,0,0
Polynucleobacter,0,0,4,0,0,0
Crocinitomicaceae,0,0,0,0,0,4
Monocystidae,0,0,0,0,0,4
Pythiaceae,4,0,0,0,0,0
Paramoebidae,0,0,0,0,0,4
Isosphaeraceae,4,0,0,0,0,0
Desulfobacteraceae,0,4,0,0,0,0
Thermodesulfovibrionaceae,0,4,0,0,0,0
Methanocellaceae,0,4,0,0,0,0
root,0,4,0,0,0,0
Metazoa,4,0,0,0,0,0
root,0,0,0,0,0,4
root,0,0,0,0,0,4
root,0,0,0,4,0,0
Chordata,0,0,4,0,0,0
root,0,0,0,0,0,4
root,0,0,0,0,0,4
root,0,0,0,0,0,4
root,0,4,0,0,0,0
root,4,0,0,0,0,0
Chordata,0,0,0,0,0,4
root,0,0,0,0,4,0
Chordata,0,0,4,0,0,0
root,4,0,0,0,0,0
root,4,0,0,0,0,0
Fungi,0,0,0,0,4,0
root,4,0,0,0,0,0
Metazoa,0,0,0,0,4,0
root,0,4,0,0,0,0
root,0,0,0,0,0,4
Cytophagales,0,0,0,0,0,4
Insecta,0,0,0,0,0,4
Metazoa,0,0,0,4,0,0
root,0,0,0,0,0,4
root,0,4,0,0,0,0
root,4,0,0,0,0,0
root,0,0,0,4,0,0
Metazoa,0,0,0,4,0,0
Metazoa,0,0,0,4,0,0
root,0,0,0,0,0,4
root,0,4,0,0,0,0
root,0,0,0,4,0,0
root,0,0,0,0,0,4
root,0,0,0,4,0,0
Fungi,0,0,0,0,0,4
Chordata,0,0,0,0,0,4
root,0,4,0,0,0,0
root,0,0,0,0,4,0
Firmicutes,4,0,0,0,0,0
root,0,4,0,0,0,0
Metazoa,0,0,0,0,4,0
Chordata,0,0,4,0,0,0
Chordata,0,0,0,0,4,0
root,0,0,4,0,0,0
root,0,0,0,0,4,0
root,0,0,4,0,0,0
Metazoa,4,0,0,0,0,0
Metazoa,0,4,0,0,0,0
root,0,4,0,0,0,0
root,0,0,0,4,0,0
root,0,0,0,4,0,0
root,0,0,0,4,0,0
Metazoa,0,0,0,4,0,0
Metazoa,0,0,0,0,0,4
root,0,0,0,0,0,4
root,0,0,0,0,0,4
Metazoa,4,0,0,0,0,0
Chordata,4,0,0,0,0,0
root,4,0,0,0,0,0
Chordata,4,0,0,0,0,0
Chordata,4,0,0,0,0,0
Chordata,4,0,0,0,0,0
Metazoa,4,0,0,0,0,0
root,4,0,0,0,0,0
Chordata,4,0,0,0,0,0
root,4,0,0,0,0,0
Chordata,4,0,0,0,0,0
Metazoa,4,0,0,0,0,0
Metazoa,4,0,0,0,0,0
Chordata,0,4,0,0,0,0
Metazoa,0,4,0,0,0,0
root,0,4,0,0,0,0
Chordata,0,4,0,0,0,0
Chordata,0,4,0,0,0,0
Chordata,0,4,0,0,0,0
Metazoa,0,4,0,0,0,0
root,0,4,0,0,0,0
root,0,4,0,0,0,0
Chordata,0,4,0,0,0,0
root,0,4,0,0,0,0
Chordata,0,0,4,0,0,0
Chordata,0,0,4,0,0,0
Chordata,0,0,0,4,0,0
Metazoa,0,0,0,4,0,0
Chordata,0,0,0,4,0,0
Metazoa,0,0,0,4,0,0
Metazoa,0,0,0,4,0,0
Metazoa,0,0,0,4,0,0
root,0,0,0,4,0,0
Chordata,0,0,0,0,4,0
Chordata,0,0,0,0,4,0
Chordata,0,0,0,0,4,0
Chordata,0,0,0,0,4,0
root,0,0,0,0,4,0
Chordata,0,0,0,0,4,0
Chordata,0,0,0,0,4,0
Metazoa,0,0,0,0,4,0
Chordata,0,0,0,0,0,4
root,0,0,0,0,0,4
root,0,0,0,4,0,0
Metazoa,4,0,0,0,0,0
root,0,0,0,0,0,4
root,4,0,0,0,0,0
root,4,0,0,0,0,0
root,0,4,0,0,0,0
root,0,4,0,0,0,0
root,0,4,0,0,0,0
root,0,4,0,0,0,0
Metazoa,0,0,4,0,0,0
root,0,0,4,0,0,0
root,0,0,4,0,0,0
root,0,0,4,0,0,0
root,0,0,4,0,0,0
root,0,0,4,0,0,0
root,0,0,4,0,0,0
root,0,0,0,0,0,4
Rhabditida,0,0,0,4,0,0
Metazoa,0,0,0,0,4,0
Eurotatoria,0,0,0,0,4,0
root,0,0,0,0,4,0
root,0,0,0,0,4,0
root,0,0,0,0,0,4
root,0,0,0,0,0,4
root,0,0,0,0,0,4
Metazoa,0,0,0,0,0,4
root,0,0,0,0,0,4
root,0,0,0,0,0,4
root,4,0,0,0,0,0
Chlorophyta,0,0,4,0,0,0
Viridiplantae,0,0,0,4,0,0
root,4,0,0,0,0,0
root,0,4,0,0,0,0
Methanomicrobia,0,4,0,0,0,0
root,0,4,0,0,0,0
root,0,4,0,0,0,0
root,0,4,0,0,0,0
root,0,0,4,0,0,0
root,0,0,4,0,0,0
root,0,0,0,4,0,0
Fungi,0,0,0,4,0,0
root,0,0,0,4,0,0
root,0,0,0,4,0,0
Alphaproteobacteria,0,0,0,4,0,0
Proteobacteria,0,0,0,4,0,0
root,0,0,0,4,0,0
root,0,0,0,0,0,4
root,0,0,0,0,4,0
Sessilida,0,0,0,0,4,0
root,0,0,0,0,4,0
root,0,0,0,0,4,0
root,0,0,0,0,0,4
Chlorophyta,0,0,0,0,0,4
root,0,0,0,0,0,4
root,4,0,0,0,0,0
root,4,0,0,0,0,0
root,4,0,0,0,0,0
root,4,0,0,0,0,0
root,0,4,0,0,0,0
root,0,0,4,0,0,0
root,0,0,4,0,0,0
Bacteroidetes,0,4,0,0,0,0
root,0,0,4,0,0,0
Bacteroidales,0,0,4,0,0,0
Bacillariophyta,0,0,0,4,0,0
root,0,0,0,4,0,0
root,0,0,0,4,0,0
root,0,0,0,0,0,4
Bacteroidetes,0,0,0,0,0,4
Actinobacteria,0,0,0,0,0,4
Verrucomicrobia,0,0,0,0,0,4
Gammaproteobacteria,0,0,0,0,0,4
root,0,4,0,0,0,0
unclassified_Strombidium,0,0,4,0,0,0
Kinetoplastea,0,0,4,0,0,0
Sessilida,0,0,0,4,0,0
root,0,0,0,4,0,0
root,4,0,0,0,0,0
root,4,0,0,0,0,0
root,4,0,0,0,0,0
root,4,0,0,0,0,0
root,0,0,0,4,0,0
root,0,0,0,0,4,0
root,0,0,0,0,4,0
root,0,0,0,0,4,0
root,0,0,0,0,0,4
root,0,0,0,0,0,4
Insecta,0,0,0,0,5,0
Metazoa,0,5,0,0,0,0
Chordata,0,5,0,0,0,0
Carchesium,5,0,0,0,0,0
Planctomycetes,0,0,0,0,0,5
root,5,0,0,0,0,0
root,0,0,0,0,5,0
Pristina,0,0,0,0,5,0
root,5,0,0,0,0,0
root,0,5,0,0,0,0
Chlorophyta,0,0,0,0,5,0
Metazoa,0,0,0,0,0,5
root,0,0,0,0,5,0
root,0,0,0,0,0,5
Nitzschia_palea,0,5,0,0,0,0
Euglenales,0,0,0,0,5,0
Eukaryota,0,0,5,0,0,0
root,0,0,0,5,0,0
Chordata,0,5,0,0,0,0
Planctomycetia,0,5,0,0,0,0
root,5,0,0,0,0,0
root,0,0,0,0,0,5
unclassified_stramenopiles,0,0,0,0,0,5
Metazoa,0,0,0,0,0,5
root,0,0,5,0,0,0
Rotaria_rotatoria,5,0,0,0,0,0
Limnodrilus_hoffmeisteri,0,5,0,0,0,0
Leptolegnia_sp_BOLD_AAX5717,0,5,0,0,0,0
Methanosarcina,0,0,5,0,0,0
Nitzschia,5,0,0,0,0,0
Tepidisphaera,0,5,0,0,0,0
Euglena,0,0,0,0,0,5
Limnofila,0,0,0,0,0,5
Syntrophorhabdus,5,0,0,0,0,0
Mucilaginibacter,0,5,0,0,0,0
Apometopidae,0,0,0,0,5,0
Monocystidae,0,0,0,5,0,0
Oscillospiraceae,0,0,0,0,5,0
Cyperoideae,0,0,0,0,5,0
Monocystidae,0,0,5,0,0,0
Leptophryidae,0,0,0,5,0,0
Haloragaceae,0,0,0,0,5,0
Flavobacteriaceae,5,0,0,0,0,0
Methanocellaceae,0,0,5,0,0,0
Crocinitomicaceae,0,0,0,5,0,0
Gemmataceae,0,0,0,5,0,0
Isosphaeraceae,0,0,0,0,0,5
Zoopagaceae,0,5,0,0,0,0
Metazoa,0,0,0,0,0,5
Eukaryota,5,0,0,0,0,0
root,0,0,5,0,0,0
root,0,0,0,0,0,5
root,5,0,0,0,0,0
root,5,0,0,0,0,0
Euglenales,0,0,0,0,5,0
root,0,0,5,0,0,0
root,0,0,0,0,5,0
root,0,0,0,0,0,5
root,0,0,0,0,0,5
Chordata,0,0,0,0,0,5
Trematoda,0,5,0,0,0,0
unclassified_Bacillariophyta,0,5,0,0,0,0
root,0,5,0,0,0,0
root,0,0,0,5,0,0
root,0,5,0,0,0,0
Chordata,0,0,5,0,0,0
root,0,0,5,0,0,0
root,0,0,0,0,0,5
Chordata,0,5,0,0,0,0
Proteobacteria,0,5,0,0,0,0
Chordata,0,0,0,0,5,0
Chlorophyta,0,5,0,0,0,0
Chordata,5,0,0,0,0,0
Metazoa,5,0,0,0,0,0
Chordata,0,0,0,0,0,5
Arthropoda,0,5,0,0,0,0
Acidobacteria,5,0,0,0,0,0
root,0,0,0,5,0,0
Chordata,0,5,0,0,0,0
Chordata,5,0,0,0,0,0
root,0,0,0,5,0,0
root,0,0,5,0,0,0
Bacteroidia,0,0,0,0,0,5
unclassified_Monoblepharella,0,0,0,0,5,0
root,0,5,0,0,0,0
Chordata,0,0,0,0,0,5
root,0,5,0,0,0,0
root,5,0,0,0,0,0
root,5,0,0,0,0,0
Metazoa,5,0,0,0,0,0
root,0,5,0,0,0,0
Metazoa,0,5,0,0,0,0
Metazoa,0,0,5,0,0,0
root,0,0,0,5,0,0
root,0,0,0,5,0,0
root,0,0,0,5,0,0
root,0,0,0,0,5,0
Metazoa,0,0,0,0,0,5
root,0,0,0,0,0,5
Metazoa,0,0,0,0,0,5
root,0,0,0,0,0,5
Chordata,5,0,0,0,0,0
Chordata,5,0,0,0,0,0
Metazoa,5,0,0,0,0,0
root,0,5,0,0,0,0
root,0,5,0,0,0,0
Chordata,0,5,0,0,0,0
Chordata,0,5,0,0,0,0
Metazoa,0,5,0,0,0,0
Chordata,0,5,0,0,0,0
Chordata,0,5,0,0,0,0
Chordata,0,5,0,0,0,0
Chordata,0,5,0,0,0,0
Chordata,0,5,0,0,0,0
Metazoa,0,0,0,0,0,5
Chordata,0,0,5,0,0,0
Metazoa,0,0,5,0,0,0
Metazoa,0,0,0,5,0,0
Chordata,0,0,0,5,0,0
Chordata,0,0,0,5,0,0
Chordata,0,0,0,5,0,0
root,0,0,0,5,0,0
Metazoa,0,0,0,5,0,0
Chordata,0,0,0,5,0,0
Chordata,0,0,0,5,0,0
Metazoa,0,0,0,5,0,0
Metazoa,0,0,0,0,5,0
root,0,0,0,0,0,5
root,0,0,0,0,0,5
Chordata,0,0,0,0,0,5
root,0,0,5,0,0,0
root,5,0,0,0,0,0
root,0,5,0,0,0,0
Metazoa,0,5,0,0,0,0
root,0,5,0,0,0,0
Metazoa,0,5,0,0,0,0
root,0,5,0,0,0,0
Ascomycota,0,5,0,0,0,0
root,0,5,0,0,0,0
root,0,5,0,0,0,0
root,0,0,0,0,0,5
root,0,0,0,0,5,0
root,0,0,5,0,0,0
root,0,0,0,5,0,0
root,0,0,0,5,0,0
root,0,0,0,5,0,0
Arthropoda,0,0,0,0,5,0
root,0,0,0,0,5,0
root,0,0,0,0,5,0
Insecta,0,0,0,0,0,5
root,0,0,0,5,0,0
root,5,0,0,0,0,0
root,0,5,0,0,0,0
Fungi,0,5,0,0,0,0
root,0,0,0,5,0,0
Chlorophyceae,0,0,0,0,5,0
Litostomatea,0,0,0,0,5,0
Alphaproteobacteria,0,0,0,0,0,5
root,0,0,0,0,0,5
Planctomycetes,5,0,0,0,0,0
Verrucomicrobia,5,0,0,0,0,0
root,5,0,0,0,0,0
root,0,5,0,0,0,0
root,0,5,0,0,0,0
root,0,5,0,0,0,0
root,0,5,0,0,0,0
root,0,5,0,0,0,0
root,0,5,0,0,0,0
root,0,0,5,0,0,0
root,0,0,5,0,0,0
Verrucomicrobia,0,0,0,5,0,0
Actinobacteria,0,0,0,0,5,0
root,0,0,0,0,5,0
root,0,0,0,0,0,5
root,0,0,0,0,0,5
root,0,0,0,0,0,5
root,0,0,0,0,0,5
root,0,5,0,0,0,0
root,0,0,5,0,0,0
Euglenales,0,0,0,5,0,0
root,5,0,0,0,0,0
root,0,5,0,0,0,0
root,0,0,5,0,0,0
root,0,0,5,0,0,0
root,0,0,0,5,0,0
root,0,0,0,5,0,0
root,0,0,0,5,0,0
root,0,0,0,0,5,0
Nais,0,0,0,0,0,6
root,6,0,0,0,0,0
Viridiplantae,0,0,0,6,0,0
root,6,0,0,0,0,0
Chlorophyceae,0,0,0,0,6,0
Metazoa,0,0,6,0,0,0
Chrysophyceae,0,0,0,0,0,6
root,0,0,0,0,0,6
root,0,0,0,0,6,0
root,0,0,0,6,0,0
root,0,0,6,0,0,0
root,0,0,0,0,0,6
root,0,0,0,6,0,0
Pirellulales,0,0,0,6,0,0
root,0,0,6,0,0,0
root,0,0,0,6,0,0
root,0,0,0,0,6,0
Bacteroidetes,0,6,0,0,0,0
root,0,6,0,0,0,0
root,0,0,0,0,0,6
Eukerria_saltensis,0,0,6,0,0,0
Lemna_minor,0,0,0,0,0,6
Cygnus,0,0,0,0,6,0
Rhizomicrobium,6,0,0,0,0,0
Vannella,0,6,0,0,0,0
Methanomassiliicoccus,0,6,0,0,0,0
Acetobacteraceae,0,6,0,0,0,0
Phacaceae,0,0,0,6,0,0
Syntrophobacteraceae,6,0,0,0,0,0
Isosphaeraceae,6,0,0,0,0,0
Chitinophagaceae,0,0,6,0,0,0
Desulfovibrionaceae,0,0,0,0,0,6
root,0,0,0,6,0,0
root,0,0,0,0,0,6
root,0,0,0,0,6,0
Chordata,0,0,0,0,0,6
root,0,6,0,0,0,0
Metazoa,0,0,0,0,0,6
root,0,0,0,0,6,0
Chordata,0,6,0,0,0,0
root,6,0,0,0,0,0
root,0,6,0,0,0,0
root,0,0,0,0,0,6
root,0,0,0,0,0,6
root,0,0,0,6,0,0
Chordata,6,0,0,0,0,0
root,0,6,0,0,0,0
root,0,0,0,6,0,0
root,0,0,0,0,0,6
Chordata,0,6,0,0,0,0
Metazoa,0,0,0,0,0,6
Planctomycetia,0,0,0,0,0,6
Planctomycetes,0,0,0,6,0,0
root,0,0,0,0,6,0
root,0,0,6,0,0,0
root,6,0,0,0,0,0
root,0,0,0,6,0,0
root,0,6,0,0,0,0
Metazoa,0,0,0,0,0,6
Metazoa,0,0,0,0,0,6
Metazoa,0,0,0,0,0,6
root,6,0,0,0,0,0
Metazoa,6,0,0,0,0,0
Chordata,6,0,0,0,0,0
root,6,0,0,0,0,0
Chordata,6,0,0,0,0,0
Chordata,6,0,0,0,0,0
Chordata,0,6,0,0,0,0
root,0,6,0,0,0,0
Chordata,0,6,0,0,0,0
Chordata,0,6,0,0,0,0
Chordata,0,6,0,0,0,0
Metazoa,0,0,6,0,0,0
Chordata,0,0,6,0,0,0
Metazoa,0,0,0,6,0,0
root,0,0,0,6,0,0
root,0,0,0,6,0,0
Chordata,0,0,0,6,0,0
root,0,0,0,0,0,6
root,0,0,0,6,0,0
Chordata,0,0,0,6,0,0
root,0,0,0,6,0,0
Chordata,0,0,0,0,6,0
Chordata,0,0,0,0,6,0
Chordata,0,0,0,0,6,0
root,0,0,0,0,6,0
Chordata,0,0,0,0,0,6
Metazoa,0,0,0,0,0,6
Chordata,0,0,0,0,0,6
root,0,0,0,0,0,6
Chordata,0,0,0,0,0,6
root,0,6,0,0,0,0
root,0,6,0,0,0,0
root,0,6,0,0,0,0
Rhabditida,0,0,6,0,0,0
root,0,0,6,0,0,0
root,0,0,0,6,0,0
root,0,0,0,0,0,6
root,0,0,0,0,6,0
root,0,0,0,0,6,0
root,0,0,0,0,6,0
root,0,0,0,0,6,0
root,0,0,0,0,6,0
root,0,0,0,0,0,6
root,0,0,0,0,0,6
root,0,0,0,0,0,6
root,0,0,0,0,0,6
root,0,0,0,0,0,6
Magnoliopsida,0,0,0,0,0,6
root,6,0,0,0,0,0
Methanomicrobia,6,0,0,0,0,0
root,0,6,0,0,0,0
root,0,6,0,0,0,0
root,0,6,0,0,0,0
Neobodonida,0,0,6,0,0,0
Acidobacteria,0,0,6,0,0,0
Fungi,0,0,0,0,0,6
Proteobacteria,0,0,0,0,0,6
Chlorophyceae,0,0,0,0,0,6
root,6,0,0,0,0,0
Betaproteobacteria,6,0,0,0,0,0
root,6,0,0,0,0,0
root,6,0,0,0,0,0
root,0,6,0,0,0,0
Gammaproteobacteria,0,6,0,0,0,0
root,0,6,0,0,0,0
Planctomycetia,0,0,6,0,0,0
root,0,0,6,0,0,0
Proteobacteria,0,0,0,0,6,0
Deltaproteobacteria,0,0,0,0,0,6
Fungi,0,6,0,0,0,0
Ciliophora,0,0,0,0,0,6
root,6,0,0,0,0,0
root,6,0,0,0,0,0
Rotaria_rotatoria,0,7,0,0,0,0
Cytophagaceae,7,0,0,0,0,0
Chordata,0,7,0,0,0,0
Chlorophyta,7,0,0,0,0,0
root,0,0,0,7,0,0
root,0,0,0,0,0,7
root,0,0,0,7,0,0
root,0,7,0,0,0,0
Microbacteriaceae,0,0,0,7,0,0
Firmicutes,0,0,7,0,0,0
Oscillochloris,0,0,7,0,0,0
Pirellulaceae,0,0,0,0,0,7
Chlorophyta,0,0,7,0,0,0
Daphniidae,0,7,0,0,0,0
Phacaceae,0,0,0,0,0,7
Nitzschia,0,0,0,0,7,0
root,0,0,0,0,0,7
Paludibaculum,7,0,0,0,0,0
Methanocella,7,0,0,0,0,0
Smithella,0,7,0,0,0,0
Fagaceae,0,0,0,7,0,0
Phacaceae,0,0,0,0,7,0
Phacaceae,0,0,0,0,7,0
Archangiaceae,0,0,0,7,0,0
Azonexaceae,0,0,7,0,0,0
Flavobacteriaceae,0,0,0,0,0,7
Chitinophagaceae,0,0,0,0,0,7
root,7,0,0,0,0,0
Chordata,7,0,0,0,0,0
Metazoa,0,0,0,0,0,7
root,0,7,0,0,0,0
root,0,7,0,0,0,0
Chordata,7,0,0,0,0,0
root,0,0,0,7,0,0
root,0,0,0,0,7,0
root,0,0,7,0,0,0
Chordata,0,0,7,0,0,0
root,0,0,7,0,0,0
Eurotatoria,0,0,7,0,0,0
root,0,0,0,7,0,0
root,7,0,0,0,0,0
Metazoa,0,0,7,0,0,0
root,0,0,7,0,0,0
Chordata,7,0,0,0,0,0
root,7,0,0,0,0,0
Chordata,7,0,0,0,0,0
root,7,0,0,0,0,0
root,7,0,0,0,0,0
Chordata,0,7,0,0,0,0
Chordata,0,7,0,0,0,0
root,0,7,0,0,0,0
root,0,7,0,0,0,0
Chordata,0,0,7,0,0,0
root,0,0,7,0,0,0
root,0,0,0,7,0,0
root,0,0,0,7,0,0
root,0,0,0,7,0,0
Chordata,0,0,0,7,0,0
root,0,0,0,0,7,0
Metazoa,0,0,0,0,0,7
root,0,0,0,0,0,7
root,7,0,0,0,0,0
Metazoa,0,0,0,0,0,7
root,0,7,0,0,0,0
root,0,0,0,0,7,0
root,7,0,0,0,0,0
root,0,0,7,0,0,0
Ichthyophonida,0,0,0,7,0,0
root,0,7,0,0,0,0
root,0,7,0,0,0,0
root,0,7,0,0,0,0
Deltaproteobacteria,0,7,0,0,0,0
root,0,0,7,0,0,0
root,0,0,0,7,0,0
root,0,0,0,0,0,7
root,0,0,0,0,0,7
Chrysophyceae,7,0,0,0,0,0
Chlorophyta,0,0,0,0,0,7
root,7,0,0,0,0,0
root,0,7,0,0,0,0
root,0,0,0,7,0,0
root,0,0,0,7,0,0
root,0,0,0,7,0,0
root,0,0,0,0,0,7
Proteobacteria,0,0,0,8,0,0
root,0,0,0,8,0,0
Holophrya,0,0,0,0,8,0
root,0,0,0,0,8,0
Bacillariophyta,0,0,0,4,0,4
Chordata,0,0,0,4,0,4
root,0,0,8,0,0,0
Proteobacteria,8,0,0,0,0,0
Phacaceae,0,0,8,0,0,0
Methanomicrobiales,0,0,8,0,0,0
Anas_rhynchotis,0,0,8,0,0,0
Metazoa,0,8,0,0,0,0
Phacus,0,0,0,0,0,8
Clostridium,8,0,0,0,0,0
Desulfovibrionaceae,0,0,8,0,0,0
root,0,0,0,0,8,0
Fungi,0,0,0,0,0,8
root,0,0,0,8,0,0
Digitaria,8,0,0,0,0,0
Pythium,0,0,0,0,0,8
Desulfobulbaceae,0,0,0,8,0,0
Clostridiaceae,0,4,0,4,0,0
Desulfobulbaceae,8,0,0,0,0,0
Dennstaedtiaceae,8,0,0,0,0,0
Acidobacteriaceae,8,0,0,0,0,0
Devosiaceae,0,8,0,0,0,0
Metazoa,0,8,0,0,0,0
root,0,0,0,8,0,0
root,0,0,0,0,0,8
root,0,0,0,8,0,0
Fungi,0,0,0,0,8,0
root,0,0,4,0,0,4
Metazoa,0,8,0,0,0,0
Bacteroidetes,8,0,0,0,0,0
Chordata,0,0,0,8,0,0
Chordata,8,0,0,0,0,0
Chordata,0,0,0,8,0,0
Metazoa,8,0,0,0,0,0
Alphaproteobacteria,0,0,0,8,0,0
Proteobacteria,8,0,0,0,0,0
Metazoa,8,0,0,0,0,0
Chordata,8,0,0,0,0,0
Chordata,8,0,0,0,0,0
Chordata,0,0,0,8,0,0
root,0,0,0,0,8,0
root,0,0,0,0,0,8
Metazoa,0,0,0,0,0,8
root,0,0,0,0,0,8
root,0,0,0,0,0,8
Metazoa,0,0,4,0,0,4
Metazoa,0,0,8,0,0,0
Insecta,0,0,0,0,8,0
Oomycota,0,0,0,0,0,8
Chlorophyceae,0,0,0,0,8,0
root,0,8,0,0,0,0
root,0,4,4,0,0,0
root,0,0,0,8,0,0
root,0,0,0,0,0,8
root,0,0,0,0,0,8
Myxococcales,0,0,0,0,0,8
root,8,0,0,0,0,0
Planctomycetes,0,8,0,0,0,0
root,0,8,0,0,0,0
root,0,0,8,0,0,0
root,0,0,0,8,0,0
Planctomycetia,0,0,0,0,8,0
root,0,0,0,0,8,0
root,0,0,0,0,0,8
Fungi,0,0,0,0,0,8
Chlorophyta,0,0,0,0,0,8
root,0,0,8,0,0,0
root,0,0,8,0,0,0
root,0,0,0,8,0,0
Vitreochlamys_aulata,0,0,0,0,9,0
root,0,0,9,0,0,0
root,0,4,0,0,0,5
root,0,0,9,0,0,0
root,0,4,0,5,0,0
root,0,0,0,9,0,0
root,9,0,0,0,0,0
Chordata,4,0,0,5,0,0
root,0,0,0,0,0,9
Metazoa,0,0,0,0,0,9
Rumex,0,0,0,0,0,9
Bacillariophyceae,0,0,0,0,9,0
Metazoa,0,0,0,9,0,0
root,4,0,0,0,5,0
Desulfobulbaceae,0,0,0,9,0,0
Limnophyes,0,9,0,0,0,0
Polygonaceae,0,0,9,0,0,0
root,0,0,0,5,0,4
leotiomyceta,0,0,0,0,0,9
Oomycota,0,0,9,0,0,0
root,0,0,0,9,0,0
Gammaproteobacteria,0,0,0,0,9,0
root,0,0,0,5,0,4
Chordata,0,9,0,0,0,0
Hyphomicrobiales,0,0,9,0,0,0
Metazoa,0,0,9,0,0,0
Magnoliopsida,0,9,0,0,0,0
root,0,9,0,0,0,0
root,4,0,5,0,0,0
root,0,9,0,0,0,0
Chordata,0,0,0,0,0,9
Metazoa,9,0,0,0,0,0
root,4,0,0,5,0,0
Chordata,0,9,0,0,0,0
Metazoa,0,9,0,0,0,0
Chordata,0,9,0,0,0,0
Chordata,0,9,0,0,0,0
Chordata,0,9,0,0,0,0
Metazoa,0,9,0,0,0,0
Chordata,0,0,0,0,0,9
Metazoa,0,0,9,0,0,0
Metazoa,0,0,0,0,0,9
root,9,0,0,0,0,0
Chromadorea,0,9,0,0,0,0
root,0,0,0,5,0,4
Arthropoda,0,0,0,0,9,0
root,0,0,0,0,9,0
Proteobacteria,9,0,0,0,0,0
root,9,0,0,0,0,0
root,0,9,0,0,0,0
Bacillariophyta,0,9,0,0,0,0
Fungi,0,0,9,0,0,0
Chlamydomonadales,0,0,0,0,9,0
root,0,0,0,0,9,0
root,0,0,0,0,9,0
Chlorophyceae,0,0,0,0,9,0
Betaproteobacteria,9,0,0,0,0,0
Firmicutes,0,0,0,9,0,0
root,0,0,0,0,9,0
root,0,0,0,0,9,0
Chlorophyta,0,0,0,9,0,0
root,0,9,0,0,0,0
root,0,9,0,0,0,0
root,0,0,0,0,9,0
root,0,0,0,0,9,0
Metazoa,0,0,0,10,0,0
Betaproteobacteria,0,6,4,0,0,0
Actinomycetia,0,0,0,0,0,10
root,0,10,0,0,0,0
Spumella_like_flagellate_JB,5,5,0,0,0,0
Treponemataceae,0,0,5,0,5,0
root,0,0,0,0,10,0
Euglenales,4,0,0,0,0,6
root,4,0,0,0,6,0
Lepocinclis,0,10,0,0,0,0
root,0,0,0,0,6,4
root,0,10,0,0,0,0
Proteobacteria,0,0,0,0,10,0
root,4,0,0,0,0,6
root,0,0,0,0,0,10
Metazoa,0,0,0,0,10,0
root,0,0,10,0,0,0
root,0,0,10,0,0,0
Fringilla_coelebs,0,0,0,0,10,0
Stentor,0,0,0,0,6,4
Podocarpaceae,10,0,0,0,0,0
Alcaligenaceae,0,10,0,0,0,0
root,0,0,0,10,0,0
root,0,10,0,0,0,0
root,0,0,0,10,0,0
root,0,10,0,0,0,0
Chordata,0,0,0,10,0,0
root,0,0,0,0,0,10
Bacteroidetes,0,10,0,0,0,0
Chordata,0,0,10,0,0,0
root,0,6,0,0,0,4
Metazoa,0,0,0,0,0,10
Metazoa,0,0,6,0,4,0
root,0,0,10,0,0,0
root,10,0,0,0,0,0
root,0,0,10,0,0,0
root,0,0,0,0,0,10
Metazoa,10,0,0,0,0,0
root,10,0,0,0,0,0
root,10,0,0,0,0,0
Chordata,0,10,0,0,0,0
root,0,10,0,0,0,0
Chordata,0,10,0,0,0,0
root,0,0,0,10,0,0
Chordata,0,0,0,0,10,0
Chordata,0,0,0,0,0,10
Chordata,0,0,0,0,0,10
root,0,0,0,0,0,10
root,10,0,0,0,0,0
Arthropoda,10,0,0,0,0,0
root,0,10,0,0,0,0
root,0,0,0,0,0,10
root,0,10,0,0,0,0
unclassified_Eunotia,0,0,0,10,0,0
Fungi,0,0,0,10,0,0
root,0,10,0,0,0,0
root,0,0,10,0,0,0
root,0,0,0,0,10,0
root,0,0,0,10,0,0
root,0,0,0,0,10,0
Chaetonotidae,0,0,0,0,0,11
Proteobacteria,0,0,0,11,0,0
Anguilla_australis,0,0,0,0,7,4
Metazoa,0,0,11,0,0,0
Gomphonema,0,0,0,7,0,4
root,0,5,0,0,0,6
Metazoa,0,0,0,11,0,0
Persicaria,0,0,11,0,0,0
root,11,0,0,0,0,0
Isosphaeraceae,0,11,0,0,0,0
root,0,11,0,0,0,0
root,0,11,0,0,0,0
root,0,0,7,0,4,0
root,0,0,0,0,11,0
root,0,0,0,11,0,0
Carex_subgen_Vignea,0,0,5,0,0,6
Candidatus_Solibacter,11,0,0,0,0,0
Euglenaceae,0,5,0,0,6,0
Desulfuromonadaceae,0,0,0,0,11,0
Polygonaceae,0,0,11,0,0,0
Phacotaceae,0,0,0,11,0,0
Oomycota,0,0,0,11,0,0
root,0,0,0,0,11,0
Chordata,0,11,0,0,0,0
Metazoa,0,0,0,11,0,0
Chlamydomonadales,0,0,0,0,7,4
root,0,0,0,11,0,0
Chordata,11,0,0,0,0,0
Metazoa,11,0,0,0,0,0
Chordata,11,0,0,0,0,0
root,11,0,0,0,0,0
Chordata,11,0,0,0,0,0
root,0,11,0,0,0,0
Metazoa,0,0,0,11,0,0
root,0,0,0,11,0,0
Chordata,0,0,0,11,0,0
root,0,0,0,0,11,0
Chordata,0,0,0,0,11,0
root,0,0,0,0,11,0
root,11,0,0,0,0,0
Deltaproteobacteria,11,0,0,0,0,0
root,0,11,0,0,0,0
root,0,0,0,0,11,0
root,0,0,0,0,5,6
Acidobacteriia,0,0,0,0,0,11
Myxococcales,11,0,0,0,0,0
Xanthomonadales,0,11,0,0,0,0
root,0,11,0,0,0,0
root,0,0,11,0,0,0
Gammaproteobacteria,0,0,0,11,0,0
root,0,0,0,0,0,11
root,0,0,0,11,0,0
root,11,0,0,0,0,0
Chaetonotidae,4,8,0,0,0,0
Anas_platyrhynchos,0,0,0,0,0,12
Cytophagaceae,0,7,0,0,5,0
Desulfuromonadaceae,0,0,0,12,0,0
root,0,0,0,0,8,4
Metazoa,0,0,0,0,12,0
Gammaproteobacteria,0,12,0,0,0,0
root,0,8,0,0,4,0
root,0,0,5,0,0,7
Desulfosporosinus,0,12,0,0,0,0
root,0,0,0,0,0,12
root,12,0,0,0,0,0
Methanocella,0,6,6,0,0,0
root,0,12,0,0,0,0
root,0,0,0,0,12,0
root,0,0,0,12,0,0
Metazoa,12,0,0,0,0,0
Fungi,0,0,0,12,0,0
root,0,5,0,0,7,0
unclassified_Condylostomides,0,5,0,0,0,7
Ploima,0,0,0,12,0,0
Metazoa,0,0,0,12,0,0
root,0,6,6,0,0,0
Metazoa,0,5,0,0,7,0
Amphifilida,0,0,0,0,5,7
Hyphomicrobiales,0,12,0,0,0,0
root,0,0,12,0,0,0
Metazoa,12,0,0,0,0,0
Chordata,12,0,0,0,0,0
Chordata,12,0,0,0,0,0
Chordata,0,12,0,0,0,0
root,0,12,0,0,0,0
Chordata,0,12,0,0,0,0
Chordata,0,0,0,12,0,0
Chordata,0,0,0,0,12,0
Metazoa,0,0,0,0,0,12
Metazoa,0,0,12,0,0,0
Metazoa,0,0,0,0,0,12
root,0,0,0,0,12,0
root,0,12,0,0,0,0
root,0,0,12,0,0,0
root,12,0,0,0,0,0
root,0,12,0,0,0,0
root,0,0,12,0,0,0
root,0,0,0,12,0,0
root,0,0,0,12,0,0
root,0,0,0,0,12,0
Metazoa,13,0,0,0,0,0
Metazoa,5,4,4,0,0,0
Cryptomonas,0,0,0,0,0,13
Bacillariophyceae,0,0,0,0,13,0
Desulfovibrio,0,8,0,5,0,0
Chordata,0,13,0,0,0,0
root,0,0,0,0,0,13
Plantago,13,0,0,0,0,0
Chlamydomonadaceae,6,0,0,0,7,0
Rubioideae,0,0,13,0,0,0
root,0,0,6,7,0,0
Eurotatoria,0,0,4,5,4,0
Anas_platyrhynchos,0,0,13,0,0,0
Veronica_subgen_Veronica,0,0,0,13,0,0
Nocardioidaceae,0,13,0,0,0,0
Metazoa,0,13,0,0,0,0
Chordata,13,0,0,0,0,0
Fungi,0,4,0,0,9,0
Chordata,13,0,0,0,0,0
root,0,13,0,0,0,0
Betaproteobacteria,0,0,0,0,0,13
root,0,13,0,0,0,0
root,13,0,0,0,0,0
Chordata,0,13,0,0,0,0
Chordata,13,0,0,0,0,0
Chordata,13,0,0,0,0,0
Chordata,0,13,0,0,0,0
root,0,6,0,0,0,7
Chordata,0,0,0,13,0,0
Chordata,0,0,0,13,0,0
Metazoa,0,0,0,0,13,0
Chordata,0,0,0,0,13,0
Chordata,0,0,0,0,0,13
root,0,13,0,0,0,0
root,13,0,0,0,0,0
root,13,0,0,0,0,0
root,13,0,0,0,0,0
root,0,0,0,13,0,0
Firmicutes,0,0,0,0,0,13
root,0,0,0,13,0,0
root,0,0,0,0,13,0
root,0,0,9,0,0,5
root,0,0,9,0,5,0
Lepocinclis,0,0,0,7,0,7
unclassified_Chrysophyceae,0,0,14,0,0,0
unclassified_Chloromonas,0,0,0,0,7,7
root,0,0,0,5,9,0
root,0,5,0,0,9,0
root,0,14,0,0,0,0
Caulobacteraceae,0,0,14,0,0,0
root,0,0,4,0,5,5
Cryptomeria_japonica,0,0,0,0,0,14
Phacus,0,14,0,0,0,0
Acidobacteriaceae,14,0,0,0,0,0
root,0,0,0,0,14,0
Betaproteobacteria,0,14,0,0,0,0
Chordata,0,0,0,4,0,10
Chordata,0,0,0,10,4,0
root,0,0,14,0,0,0
root,4,5,0,0,0,5
Chlorophyceae,0,0,0,0,14,0
root,0,0,14,0,0,0
Chordata,0,0,0,0,14,0
root,0,0,0,0,14,0
core_chlorophytes,0,0,0,14,0,0
Metazoa,0,0,14,0,0,0
root,0,10,0,0,0,4
root,0,14,0,0,0,0
root,0,14,0,0,0,0
root,0,14,0,0,0,0
root,14,0,0,0,0,0
Metazoa,10,4,0,0,0,0
Chordata,0,14,0,0,0,0
Chordata,0,14,0,0,0,0
root,0,0,0,14,0,0
Chordata,0,0,0,14,0,0
unclassified_Chloromonas,0,0,0,14,0,0
root,0,7,0,0,0,7
root,0,0,14,0,0,0
root,0,0,0,14,0,0
root,8,0,6,0,0,0
Proteobacteria,0,14,0,0,0,0
Myxococcales,0,0,0,0,0,14
root,0,0,0,0,0,14
Bacteroidetes,0,0,0,0,0,14
root,0,0,0,0,14,0
root,0,0,0,0,0,14
Physella_acuta,5,10,0,0,0,0
Scotinosphaeraceae,15,0,0,0,0,0
root,0,0,5,0,10,0
Monosiga,0,0,0,0,9,6
root,0,0,0,9,0,6
root,4,11,0,0,0,0
root,15,0,0,0,0,0
Phacus,0,0,0,0,0,15
Bacteroidetes,0,7,8,0,0,0
Alphamonas,0,6,0,0,0,9
Acetobacteraceae,0,0,0,0,0,15
Chlorophyta,15,0,0,0,0,0
Arthropoda,0,15,0,0,0,0
root,0,0,0,15,0,0
root,0,0,15,0,0,0
root,9,6,0,0,0,0
Chordata,0,0,0,0,0,15
Eugregarinorida,6,4,0,0,0,5
root,0,0,0,0,0,15
Chlamydomonadales,6,4,0,0,5,0
root,4,0,0,0,0,11
root,0,0,0,0,0,15
root,0,0,0,0,0,15
Chordata,15,0,0,0,0,0
root,15,0,0,0,0,0
root,0,0,0,15,0,0
root,0,0,0,15,0,0
Chordata,0,0,0,0,15,0
root,0,0,0,0,15,0
Metazoa,0,0,0,0,0,15
Fungi,0,0,0,0,15,0
root,15,0,0,0,0,0
Araceae,0,16,0,0,0,0
Metazoa,4,0,6,0,6,0
Rhizorhabdus,0,0,0,0,0,16
Holophrya,0,0,16,0,0,0
Chlorophyceae,8,0,0,0,8,0
root,0,0,6,0,0,10
root,0,0,0,0,0,16
Spirotrichea,0,0,16,0,0,0
Chlorophyceae,0,0,0,16,0,0
Metazoa,0,0,0,0,0,16
Methanobacterium,0,0,6,5,0,5
Lepocinclis,0,0,0,0,16,0
Pirellulaceae,0,16,0,0,0,0
Fungi,0,0,0,16,0,0
Metazoa,0,0,0,0,16,0
root,5,7,0,4,0,0
root,5,0,0,0,7,4
root,0,16,0,0,0,0
root,16,0,0,0,0,0
root,0,5,0,11,0,0
Metazoa,0,0,0,0,16,0
Chordata,0,0,0,0,0,16
root,0,0,11,0,0,5
Arthropoda,0,0,0,0,0,16
Myxococcales,0,16,0,0,0,0
root,0,0,0,0,0,16
Eurotiomycetidae,0,0,0,0,0,16
Chlamydomonadales,0,0,0,0,0,16
root,0,0,0,0,0,17
Chlorophyceae,0,0,0,7,10,0
Acidobacteria,17,0,0,0,0,0
root,0,0,0,0,0,17
Rhizomicrobium,0,0,17,0,0,0
root,0,0,8,0,0,9
Anguilla_australis,7,0,0,0,10,0
Oomycota,0,0,0,17,0,0
Oomycota,0,0,0,17,0,0
Actinobacteria,0,0,0,17,0,0
Conoidasida,0,5,0,12,0,0
root,0,0,0,17,0,0
root,17,0,0,0,0,0
Bacteroidetes,0,17,0,0,0,0
root,10,0,0,7,0,0
root,0,0,0,0,17,0
Chordata,0,6,0,0,11,0
Metazoa,0,0,0,17,0,0
root,0,0,0,0,0,17
Metazoa,0,6,0,0,0,11
Alphaproteobacteria,0,0,0,12,0,5
root,17,0,0,0,0,0
Naidinae,0,5,0,0,13,0
Actinomycetia,6,0,0,12,0,0
Chrysophyceae,0,0,4,8,0,6
root,0,0,0,6,12,0
Metazoa,0,18,0,0,0,0
root,0,7,11,0,0,0
root,0,0,4,0,0,14
Acidobacteriaceae,0,18,0,0,0,0
Chitinophagaceae,0,0,18,0,0,0
Euglenaceae,13,0,0,0,5,0
root,0,8,0,0,0,10
root,18,0,0,0,0,0
Chlamydomonadales,0,0,0,18,0,0
root,0,0,0,10,0,8
root,0,0,0,0,18,0
Chordata,0,0,0,18,0,0
Chordata,0,0,0,18,0,0
Chordata,0,0,0,0,0,18
Chordata,0,0,0,0,0,18
Metazoa,0,10,0,0,8,0
root,0,0,8,0,0,10
Anas_chlorotis_or_gracilis,8,0,0,0,11,0
root,6,0,0,0,0,13
root,19,0,0,0,0,0
Gammaproteobacteria,0,19,0,0,0,0
Chlorophyta,5,0,0,0,9,5
Chlorophyta,0,0,0,0,19,0
root,0,0,0,0,19,0
Chitinophagaceae,0,0,0,0,9,10
Planctomycetaceae,0,0,0,19,0,0
Poaceae,0,0,19,0,0,0
root,0,0,19,0,0,0
Epalxella,4,0,0,4,0,11
Myriophyllum_propinquum,9,0,0,0,10,0
Ranunculus,0,0,9,0,0,10
root,0,4,0,4,0,11
Metazoa,0,0,0,15,0,4
unclassified_Macrothrix,0,6,5,0,8,0
campanulids,0,0,19,0,0,0
Chordata,0,5,0,14,0,0
root,0,0,0,19,0,0
Metazoa,0,0,0,0,19,0
root,6,0,0,9,0,4
Metazoa,0,10,4,0,5,0
Chordata,19,0,0,0,0,0
Metazoa,0,0,0,0,0,19
root,0,0,0,0,19,0
root,0,0,0,0,0,19
Culex,0,6,4,0,6,4
root,0,0,0,0,12,8
Metazoa,0,10,4,0,0,6
root,11,9,0,0,0,0
root,0,12,0,0,0,8
Chordata,0,20,0,0,0,0
Metazoa,0,0,0,20,0,0
root,0,0,5,0,0,15
Metazoa,0,11,0,0,4,5
Vorticella,0,0,0,0,20,0
Persicaria,0,13,7,0,0,0
root,0,0,0,0,0,20
root,0,0,8,0,4,8
root,0,12,0,0,8,0
root,5,9,6,0,0,0
root,0,20,0,0,0,0
Gammaproteobacteria,0,20,0,0,0,0
root,16,4,0,0,0,0
root,0,8,8,0,0,4
root,20,0,0,0,0,0
root,0,0,20,0,0,0
Vannella,0,0,0,0,0,21
Litostomatea,0,0,0,0,0,21
Firmicutes,0,0,5,16,0,0
Flavobacterium,0,0,21,0,0,0
Chordata,0,0,0,21,0,0
Viridiplantae,0,0,0,0,21,0
root,0,11,0,0,0,10
Eurotatoria,7,10,0,0,4,0
Endomicrobiaceae,5,11,5,0,0,0
root,0,0,0,21,0,0
root,4,0,17,0,0,0
root,0,13,0,0,0,8
root,0,21,0,0,0,0
root,0,21,0,0,0,0
root,21,0,0,0,0,0
root,7,0,0,0,14,0
Chordata,0,0,0,21,0,0
Chordata,0,0,0,21,0,0
root,0,0,0,0,0,21
root,0,0,0,0,0,21
root,0,0,21,0,0,0
root,0,22,0,0,0,0
Metazoa,5,10,7,0,0,0
Thiotrichaceae,0,0,18,0,4,0
root,13,0,9,0,0,0
root,5,5,8,0,0,4
Gammaproteobacteria,13,9,0,0,0,0
Bacillariophyta,0,0,0,22,0,0
Chironomidae,0,0,15,0,0,7
Desulfobacteraceae,7,6,0,0,4,5
Aphididae,0,16,0,0,0,6
root,14,0,0,0,0,8
Aves,22,0,0,0,0,0
Aves,0,22,0,0,0,0
root,0,22,0,0,0,0
root,0,0,0,0,22,0
root,0,0,0,0,0,22
Magnoliopsida,6,0,16,0,0,0
Planctomycetia,4,0,0,18,0,0
root,0,0,0,22,0,0
root,0,0,0,0,22,0
Chordata,16,0,0,0,0,7
root,5,0,14,0,4,0
Limnodrilus_hoffmeisteri,18,0,0,0,0,5
Acetobacteraceae,0,0,0,0,0,23
root,6,5,0,0,12,0
Acetobacteraceae,0,23,0,0,0,0
Metazoa,0,23,0,0,0,0
Metopida,0,0,0,0,0,23
Metazoa,0,0,0,0,23,0
root,7,0,0,0,6,10
Chordata,0,0,0,23,0,0
Chordata,0,0,0,0,0,23
root,0,0,9,0,0,14
Chlorophyta,10,0,0,0,8,5
root,15,8,0,0,0,0
root,11,0,6,0,0,6
Xanthomonadales,23,0,0,0,0,0
root,0,0,23,0,0,0
root,0,0,0,7,9,8
Persicaria,0,0,24,0,0,0
root,0,0,0,6,0,18
Persicaria,0,24,0,0,0,0
Bicosoecidae,8,0,6,0,0,10
Isosphaeraceae,0,0,0,24,0,0
root,24,0,0,0,0,0
Chordata,12,12,0,0,0,0
root,24,0,0,0,0,0
Bacteroidetes,0,15,0,0,9,0
root,0,0,24,0,0,0
Myxococcales,0,18,0,0,6,0
root,0,0,0,16,0,8
Metazoa,0,0,0,24,0,0
root,0,0,0,0,0,24
Planctomycetes,0,6,0,18,0,0
root,24,0,0,0,0,0
root,0,24,0,0,0,0
Betaproteobacteria,16,0,0,9,0,0
root,0,8,0,7,10,0
root,4,4,0,4,7,6
Hymenostomatida,0,0,0,8,10,7
root,15,0,0,0,10,0
root,0,0,0,0,25,0
Bacillariophyta,0,0,0,19,0,6
Phacaceae,0,0,0,15,10,0
Methanobacterium,0,0,0,25,0,0
Polygonaceae,10,11,0,0,0,4
Pirellulaceae,0,7,0,12,0,6
50_kb_inversion_clade,0,0,0,25,0,0
Metazoa,0,15,0,0,0,10
Bacillariophyta,0,0,7,9,0,9
root,0,0,17,0,8,0
Chordata,0,0,0,25,0,0
Alphaproteobacteria,0,25,0,0,0,0
Acidobacteriia,25,0,0,0,0,0
root,0,0,0,25,0,0
Solanaceae,6,0,0,0,0,20
Proteobacteria,11,0,9,0,6,0
Cryptomycota_incertae_sedis,7,0,0,15,0,4
root,7,0,10,0,0,9
Planctomycetes,5,0,9,0,12,0
Chordata,0,0,0,0,26,0
root,12,0,14,0,0,0
Metazoa,17,9,0,0,0,0
root,0,26,0,0,0,0
root,0,0,0,0,0,26
root,0,0,0,4,10,12
Chordata,0,0,0,0,0,26
Fungi,0,0,0,26,0,0
root,26,0,0,0,0,0
root,0,0,0,0,0,26
Viridiplantae,0,9,0,0,0,18
root,0,0,0,17,10,0
Proteobacteria,16,0,0,0,0,11
Eurotatoria,0,0,0,27,0,0
Metazoa,0,0,0,0,23,4
Burkholderiales,0,0,0,10,17,0
Euglenales,17,0,0,0,10,0
Hydrogenophaga,12,0,0,15,0,0
Rhodobacteraceae,18,4,0,5,0,0
Euglenales,10,0,6,0,11,0
Chordata,5,0,10,5,0,7
root,0,7,0,6,14,0
root,0,0,0,27,0,0
root,0,8,13,0,6,0
Chordata,21,0,6,0,0,0
Chordata,13,9,0,0,0,5
root,0,0,0,28,0,0
root,0,0,0,0,6,22
Plantago,0,0,0,6,22,0
root,0,13,8,0,0,7
root,0,0,28,0,0,0
Metazoa,7,0,14,0,7,0
root,0,28,0,0,0,0
Chordata,0,0,0,0,0,28
Chromadorea,0,0,28,0,0,0
Proteobacteria,5,13,0,0,10,0
Chaetonotus,0,0,0,8,21,0
Gammaproteobacteria,12,0,9,0,8,0
root,0,0,19,10,0,0
root,7,12,0,0,0,10
root,0,0,6,0,23,0
Phacaceae,0,0,0,29,0,0
Chordata,18,11,0,0,0,0
root,5,6,5,0,13,0
Chordata,12,11,0,0,6,0
root,0,0,29,0,0,0
Euteleostomi,29,0,0,0,0,0
Gammaproteobacteria,0,18,0,0,0,11
root,0,0,0,0,29,0
root,6,0,0,0,17,7
Roseomonas,0,0,0,0,30,0
Chaetonotus,0,0,14,0,16,0
root,0,30,0,0,0,0
root,0,9,0,0,21,0
Metopus,12,18,0,0,0,0
root,0,6,10,0,0,14
root,0,16,0,15,0,0
root,0,0,12,0,19,0
Spirochaeta,10,0,10,0,11,0
Bacillariophyceae,0,14,17,0,0,0
root,7,0,6,0,0,18
root,0,0,0,31,0,0
root,0,0,0,6,14,11
Chordata,0,0,0,0,31,0
Viridiplantae,15,0,0,8,0,9
Chlamydomonadaceae,0,7,0,17,0,8
Chaetonotidae,8,0,0,0,0,24
root,0,7,0,21,0,4
root,6,12,0,0,14,0
root,0,0,0,0,0,32
root,0,32,0,0,0,0
root,14,0,0,0,19,0
Chlorophyceae,6,6,0,0,13,8
Firmicutes,0,14,8,0,0,11
Metazoa,0,0,0,25,8,0
root,4,22,7,0,0,0
root,0,0,0,0,33,0
root,6,0,0,27,0,0
Gambusia_affinis,13,0,0,6,0,15
Metazoa,0,11,4,14,0,5
Metazoa,0,17,11,0,0,6
Bdelloidea,5,0,0,15,8,6
root,0,9,14,0,0,11
Metazoa,8,20,0,6,0,0
root,9,14,11,0,0,0
root,0,0,34,0,0,0
Sturnus_vulgaris,35,0,0,0,0,0
Passeriformes,35,0,0,0,0,0
Cryptomycota_incertae_sedis,0,0,9,13,6,7
Monocystis,18,4,0,9,0,4
Naididae,0,0,35,0,0,0
Acetobacteraceae,0,0,35,0,0,0
root,0,31,0,0,4,0
Chordata,8,22,0,0,0,5
Burkholderiales,0,35,0,0,0,0
Chordata,0,35,0,0,0,0
root,0,0,0,35,0,0
root,0,0,0,0,35,0
root,0,18,0,0,0,18
Ferruginibacter,20,0,0,16,0,0
root,20,10,0,6,0,0
root,0,19,0,17,0,0
root,0,0,6,5,9,16
root,36,0,0,0,0,0
Chlorophyceae,0,7,0,30,0,0
Bacteroidetes,9,6,8,7,0,7
Lacrymariidae,0,13,5,0,0,19
Chlamydomonadales,0,0,0,11,20,6
Euglenales,0,6,19,12,0,0
root,12,0,0,9,0,16
Metazoa,0,0,12,0,25,0
Persicaria,0,37,0,0,0,0
Chaetonotidae,0,0,0,0,37,0
Metazoa,0,27,0,10,0,0
Metazoa,0,0,20,0,0,17
root,0,5,4,0,14,14
root,0,0,0,37,0,0
root,0,0,0,37,0,0
Ludwigia,0,0,38,0,0,0
root,0,38,0,0,0,0
Myxococcales,18,0,12,0,9,0
root,13,26,0,0,0,0
root,0,0,39,0,0,0
Viridiplantae,0,0,0,33,6,0
root,0,0,0,39,0,0
root,0,0,0,39,0,0
root,5,12,0,0,4,19
Monosiga,11,9,7,0,13,0
Asteraceae,0,40,0,0,0,0
root,0,0,4,19,0,17
Candidatus_Solibacter,19,0,0,8,0,13
root,9,7,11,5,0,8
root,0,0,0,0,30,10
root,0,0,40,0,0,0
root,0,0,15,25,0,0
root,0,0,7,0,22,11
Metazoa,0,5,0,0,0,35
root,0,0,0,40,0,0
Hyphomicrobiales,0,0,41,0,0,0
root,0,0,0,0,41,0
root,0,0,0,0,41,0
Flavobacterium,0,23,0,0,19,0
root,0,0,0,22,5,15
root,12,0,0,5,10,15
root,0,0,0,42,0,0
root,7,14,4,0,0,17
Oomycota,7,9,9,0,9,8
root,0,5,7,7,19,4
root,0,13,9,0,0,20
root,0,0,10,0,20,12
Actinobacteria,0,17,25,0,0,0
root,6,4,0,0,9,24
Chlorophyceae,0,0,31,0,12,0
Juncus,18,0,19,0,0,6
Solanoideae,25,0,0,0,0,18
Carex,8,0,31,0,4,0
root,9,14,20,0,0,0
Chlorophyceae,0,0,0,29,14,0
Metazoa,4,15,0,0,16,9
root,0,16,12,0,16,0
root,7,0,0,23,10,4
root,44,0,0,0,0,0
Magnoliopsida,0,0,0,44,0,0
Viridiplantae,0,0,0,44,0,0
Polaromonas,6,7,7,8,0,17
Daphnia,0,7,0,0,0,38
root,0,0,0,0,0,45
root,10,10,9,12,4,0
root,0,19,26,0,0,0
Myxococcales,0,23,0,0,22,0
root,45,0,0,0,0,0
Acetobacteraceae,31,0,0,15,0,0
Chordata,0,0,0,29,0,17
Alphaproteobacteria,0,0,0,46,0,0
root,10,0,6,18,5,8
Prolixibacteraceae,13,0,34,0,0,0
Actinopteri,0,0,0,47,0,0
Chlorophyta,0,0,30,0,17,0
Denitratisoma,0,13,0,11,24,0
root,15,9,0,0,11,13
Bacteroidetes,9,17,22,0,0,0
Nitzschia_acidoclinata,0,7,8,16,8,10
root,5,0,9,0,11,24
root,30,11,0,8,0,0
root,5,17,10,5,0,12
Rubiaceae,0,14,11,25,0,0
root,6,29,11,4,0,0
Epalxella,15,5,4,9,0,17
root,0,0,15,6,20,9
root,0,0,0,0,0,50
root,25,0,8,11,7,0
Metazoa,22,0,0,15,0,14
root,0,10,0,10,0,31
Firmicutes,13,10,28,0,0,0
Trichosurus_vulpecula,0,43,0,0,8,0
Poaceae,8,12,19,0,0,12
root,0,51,0,0,0,0
Loteae,0,0,0,4,23,25
Hymenostomatida,0,4,0,13,21,14
Chamaedrilus,0,14,9,4,17,8
Spirotrichea,17,0,27,0,0,9
root,0,0,21,32,0,0
root,8,9,8,5,6,17
root,12,9,12,0,9,11
Sorangiineae,19,34,0,0,0,0
Metazoa,0,0,0,0,0,53
root,0,33,0,4,0,16
Proteobacteria,11,0,6,15,7,14
root,0,6,11,31,0,6
Eurotatoria,0,0,32,10,0,12
Gomphonema,0,5,12,19,9,9
Phacus,7,0,6,5,23,13
Anaeromyxobacteraceae,0,42,12,0,0,0
root,0,0,0,54,0,0
Metazoa,0,0,0,54,0,0
Gambusia_affinis,22,33,0,0,0,0
root,0,0,0,55,0,0
root,5,9,8,0,8,25
Chaetonotidae,12,0,0,8,0,35
root,9,8,11,0,21,6
root,0,23,9,6,8,9
Poaceae,0,0,0,0,55,0
Chlamydomonadales,0,17,0,0,26,12
Cyprinus_rubrofuscus,6,0,0,0,13,37
root,17,26,13,0,0,0
root,29,0,0,0,0,27
root,0,0,12,16,28,0
root,21,0,27,0,0,8
Chlorophyceae,35,0,0,22,0,0
root,7,7,0,5,12,26
Acetobacteraceae,27,30,0,0,0,0
unclassified_Chrysophyceae,9,24,16,0,0,8
Metazoa,25,23,0,4,0,5
Stentor,0,5,13,0,17,22
Metazoa,7,4,0,0,30,16
Eukaryota,0,0,0,37,0,21
root,29,0,0,0,29,0
root,0,29,0,15,0,14
root,0,0,58,0,0,0
root,5,0,14,4,23,13
Phacaceae,7,0,0,13,39,0
root,0,8,28,0,5,18
Alphaproteobacteria,29,21,10,0,0,0
Vannella,0,0,19,0,24,17
Fungi,0,0,26,34,0,0
root,17,12,19,0,0,12
root,60,0,0,0,0,0
root,22,0,4,4,14,17
Eukaryota,0,0,11,16,0,34
root,5,49,0,0,7,0
Naididae,14,19,0,0,29,0
Metazoa,5,6,0,32,6,13
Metazoa,0,4,0,11,0,47
root,19,28,8,0,0,7
root,0,51,0,7,5,0
root,0,0,0,34,29,0
root,4,14,22,0,5,19
Bos_taurus,15,24,0,0,0,25
root,0,0,0,0,0,64
Acidobacteriaceae,16,18,15,0,16,0
Chlorophyceae,0,0,0,0,33,32
root,7,7,14,0,4,34
root,8,13,8,4,22,12
Canis,67,0,0,0,0,0
Chordata,17,0,0,0,50,0
root,0,41,0,0,27,0
root,15,31,13,0,0,9
root,5,25,0,16,22,0
Simocephalus,0,65,0,0,4,0
Metazoa,0,7,37,4,15,6
Solibacteraceae,22,47,0,0,0,0
root,31,0,0,5,0,33
Chordata,0,0,34,35,0,0
root,31,0,16,8,15,0
Scotinosphaera,0,0,34,0,0,36
root,0,6,0,20,6,38
root,15,17,15,0,5,18
Viridiplantae,40,0,20,10,0,0
root,6,15,0,0,20,29
Rhodocyclaceae,41,29,0,0,0,0
Planctomycetes,0,0,0,71,0,0
Fungi,0,0,42,0,0,30
root,17,0,13,31,11,0
Proteobacteria,10,13,7,11,21,10
Paralcaligenes,19,0,16,8,11,18
root,0,0,0,16,56,0
Metazoa,0,0,0,72,0,0
root,0,0,0,0,30,42
Chordata,0,14,0,0,11,47
root,27,21,15,0,10,0
root,7,13,5,8,16,25
root,0,23,21,5,7,18
root,28,18,0,10,0,18
root,13,8,27,0,4,22
Chaetonotus,12,0,5,27,8,23
Chordata,31,19,6,0,4,15
root,7,5,13,0,18,32
Phaeophyceae,5,17,16,0,25,12
Metopidae,0,32,21,0,0,22
Bacteroidetes,29,10,16,4,18,0
Verrucomicrobia,28,27,0,0,22,0
Naididae,0,0,77,0,0,0
root,0,40,20,0,0,18
root,4,14,20,19,0,21
Poeae,0,0,43,0,0,36
Metazoa,58,17,0,0,4,0
root,48,31,0,0,0,0
root,4,16,12,5,7,36
root,0,0,0,82,0,0
Chordata,30,28,25,0,0,0
Lemna_minor,38,16,16,0,14,0
Phacus,13,11,8,18,28,6
root,0,9,36,0,9,30
root,5,10,26,0,33,10
root,0,8,0,16,20,41
root,10,9,4,6,29,27
Firmicutes,12,10,36,0,8,20
Betaproteobacteria,13,16,20,17,12,8
Chlamydomonadales,39,0,21,0,19,8
root,19,12,14,11,11,20
Urostomides,0,32,34,0,6,15
Gonium,0,0,0,19,68,0
root,0,0,0,87,0,0
root,11,18,44,0,0,15
root,47,30,0,11,0,0
root,21,13,13,0,22,20
Ruminiclostridium,11,0,46,0,32,0
root,4,26,29,6,8,16
Chlorophyta,21,0,37,0,26,8
Bicosoeca,12,12,25,0,20,23
Lobomonas,66,0,0,0,26,0
root,5,28,26,0,4,31
root,5,6,9,36,22,17
Chitinophagaceae,22,9,15,13,24,12
Cygnus_atratus,6,20,28,0,0,41
Cryptomonas,9,21,31,5,22,8
Flavobacterium,28,15,13,19,12,9
Chordata,27,16,0,11,0,42
root,4,13,20,10,0,50
Gammaproteobacteria,33,35,0,0,29,0
Acidobacteriaceae,16,66,15,0,0,0
root,5,21,21,13,16,23
root,44,0,0,31,0,25
root,15,9,16,13,15,32
Polynucleobacter,30,12,9,22,8,20
root,21,12,22,14,23,9
Athyriaceae,101,0,0,0,0,0
root,11,25,28,0,11,27
Bosmina_longirostris,0,0,4,12,5,81
Metopus,27,0,24,30,0,22
root,0,40,24,18,0,21
Analges_sturninus,0,0,0,0,0,103
root,7,20,20,0,10,47
Metazoa,17,36,54,0,0,0
root,21,22,0,12,39,13
root,5,19,11,0,15,58
Rhodocyclales,0,24,40,0,25,19
Urostomides,0,64,25,0,0,19
Metazoa,78,12,0,0,8,10
Clostridiaceae,8,25,10,31,16,20
Azolla_pinnata_subsp_pinnata,51,0,28,12,19,0
Nitzschia,4,14,17,32,12,33
Spirotrichea,26,34,16,0,0,36
root,19,0,4,62,27,0
Chordata,19,51,0,0,0,42
Holophagaceae,33,48,0,0,33,0
Metopus,18,14,0,30,4,48
Chlorophyta,25,8,0,59,12,11
Synura,14,27,11,25,8,31
root,29,32,13,11,17,17
Sulfuricurvum,5,41,4,25,18,26
Bradyrhizobiaceae,11,18,22,43,8,18
root,22,52,30,0,0,16
Embryophyta,0,59,0,0,0,62
Chloroflexia,0,0,44,26,29,23
root,0,77,36,0,9,0
root,12,19,33,5,26,28
Coprosma,61,0,0,44,0,19
Caulobacteraceae,41,16,27,6,23,14
Chordata,0,54,13,0,6,55
Alphaproteobacteria,16,5,0,108,0,0
root,23,27,26,16,10,27
Anas_platyrhynchos,25,26,11,6,9,54
Galium,22,0,0,11,0,98
root,0,0,0,131,0,0
root,32,38,29,5,11,17
Porphyrio_melanotus,24,65,0,0,39,7
Ludwigia,28,78,17,0,0,15
Colepidae,33,8,6,51,20,21
Metazoa,120,0,0,0,5,14
root,26,25,26,0,36,26
Bacteroidetes,45,37,34,0,12,11
root,5,31,34,0,24,45
root,9,18,37,12,26,39
Chlorobiaceae,14,33,9,39,18,28
root,26,9,13,11,64,20
Metazoa,59,17,4,23,0,40
root,0,10,33,15,31,55
Pseudolabrys,37,60,0,31,0,17
Synura,25,39,0,11,27,44
Gonium,31,59,0,0,41,15
root,10,15,40,40,21,20
root,0,0,147,0,0,0
Dechloromonas,17,36,0,33,31,31
root,16,30,18,9,34,42
root,0,37,69,15,9,19
Pinus,0,0,56,0,13,81
root,11,26,19,19,56,21
Pinnularia,6,16,19,18,41,55
Chaetonotidae,35,9,16,27,0,68
root,14,28,21,16,14,62
root,12,21,28,10,17,68
Thiothrix,33,31,37,17,11,27
root,26,23,28,0,42,38
Chlamydomonadales,0,33,46,26,18,36
Chitinophagaceae,48,29,36,9,27,11
root,42,30,33,14,17,24
root,39,30,0,48,0,44
Chaetonotus,0,0,104,0,58,0
Chordata,24,53,0,89,0,0
Geothrix,23,45,26,15,30,28
Chlorophyceae,27,13,44,0,39,44
root,22,0,137,9,0,0
root,99,44,0,0,26,0
root,0,170,0,0,0,0
Prolixibacteraceae,0,49,8,45,46,25
Rubiaceae,0,0,54,62,0,59
Coprosma,28,0,82,0,46,22
Chlamydomonas_sp_KSA1,104,0,0,0,75,0
root,44,22,25,0,73,15
root,23,0,95,0,0,62
Bacteroidetes,46,39,26,28,20,22
Pelobacter,49,60,13,11,28,22
Sulfuricurvum,27,41,21,43,21,31
Vorticella,0,71,70,31,13,0
Viridiplantae,58,16,0,11,78,23
Xanthophyceae,25,29,41,11,53,28
root,32,44,29,26,16,40
Chlamydomonadales,31,27,12,18,73,31
Comamonadaceae,76,38,0,0,83,0
Deltaproteobacteria,55,47,31,11,26,27
Chitinophagaceae,37,54,21,13,33,40
Chlorophyceae,33,48,0,46,33,38
root,33,48,44,17,36,26
Burkholderiales_genera_incertae_sedis,40,37,35,28,38,27
Carchesium,0,20,0,76,53,57
Chlamydomonadales,29,0,0,89,90,0
Gammaproteobacteria,40,0,20,37,51,62
Hexanauplia,28,21,7,96,17,44
Chlorophyceae,40,9,10,96,24,37
Poaceae,0,0,0,0,0,218
Chaetonotus,25,17,5,70,45,57
Paludibacter,37,46,45,27,26,41
Lobomonas,72,29,26,0,49,48
Asteroideae,0,0,0,0,0,224
Telmatobacter,56,58,49,9,8,45
Persicaria_thunbergii,92,0,9,0,65,59
root,21,46,70,0,33,57
Cryptomonas,35,54,29,17,56,37
Nitzschia,14,30,17,75,36,63
Bacteroidetes,49,55,40,10,30,52
Metazoa,60,42,16,34,27,63
Colepidae,46,51,13,62,34,47
Lumbriculus_variegatus,33,64,71,4,26,57
Metazoa,24,30,156,13,14,19
Gammaproteobacteria,46,51,0,65,69,28
Polygonoideae,117,0,66,0,26,55
Metazoa,32,31,52,0,89,62
Ideonella,104,40,45,28,0,53
root,0,56,47,29,100,40
Roseiarcus,36,0,0,184,54,0
Reichenbachiellaceae,52,64,57,36,24,42
Bidens_pilosa,127,0,69,12,67,0
Rotaria_rotatoria,52,21,89,36,55,25
root,28,45,51,20,69,68
Methylophilaceae,48,50,48,43,42,50
Bicosoeca,39,54,56,21,51,65
Metazoa,27,63,34,14,77,76
root,47,70,44,17,63,50
Chlorophyceae,62,0,36,35,102,57
Metazoa,79,34,27,77,36,49
root,0,0,303,0,0,0
Chordata,0,295,0,9,0,0
Solibacteraceae,73,89,70,9,41,24
root,29,57,66,65,37,53
Chlorobiaceae,88,24,64,0,134,0
root,32,68,41,34,35,101
Thiodictyon,75,47,12,66,58,53
root,47,45,24,24,50,122
Isolepis_prolifera,36,0,77,105,9,87
Tribonematales,49,61,39,15,118,35
unclassified_Chlamydomonas,0,0,18,141,143,18
root,29,52,35,30,115,59
Gammaproteobacteria,62,60,0,70,59,71
Chlorophyceae,102,7,44,29,92,50
Ludwigia,83,0,150,41,0,68
root,55,40,54,19,135,39
Desulfuromonadales,95,89,54,0,34,76
Bacteroidetes,65,47,98,71,45,26
Vorticella,0,173,78,83,0,20
root,39,49,47,31,92,99
root,76,34,40,62,58,92
root,0,0,0,376,0,0
Alsobacter,82,70,35,116,48,36
root,42,66,68,40,80,93
Betaproteobacteria,89,62,62,35,106,54
root,68,65,123,15,81,71
Chaetonotus,59,24,136,0,120,89
root,38,45,54,8,248,46
root,31,59,88,27,118,117
root,48,133,46,25,30,189
root,27,0,6,375,65,0
unclassified_Cyclops,133,14,11,185,131,0
Spathidiidae,59,75,132,46,111,56
Cochliopodium,68,76,83,66,86,106
Chaetonotidae,83,46,0,90,162,114
Podocarpus,89,0,32,0,375,0
root,65,81,155,0,104,98
root,118,130,109,32,28,88
Malpighiales,63,94,104,124,30,92
root,67,108,160,0,75,102
Arthropoda,0,0,513,0,0,0
Iris,83,0,82,26,88,250
Arthropoda,69,130,99,31,176,31
Cyprinus_rubrofuscus,13,106,219,0,35,164
Metazoa,47,96,0,123,0,271
root,101,122,100,73,58,85
Spathidiidae,88,104,135,0,153,74
root,16,0,0,0,555,0
Mesocyclops_leuckarti,230,0,0,164,170,35
Onagraceae,128,0,277,108,58,30
Burkholderiales,75,124,129,114,63,115
Thiodictyon,157,90,25,129,121,103
root,75,127,190,0,116,142
Rubioideae,93,0,66,57,111,325
Gambusia_affinis,86,176,0,0,181,215
Cyprinus_rubrofuscus,33,130,145,0,149,222
Myriophyllum,63,268,154,19,65,110
Poeae,119,0,204,116,115,139
Panicoideae,140,85,125,9,281,54
Podocarpaceae,191,0,0,84,431,0
Pooideae,138,86,208,0,54,220
root,65,208,144,16,47,229
Chordata,79,99,58,80,213,190
Hexanauplia,153,61,0,249,136,142
Chromatiaceae,172,131,49,205,121,80
root,85,150,251,52,79,148
root,64,129,107,82,131,266
Geobacter,154,163,120,93,135,119
root,100,32,47,437,55,118
Magnoliopsida,95,210,91,225,0,168
Gammaproteobacteria,127,170,121,164,97,122
Eukaryota,70,127,208,78,163,160
Cygnus_atratus,219,123,69,18,70,315
Metazoa,104,148,57,72,280,198
Nitzschia,29,94,67,334,194,164
Chlamydomonadales,251,28,8,135,400,77
Comamonadaceae,120,193,259,147,54,151
Rotaria_rotatoria,104,99,149,105,324,150
Asteraceae,262,0,200,17,279,197
Lamiaceae,134,0,274,58,116,378
Betaproteobacteria,156,240,202,128,147,134
Anguilla_australis,49,113,589,0,271,46
Metazoa,0,1071,0,0,0,0
Polygoneae,335,0,277,135,282,43
Rhodoblastus,129,122,156,514,124,76
Chaetonotus,198,160,18,198,329,218
root,0,0,0,0,12,1142
Chlorophyceae,214,225,45,404,137,141
root,152,60,0,712,307,33
root,129,237,119,199,162,462
Eukaryota,127,329,255,100,241,263
Araceae,398,0,331,79,146,379
root,117,211,294,120,181,415
Vorticella,183,211,670,217,107,136
Myriophyllum,453,0,487,302,175,188
root,254,266,400,235,205,444
Poaceae,258,205,600,25,409,315
Cyclopoida,585,144,65,526,397,104
Metazoa,66,1034,75,235,332,119
PACMAD_clade,0,0,0,0,1878,0
root,277,533,221,164,179,530
Ludwigia,432,0,535,337,431,204
Dero_digitata,17,17,1881,0,22,10
Cyperoideae,448,155,671,48,541,111
Cyclopidae,0,646,0,0,0,1336
Saliceae,673,0,442,301,580,22
Metazoa,50,1181,22,27,307,496
root,266,367,357,239,316,543
Asparagales,364,425,530,205,127,466
Persicaria,274,727,736,52,178,217
root,647,342,178,147,248,638
Lumbriculus_variegatus,660,340,233,260,401,588
Vorticella,212,437,937,359,102,450
Gammaproteobacteria,373,548,356,364,452,439
Metazoa,2193,162,0,124,127,87
Paspalum,289,0,443,1389,243,394
Nais_communis,734,447,730,82,956,62
Anas_chlorotis_or_gracilis,451,313,868,386,813,196
Paratanytarsus_grimmii,171,388,1150,330,345,709
Persicaria,522,0,891,768,720,326
Chlorobiaceae,713,629,576,372,628,427
Octolasion_lacteum,447,355,431,393,476,1315
Asparagaceae,1357,0,1193,298,774,304
Cygnus_atratus,489,897,662,72,85,1777
root,385,543,865,243,772,1239
Anas_platyrhynchos,911,771,1103,649,1006,664
Arthropoda,293,1939,2409,90,1021,871
Metazoa,325,459,3617,1986,2020,201
Polygonoideae,1828,0,2662,1746,602,1803
root,421,126,63,7826,132,144
Metazoa,2100,0,656,2955,1899,1147
Metazoa,149,3050,54,916,3977,2228
Acanthocyclops_robustus,2262,938,174,3396,1981,1635
Cyclopidae,3637,841,936,3660,3121,0
Dero,184,48,12075,209,379,150
Glyceria,3245,0,4033,2427,3326,3674
Nais_communis_variabilis_complex_sp_A1,4876,806,2000,2380,8324,318
Daphnia_pulex,2911,5345,8,6902,0,13754
Anserinae,5193,5629,7655,2578,5483,5973
Metazoa,3328,7910,11919,5790,12431,6344
