﻿tax_assignment,One ,Two ,Three,Four,Five,Six
root,0,0,0,0,0,4
root,0,0,0,0,0,4
Chlamydomonadales,0,0,0,0,0,4
root,0,0,0,0,4,0
root,4,0,0,0,0,0
Dinophyceae,0,0,0,4,0,0
Trachelomonas,0,0,0,4,0,0
Phacaceae,0,0,0,4,0,0
Bacteroidetes,4,0,0,0,0,0
root,0,0,0,0,0,4
Viridiplantae,0,0,0,0,0,4
root,4,0,0,0,0,0
Euglenaceae,4,0,0,0,0,0
root,0,4,0,0,0,0
root,0,0,4,0,0,0
Ciliophora,0,0,0,4,0,0
root,0,4,0,0,0,0
Aves,4,0,0,0,0,0
root,0,0,4,0,0,0
Euglenales,0,0,0,4,0,0
Bacteroidetes,0,0,0,0,0,4
root,0,0,0,4,0,0
root,0,0,4,0,0,0
root,0,0,0,4,0,0
root,0,0,0,0,0,4
root,0,0,0,4,0,0
root,0,0,0,0,0,4
Chlamydiae,0,0,0,0,4,0
root,0,0,0,4,0,0
Neochanna_diversus,0,0,0,0,4,0
Enchytraeus_buchholzi_complex_sp_2_MK_2019,4,0,0,0,0,0
root,0,4,0,0,0,0
Treponemataceae,0,0,0,4,0,0
root,4,0,0,0,0,0
root,0,0,0,0,4,0
root,0,0,4,0,0,0
Kinetoplastea,0,0,0,4,0,0
root,0,0,0,0,4,0
root,0,4,0,0,0,0
root,4,0,0,0,0,0
root,4,0,0,0,0,0
root,4,0,0,0,0,0
Chloroflexia,0,4,0,0,0,0
Proteobacteria,0,0,4,0,0,0
root,4,0,0,0,0,0
root,0,0,4,0,0,0
root,4,0,0,0,0,0
root,0,0,0,4,0,0
root,0,0,0,0,0,4
root,0,0,0,0,0,4
root,0,0,0,4,0,0
root,0,0,4,0,0,0
root,0,4,0,0,0,0
root,0,0,4,0,0,0
root,0,0,4,0,0,0
Metazoa,0,0,0,0,0,4
root,0,0,0,0,0,4
root,0,0,4,0,0,0
root,0,0,4,0,0,0
root,0,4,0,0,0,0
unclassified_Lagenidium,0,0,0,4,0,0
root,4,0,0,0,0,0
Metazoa,0,0,0,4,0,0
root,0,0,0,0,0,4
root,0,0,0,0,4,0
Tuberolachnus_salignus,4,0,0,0,0,0
Adriamonas,4,0,0,0,0,0
Bodo,0,0,4,0,0,0
Chlamydomonas,0,0,4,0,0,0
Chlorobaculum,0,4,0,0,0,0
Solanaceae,0,0,4,0,0,0
Nephroselmidaceae,0,0,4,0,0,0
Cercomonadidae,0,0,0,4,0,0
Anaeromyxobacteraceae,0,0,0,0,4,0
Oscillospiraceae,0,0,0,0,4,0
root,4,0,0,0,0,0
root,0,0,4,0,0,0
Metazoa,0,4,0,0,0,0
root,0,0,4,0,0,0
root,4,0,0,0,0,0
Metazoa,0,0,0,0,0,4
root,0,0,0,0,4,0
root,4,0,0,0,0,0
root,0,0,4,0,0,0
root,0,4,0,0,0,0
root,0,4,0,0,0,0
root,0,0,4,0,0,0
root,0,4,0,0,0,0
Hexanauplia,0,0,0,0,4,0
root,0,0,0,0,0,4
Metazoa,4,0,0,0,0,0
root,0,0,4,0,0,0
Oomycota,4,0,0,0,0,0
Metazoa,0,0,0,4,0,0
Metazoa,4,0,0,0,0,0
Metazoa,0,0,4,0,0,0
Metazoa,4,0,0,0,0,0
Chloroflexales,0,4,0,0,0,0
Metazoa,0,0,4,0,0,0
Metazoa,0,0,0,4,0,0
Chordata,0,0,4,0,0,0
Chordata,0,0,4,0,0,0
Chordata,0,0,4,0,0,0
Chordata,0,0,4,0,0,0
Chordata,0,0,4,0,0,0
root,0,0,4,0,0,0
root,0,0,4,0,0,0
Chordata,0,0,4,0,0,0
Metazoa,0,0,4,0,0,0
Chordata,0,0,4,0,0,0
Chordata,0,0,4,0,0,0
Metazoa,4,0,0,0,0,0
Metazoa,4,0,0,0,0,0
Chordata,0,0,0,4,0,0
Metazoa,0,0,0,4,0,0
root,0,0,4,0,0,0
Metazoa,4,0,0,0,0,0
root,4,0,0,0,0,0
root,0,0,0,4,0,0
root,0,0,0,4,0,0
root,0,0,4,0,0,0
Chaetophorales,4,0,0,0,0,0
Oligohymenophorea,0,0,0,4,0,0
Gastropoda,0,0,0,4,0,0
root,4,0,0,0,0,0
root,0,0,0,4,0,0
Fungi,0,0,4,0,0,0
Pedinellales,0,0,4,0,0,0
Euglenales,4,0,0,0,0,0
root,4,0,0,0,0,0
root,0,0,0,0,4,0
root,0,0,0,4,0,0
root,0,0,0,4,0,0
root,4,0,0,0,0,0
root,4,0,0,0,0,0
root,0,0,0,4,0,0
root,0,0,0,4,0,0
root,0,0,4,0,0,0
root,0,0,4,0,0,0
root,0,0,4,0,0,0
Metazoa,4,0,0,0,0,0
root,4,0,0,0,0,0
root,0,0,0,4,0,0
Metazoa,0,0,0,4,0,0
root,0,0,4,0,0,0
root,0,0,4,0,0,0
root,0,0,4,0,0,0
root,0,0,4,0,0,0
root,0,0,4,0,0,0
root,0,0,4,0,0,0
root,0,0,4,0,0,0
root,0,0,4,0,0,0
root,0,0,4,0,0,0
root,0,0,4,0,0,0
root,0,0,4,0,0,0
root,0,4,0,0,0,0
root,4,0,0,0,0,0
root,4,0,0,0,0,0
root,4,0,0,0,0,0
root,4,0,0,0,0,0
root,4,0,0,0,0,0
root,4,0,0,0,0,0
root,4,0,0,0,0,0
root,4,0,0,0,0,0
root,4,0,0,0,0,0
root,4,0,0,0,0,0
root,4,0,0,0,0,0
root,4,0,0,0,0,0
root,4,0,0,0,0,0
root,0,0,0,4,0,0
root,0,0,0,4,0,0
root,0,0,0,4,0,0
root,0,0,0,4,0,0
Metazoa,0,4,0,0,0,0
Chordata,0,4,0,0,0,0
Chordata,0,4,0,0,0,0
Chordata,0,4,0,0,0,0
root,0,0,0,0,4,0
Lepidoptera,0,0,0,0,4,0
Insecta,0,0,0,0,0,4
root,0,4,0,0,0,0
Philodinida,0,4,0,0,0,0
root,0,4,0,0,0,0
root,0,0,0,0,4,0
Planctomycetes,0,4,0,0,0,0
root,0,4,0,0,0,0
root,0,0,0,0,4,0
root,0,0,0,0,4,0
root,0,4,0,0,0,0
root,0,4,0,0,0,0
root,0,4,0,0,0,0
root,0,4,0,0,0,0
root,0,0,0,0,4,0
root,0,0,0,0,4,0
root,0,0,0,0,0,4
root,0,0,0,0,0,4
root,0,4,0,0,0,0
root,0,4,0,0,0,0
root,0,4,0,0,0,0
root,0,4,0,0,0,0
root,0,0,0,0,4,0
root,0,0,0,0,4,0
root,0,0,0,0,4,0
root,0,0,0,0,4,0
root,0,0,0,0,4,0
root,0,0,0,0,4,0
root,0,0,0,0,4,0
root,0,0,0,0,4,0
root,0,0,0,0,4,0
root,0,0,0,0,4,0
root,0,0,0,0,4,0
root,0,0,0,0,4,0
root,0,0,0,0,4,0
root,0,0,0,0,4,0
root,0,0,0,0,0,4
root,0,0,0,0,0,4
root,0,0,0,0,0,4
root,0,0,0,0,0,4
root,0,0,0,0,0,4
root,0,0,0,0,0,4
root,0,0,0,0,0,4
root,0,0,0,0,0,4
root,0,0,0,0,0,4
root,0,0,0,0,0,4
root,0,0,0,0,0,4
root,0,0,0,0,0,4
root,0,0,0,0,0,4
root,0,0,0,0,0,4
root,0,0,0,0,0,4
root,0,0,0,0,0,4
root,0,0,0,0,0,4
root,0,0,0,0,0,4
root,0,0,0,0,0,4
root,0,0,0,0,0,4
root,0,0,0,0,0,4
root,0,0,0,0,0,4
root,0,4,0,0,0,0
root,0,4,0,0,0,0
root,0,4,0,0,0,0
root,0,4,0,0,0,0
root,0,4,0,0,0,0
root,0,4,0,0,0,0
root,0,4,0,0,0,0
root,0,4,0,0,0,0
root,0,4,0,0,0,0
root,0,4,0,0,0,0
root,0,4,0,0,0,0
root,0,0,5,0,0,0
Lamiaceae,0,0,0,0,0,5
root,0,5,0,0,0,0
Myxococcales,0,0,5,0,0,0
Euglenaceae,0,0,0,5,0,0
root,0,0,5,0,0,0
root,0,5,0,0,0,0
Oscillospiraceae,0,5,0,0,0,0
root,0,0,0,0,0,5
Telmatobacter,0,0,0,0,0,5
root,0,0,5,0,0,0
root,5,0,0,0,0,0
root,5,0,0,0,0,0
root,0,0,5,0,0,0
root,5,0,0,0,0,0
Collodictyon,0,0,5,0,0,0
root,0,0,0,0,5,0
Eurotatoria,5,0,0,0,0,0
Firmicutes,0,0,5,0,0,0
root,0,0,0,5,0,0
root,0,0,0,5,0,0
Metazoa,0,0,0,5,0,0
root,5,0,0,0,0,0
root,0,0,5,0,0,0
root,5,0,0,0,0,0
Metazoa,0,0,5,0,0,0
root,0,5,0,0,0,0
Gomphonema,0,0,0,5,0,0
Metazoa,5,0,0,0,0,0
Insecta,5,0,0,0,0,0
root,0,0,0,5,0,0
Actinopteri,0,0,0,5,0,0
root,0,0,0,0,5,0
root,5,0,0,0,0,0
root,0,0,5,0,0,0
root,0,5,0,0,0,0
root,0,0,0,0,0,5
Fungi,0,0,5,0,0,0
root,0,5,0,0,0,0
root,0,0,0,5,0,0
root,0,0,0,0,0,5
Eiseniella_tetraedra,5,0,0,0,0,0
root,0,0,0,5,0,0
Metazoa,0,0,0,5,0,0
Chordata,0,0,5,0,0,0
root,0,0,5,0,0,0
root,5,0,0,0,0,0
root,0,5,0,0,0,0
Lumbricus_rubellus,0,5,0,0,0,0
Apoikiospumella_mondseeiensis,0,5,0,0,0,0
Bos_taurus,0,5,0,0,0,0
Chaetonotus,5,0,0,0,0,0
Strombomonas,0,0,0,0,0,5
Nephroselmidaceae,0,0,5,0,0,0
Dugesiidae,5,0,0,0,0,0
Spirochaetaceae,0,0,5,0,0,0
Acidobacteriaceae,0,0,5,0,0,0
Solibacteraceae,0,0,0,0,0,5
Eubacteriales_Family_XIII_Incertae_Sedis,0,5,0,0,0,0
root,0,5,0,0,0,0
root,0,0,0,0,5,0
Alphaproteobacteria,0,0,5,0,0,0
root,0,0,0,0,5,0
root,0,5,0,0,0,0
root,0,0,0,0,5,0
root,0,0,0,0,0,5
root,0,0,5,0,0,0
root,0,0,0,0,5,0
root,0,0,0,0,5,0
root,5,0,0,0,0,0
Euglenales,0,0,5,0,0,0
Metazoa,5,0,0,0,0,0
root,0,0,0,0,5,0
root,0,0,5,0,0,0
Metazoa,5,0,0,0,0,0
Metazoa,5,0,0,0,0,0
Metazoa,0,0,5,0,0,0
Chordata,5,0,0,0,0,0
Chordata,0,0,0,5,0,0
root,5,0,0,0,0,0
Insecta,5,0,0,0,0,0
Xanthophyceae,0,0,5,0,0,0
Fungi,5,0,0,0,0,0
Pirellulales,0,0,0,5,0,0
Chlorophyta,0,0,5,0,0,0
root,5,0,0,0,0,0
root,5,0,0,0,0,0
root,0,0,0,0,5,0
Metazoa,0,0,5,0,0,0
root,0,0,5,0,0,0
root,0,0,0,5,0,0
root,0,0,5,0,0,0
root,0,0,5,0,0,0
root,0,0,5,0,0,0
root,0,0,5,0,0,0
root,0,0,5,0,0,0
root,0,0,5,0,0,0
root,0,0,0,5,0,0
root,5,0,0,0,0,0
root,5,0,0,0,0,0
root,5,0,0,0,0,0
root,5,0,0,0,0,0
root,5,0,0,0,0,0
root,5,0,0,0,0,0
root,5,0,0,0,0,0
root,5,0,0,0,0,0
root,5,0,0,0,0,0
root,5,0,0,0,0,0
root,0,0,0,5,0,0
root,0,0,0,5,0,0
root,0,0,0,5,0,0
root,0,0,0,5,0,0
root,0,0,0,5,0,0
root,0,0,0,5,0,0
Metazoa,0,0,0,0,5,0
Chordata,0,0,0,0,5,0
root,0,5,0,0,0,0
root,0,5,0,0,0,0
Insecta,0,5,0,0,0,0
Bacillariophyta,0,5,0,0,0,0
root,0,5,0,0,0,0
root,0,0,0,0,5,0
root,0,0,0,0,0,5
root,0,5,0,0,0,0
root,0,0,0,0,0,5
root,0,0,0,0,0,5
Parabodonida,0,5,0,0,0,0
root,0,0,0,0,5,0
root,0,0,0,0,0,5
root,0,0,0,0,0,5
root,0,5,0,0,0,0
root,0,0,0,0,5,0
root,0,0,0,0,5,0
root,0,0,0,0,5,0
root,0,0,0,0,5,0
root,0,5,0,0,0,0
root,0,0,0,0,5,0
root,0,0,0,0,5,0
root,0,0,0,0,5,0
root,0,0,0,0,5,0
root,0,0,0,0,5,0
root,0,0,0,0,5,0
root,0,0,0,0,0,5
root,0,0,0,0,0,5
root,0,0,0,0,0,5
root,0,0,0,0,0,5
root,0,0,0,0,0,5
root,0,0,0,0,0,5
root,0,0,0,0,0,5
root,0,0,0,0,0,5
root,0,0,0,0,0,5
root,0,0,0,0,0,5
root,0,0,0,0,0,5
root,0,0,0,0,0,5
root,0,0,0,0,0,5
root,0,0,0,0,0,5
root,0,0,0,0,0,5
root,0,0,0,0,0,5
root,0,0,0,0,0,5
root,0,5,0,0,0,0
root,0,5,0,0,0,0
root,0,5,0,0,0,0
root,0,5,0,0,0,0
root,0,5,0,0,0,0
root,0,5,0,0,0,0
root,0,5,0,0,0,0
root,0,5,0,0,0,0
root,0,5,0,0,0,0
root,0,0,0,0,6,0
root,0,0,6,0,0,0
root,6,0,0,0,0,0
root,6,0,0,0,0,0
Bicosoeca,0,6,0,0,0,0
Candidatus_Solibacter,0,6,0,0,0,0
Trachelomonas,0,0,0,6,0,0
root,0,0,6,0,0,0
root,0,0,0,0,0,6
Ciliophora,0,0,0,6,0,0
root,0,0,0,0,0,6
root,0,6,0,0,0,0
Actinomycetia,0,0,0,0,0,6
Euglenaceae,0,0,6,0,0,0
root,6,0,0,0,0,0
Bdelloidea,0,0,6,0,0,0
root,0,0,0,6,0,0
Scotinosphaeraceae,0,0,0,0,0,6
Euglenaceae,0,0,6,0,0,0
root,0,0,6,0,0,0
root,0,0,6,0,0,0
root,6,0,0,0,0,0
root,6,0,0,0,0,0
root,6,0,0,0,0,0
root,6,0,0,0,0,0
root,0,0,0,0,6,0
Aeolosomatidae,6,0,0,0,0,0
root,0,0,0,0,0,6
root,0,0,0,6,0,0
Eukaryota,6,0,0,0,0,0
root,0,0,6,0,0,0
root,0,0,0,0,0,6
Metazoa,0,0,6,0,0,0
root,0,0,0,6,0,0
root,0,0,6,0,0,0
Tintinnida,6,0,0,0,0,0
root,0,0,6,0,0,0
Cryptomonadaceae,6,0,0,0,0,0
root,6,0,0,0,0,0
root,0,0,0,0,6,0
Mugil_cephalus,0,0,0,6,0,0
Myriophyllum_propinquum,0,0,0,0,6,0
Dinobryon,0,0,0,6,0,0
Neobodo,6,0,0,0,0,0
Nephroselmis,6,0,0,0,0,0
Chaetonotus,0,6,0,0,0,0
Chlamydomonadaceae,0,0,6,0,0,0
Clostridiaceae,0,0,0,0,6,0
Amaranthaceae,0,0,0,6,0,0
Cyprininae,6,0,0,0,0,0
Acidobacteriaceae,0,6,0,0,0,0
root,0,0,0,6,0,0
root,0,0,6,0,0,0
root,0,0,0,0,0,6
root,0,0,0,0,6,0
Metazoa,0,0,0,0,6,0
root,0,0,0,0,0,6
root,0,0,0,0,6,0
root,0,0,0,0,6,0
root,0,6,0,0,0,0
root,0,0,6,0,0,0
root,0,0,6,0,0,0
Chlorophyceae,0,0,6,0,0,0
root,0,6,0,0,0,0
root,0,6,0,0,0,0
root,0,6,0,0,0,0
Sarcoptiformes,6,0,0,0,0,0
root,0,6,0,0,0,0
Insecta,0,0,0,0,0,6
root,0,0,6,0,0,0
Chordata,0,0,6,0,0,0
Chordata,6,0,0,0,0,0
Chordata,0,0,0,6,0,0
root,0,0,0,6,0,0
Metazoa,0,0,0,6,0,0
Metazoa,6,0,0,0,0,0
Lepidoptera,0,0,0,6,0,0
root,0,0,0,6,0,0
root,6,0,0,0,0,0
root,6,0,0,0,0,0
Fungi,0,0,0,6,0,0
root,0,0,6,0,0,0
root,6,0,0,0,0,0
root,0,0,0,6,0,0
root,0,0,0,6,0,0
root,0,0,6,0,0,0
root,6,0,0,0,0,0
Lepidoptera,6,0,0,0,0,0
Insecta,6,0,0,0,0,0
Metazoa,6,0,0,0,0,0
root,6,0,0,0,0,0
Viridiplantae,0,0,0,6,0,0
root,0,0,6,0,0,0
root,6,0,0,0,0,0
root,6,0,0,0,0,0
root,6,0,0,0,0,0
root,6,0,0,0,0,0
root,6,0,0,0,0,0
root,6,0,0,0,0,0
root,6,0,0,0,0,0
root,0,0,0,6,0,0
root,0,0,0,6,0,0
root,0,0,0,6,0,0
root,0,0,0,6,0,0
Chordata,0,0,0,0,6,0
Chordata,0,0,0,0,6,0
root,0,0,0,0,0,6
root,0,6,0,0,0,0
root,0,6,0,0,0,0
Chlamydomonadales,0,0,0,0,0,6
root,0,0,0,0,0,6
Dictyochophyceae,0,6,0,0,0,0
root,0,0,0,0,6,0
root,0,0,0,0,6,0
Metazoa,0,0,0,0,0,6
root,0,6,0,0,0,0
Metazoa,0,6,0,0,0,0
root,0,0,0,0,6,0
root,0,0,0,0,6,0
root,0,0,0,0,6,0
root,0,0,0,0,6,0
root,0,0,0,0,6,0
root,0,0,0,0,6,0
root,0,0,0,0,6,0
root,0,0,0,0,6,0
root,0,0,0,0,6,0
root,0,0,0,0,6,0
root,0,0,0,0,6,0
root,0,0,0,0,6,0
root,0,0,0,0,6,0
root,0,0,0,0,0,6
root,0,0,0,0,0,6
root,0,0,0,0,0,6
root,0,0,0,0,0,6
root,0,0,0,0,0,6
root,0,0,0,0,0,6
root,0,0,0,0,0,6
root,0,0,0,0,0,6
root,0,6,0,0,0,0
root,0,6,0,0,0,0
root,0,6,0,0,0,0
root,0,6,0,0,0,0
root,0,6,0,0,0,0
root,0,6,0,0,0,0
root,0,6,0,0,0,0
Pelobacter,0,0,0,7,0,0
Coprosma,0,0,0,0,7,0
root,0,0,0,0,7,0
root,0,0,0,7,0,0
Chordata,7,0,0,0,0,0
root,7,0,0,0,0,0
root,0,7,0,0,0,0
Chordata,0,7,0,0,0,0
root,0,0,0,7,0,0
Turdus_philomelos,0,0,0,0,0,7
root,0,0,0,7,0,0
Nitzschia,0,0,7,0,0,0
root,0,7,0,0,0,0
Chaetonotidae,0,7,0,0,0,0
root,7,0,0,0,0,0
root,0,0,0,0,7,0
root,0,0,7,0,0,0
root,7,0,0,0,0,0
root,7,0,0,0,0,0
root,0,7,0,0,0,0
root,0,0,0,0,7,0
root,0,0,0,7,0,0
Metazoa,0,0,0,7,0,0
Chrysophyceae,0,0,7,0,0,0
Kinetoplastea,0,0,7,0,0,0
root,0,0,0,7,0,0
root,0,0,0,0,0,7
Bacteroidetes,0,0,0,0,0,7
root,7,0,0,0,0,0
root,0,0,0,0,7,0
Cryptomonadaceae,0,0,0,7,0,0
root,0,7,0,0,0,0
Vitreochlamys_aulata,7,0,0,0,0,0
Nais,0,0,7,0,0,0
Euglena,0,7,0,0,0,0
root,0,0,0,0,7,0
root,0,0,0,7,0,0
Chlorophyta,0,0,0,7,0,0
root,7,0,0,0,0,0
Chordata,0,0,7,0,0,0
Chordata,0,0,7,0,0,0
Chordata,0,0,0,7,0,0
root,0,0,0,7,0,0
root,7,0,0,0,0,0
root,0,0,7,0,0,0
root,0,0,7,0,0,0
Dinophyceae,0,0,7,0,0,0
root,0,0,7,0,0,0
root,7,0,0,0,0,0
Chlorophyta,7,0,0,0,0,0
root,0,0,0,7,0,0
root,7,0,0,0,0,0
Metazoa,0,0,7,0,0,0
Metazoa,7,0,0,0,0,0
root,7,0,0,0,0,0
root,0,0,0,7,0,0
root,0,0,0,7,0,0
root,0,0,0,7,0,0
root,0,0,7,0,0,0
root,0,0,7,0,0,0
root,0,0,7,0,0,0
root,0,0,7,0,0,0
root,0,0,7,0,0,0
root,7,0,0,0,0,0
root,7,0,0,0,0,0
root,7,0,0,0,0,0
root,7,0,0,0,0,0
root,7,0,0,0,0,0
root,7,0,0,0,0,0
root,7,0,0,0,0,0
root,0,0,0,7,0,0
root,0,0,0,0,7,0
Chordata,0,7,0,0,0,0
Chordata,0,7,0,0,0,0
Actinobacteria,0,0,0,0,0,7
Kinetoplastea,0,0,0,0,0,7
root,0,7,0,0,0,0
root,0,0,0,0,7,0
root,0,0,0,0,7,0
root,0,0,0,0,7,0
root,0,0,0,0,7,0
root,0,0,0,0,7,0
root,0,0,0,0,7,0
root,0,0,0,0,7,0
root,0,0,0,0,7,0
root,0,0,0,0,7,0
root,0,0,0,0,7,0
root,0,0,0,0,0,7
root,0,0,0,0,0,7
root,0,0,0,0,0,7
root,0,0,0,0,0,7
root,0,0,0,0,0,7
root,0,0,0,0,0,7
root,0,0,0,0,0,7
root,0,0,0,0,0,7
root,0,7,0,0,0,0
root,0,7,0,0,0,0
root,0,7,0,0,0,0
root,0,7,0,0,0,0
root,0,7,0,0,0,0
Strombomonas,0,8,0,0,0,0
root,0,0,8,0,0,0
root,0,0,8,0,0,0
Euglenaceae,0,0,8,0,0,0
root,0,0,8,0,0,0
root,0,0,8,0,0,0
root,0,0,4,0,4,0
root,0,8,0,0,0,0
Metazoa,8,0,0,0,0,0
Metazoa,0,0,8,0,0,0
root,0,0,8,0,0,0
Desulfovibrio,0,0,8,0,0,0
Prolixibacteraceae,0,0,0,0,0,8
Chlamydomonas_incerta,0,0,8,0,0,0
Limnodrilus,0,0,0,0,0,8
root,0,0,8,0,0,0
root,8,0,0,0,0,0
root,8,0,0,0,0,0
Euglenales,8,0,0,0,0,0
Neobodo,8,0,0,0,0,0
root,0,0,0,0,0,8
root,0,0,0,8,0,0
root,0,0,0,0,0,8
root,8,0,0,0,0,0
root,0,4,4,0,0,0
root,0,0,0,0,8,0
root,0,0,0,8,0,0
root,8,0,0,0,0,0
root,0,0,0,0,0,8
root,0,0,8,0,0,0
Synchaeta_pectinata,0,0,8,0,0,0
Cloacibacterium,0,8,0,0,0,0
Cyperaceae,0,0,0,8,0,0
root,0,8,0,0,0,0
root,0,8,0,0,0,0
root,0,0,0,0,0,8
root,0,0,0,0,0,8
root,8,0,0,0,0,0
Oomycota,8,0,0,0,0,0
root,0,0,0,8,0,0
root,0,0,0,0,0,8
Chordata,0,0,8,0,0,0
Chordata,0,0,8,0,0,0
root,0,0,0,8,0,0
root,0,0,0,8,0,0
Hyphomicrobiales,0,0,0,8,0,0
root,0,0,8,0,0,0
Insecta,8,0,0,0,0,0
root,4,4,0,0,0,0
root,0,0,8,0,0,0
root,0,0,8,0,0,0
root,0,0,8,0,0,0
root,0,0,8,0,0,0
root,0,0,8,0,0,0
root,8,0,0,0,0,0
root,8,0,0,0,0,0
root,8,0,0,0,0,0
root,8,0,0,0,0,0
root,8,0,0,0,0,0
root,0,0,0,8,0,0
Metazoa,0,0,0,0,0,8
Metazoa,0,0,0,0,8,0
Metazoa,0,8,0,0,0,0
Metazoa,0,8,0,0,0,0
root,0,8,0,0,0,0
root,0,0,0,0,0,8
Chlorophyceae,0,0,0,0,8,0
Firmicutes,0,0,0,0,8,0
root,0,8,0,0,0,0
root,0,0,0,0,8,0
root,0,0,0,0,8,0
root,0,0,0,0,0,8
root,0,0,0,0,0,8
root,0,0,0,0,0,8
root,0,0,0,0,0,8
root,0,8,0,0,0,0
root,0,8,0,0,0,0
root,0,8,0,0,0,0
root,0,0,9,0,0,0
root,0,0,0,0,0,9
root,0,4,5,0,0,0
Strombomonas,9,0,0,0,0,0
root,0,0,5,4,0,0
Strombomonas,0,0,9,0,0,0
root,0,0,0,0,0,9
root,9,0,0,0,0,0
Metazoa,0,0,9,0,0,0
root,0,0,9,0,0,0
Gomphonema,9,0,0,0,0,0
Chordata,0,0,9,0,0,0
Sphingomonadales,0,9,0,0,0,0
root,9,0,0,0,0,0
root,0,0,9,0,0,0
Spirochaetaceae,0,0,0,0,0,9
Euglenales,0,0,9,0,0,0
Clostridiaceae,4,0,0,5,0,0
Chlorophyceae,0,0,0,9,0,0
root,0,0,0,9,0,0
root,0,5,4,0,0,0
Cryptomonadaceae,0,0,0,0,9,0
root,0,0,0,0,0,9
root,0,0,0,0,0,9
Nephroselmis,0,0,0,0,9,0
Culex,9,0,0,0,0,0
Cryptomonas,0,0,9,0,0,0
Prolixibacteraceae,0,0,0,0,0,9
Oscillospiraceae,0,0,0,9,0,0
root,0,0,9,0,0,0
root,4,0,0,5,0,0
root,0,0,0,0,0,9
Chordata,9,0,0,0,0,0
Chordata,0,0,0,9,0,0
Metazoa,0,0,0,9,0,0
Eurotatoria,0,0,9,0,0,0
root,0,0,9,0,0,0
root,0,0,0,9,0,0
root,0,0,0,9,0,0
Arthropoda,9,0,0,0,0,0
root,9,0,0,0,0,0
root,9,0,0,0,0,0
root,9,0,0,0,0,0
root,0,0,0,9,0,0
root,0,0,0,0,9,0
Chordata,0,0,0,0,0,9
root,0,9,0,0,0,0
root,0,0,0,0,9,0
root,0,0,0,0,9,0
root,0,0,0,0,0,9
root,0,0,0,0,0,9
root,0,0,0,0,0,9
root,0,0,0,0,0,9
root,0,0,0,0,0,9
root,0,9,0,0,0,0
Chlorobiaceae,0,0,10,0,0,0
Euglenales,0,0,10,0,0,0
Diplostraca,0,0,0,10,0,0
Metazoa,6,0,4,0,0,0
Cytophagaceae,0,0,0,0,5,5
Euglenaceae,0,0,10,0,0,0
Gammaproteobacteria,10,0,0,0,0,0
Nais,6,0,4,0,0,0
root,10,0,0,0,0,0
root,0,0,10,0,0,0
root,4,0,0,0,0,6
root,0,4,6,0,0,0
root,0,0,4,6,0,0
root,5,0,5,0,0,0
root,0,0,10,0,0,0
Mallomonas_sp,5,0,5,0,0,0
root,0,0,10,0,0,0
root,0,0,0,10,0,0
root,0,0,10,0,0,0
root,6,0,4,0,0,0
root,0,0,0,0,0,10
root,4,0,6,0,0,0
root,6,4,0,0,0,0
Chordata,0,0,10,0,0,0
Rhantus_suturalis,0,10,0,0,0,0
root,0,0,0,5,0,5
root,0,0,0,0,4,6
Hyphomicrobiales,10,0,0,0,0,0
root,0,0,0,0,10,0
Chordata,0,0,0,0,10,0
root,5,0,0,5,0,0
root,0,0,0,0,10,0
Metazoa,0,0,10,0,0,0
Chordata,0,0,10,0,0,0
Chordata,0,0,10,0,0,0
Chordata,0,0,5,5,0,0
Chordata,0,0,5,0,0,5
Chordata,0,0,0,10,0,0
root,0,0,0,10,0,0
root,10,0,0,0,0,0
root,0,0,10,0,0,0
root,0,0,10,0,0,0
root,0,0,10,0,0,0
root,0,0,10,0,0,0
root,10,0,0,0,0,0
root,10,0,0,0,0,0
root,0,0,0,10,0,0
root,0,0,0,10,0,0
Metazoa,0,0,0,0,10,0
Hyphomicrobiales,0,10,0,0,0,0
root,0,0,0,0,10,0
root,0,0,0,0,5,5
root,0,0,0,0,10,0
root,0,0,0,0,10,0
root,0,0,0,0,0,10
root,0,10,0,0,0,0
Rubioideae,0,0,0,0,0,11
Chlamydomonadales,11,0,0,0,0,0
root,11,0,0,0,0,0
unclassified_Strombidium,4,0,0,7,0,0
Eurotatoria,0,0,11,0,0,0
Alphamonas,0,0,11,0,0,0
root,6,0,0,0,5,0
Pseudomonas,0,0,4,7,0,0
root,0,0,7,4,0,0
root,0,0,5,6,0,0
root,0,0,0,0,11,0
root,0,0,0,0,11,0
root,11,0,0,0,0,0
root,0,0,0,0,11,0
root,0,0,0,0,0,11
root,6,0,5,0,0,0
Sturnus_vulgaris,0,7,0,4,0,0
Geranium,0,0,0,11,0,0
Methylomonas,0,11,0,0,0,0
Butyricicoccus,0,11,0,0,0,0
root,0,11,0,0,0,0
root,0,0,11,0,0,0
root,0,0,0,0,11,0
Chordata,0,0,11,0,0,0
root,0,0,0,11,0,0
root,0,0,0,11,0,0
root,11,0,0,0,0,0
root,0,0,0,11,0,0
Artiodactyla,0,11,0,0,0,0
Chordata,0,0,0,0,0,11
root,0,0,0,0,0,11
Bacteroidetes,0,0,0,0,11,0
root,0,0,0,0,11,0
root,0,7,0,0,4,0
root,0,0,0,0,11,0
root,0,0,0,0,11,0
root,0,0,0,0,0,11
root,0,0,0,0,0,11
root,0,0,0,0,0,11
Myriophyllum,0,0,0,0,12,0
Euglenaceae,0,0,12,0,0,0
unclassified_Strombidium,12,0,0,0,0,0
root,0,0,12,0,0,0
Spumella_like_flagellate_JB,0,0,0,7,0,5
Metazoa,0,0,0,12,0,0
root,8,0,0,0,0,4
root,8,0,4,0,0,0
Metazoa,0,6,0,0,0,6
root,0,4,0,8,0,0
Metazoa,8,0,0,0,4,0
Physella_acuta,7,0,0,5,0,0
Hyphomicrobiales,0,0,0,0,12,0
root,0,7,0,0,5,0
Galium,0,0,12,0,0,0
Collodictyon,0,0,4,8,0,0
Metazoa,0,12,0,0,0,0
Alphaproteobacteria,0,0,0,12,0,0
Anguilla_australis,0,0,0,12,0,0
Phormium_tenax,12,0,0,0,0,0
Chloromonas,0,0,12,0,0,0
Spirochaetaceae,0,7,5,0,0,0
root,0,0,0,0,0,12
root,0,0,12,0,0,0
root,0,8,0,4,0,0
root,0,0,0,0,7,5
Chordata,0,0,0,0,0,12
root,0,0,0,0,12,0
root,0,0,12,0,0,0
root,0,0,12,0,0,0
root,0,0,12,0,0,0
root,12,0,0,0,0,0
root,0,0,0,0,12,0
Metazoa,0,0,0,0,0,12
root,0,12,0,0,0,0
root,0,0,0,0,12,0
root,0,0,0,0,12,0
root,0,0,0,0,12,0
root,0,0,0,0,12,0
root,0,0,0,0,0,12
root,0,0,0,0,0,12
root,0,0,0,0,0,12
root,0,12,0,0,0,0
Chlamydomonadales,13,0,0,0,0,0
Filinia,0,0,7,0,0,6
Metazoa,0,0,0,13,0,0
root,0,0,13,0,0,0
Microbacteriaceae,0,13,0,0,0,0
Asteroideae,0,0,13,0,0,0
Bradyrhizobiaceae,0,6,0,0,0,7
Chaetonotidae,0,0,0,13,0,0
Methylophilaceae,0,13,0,0,0,0
unclassified_Paraphysomonas,0,0,0,13,0,0
Oscillospiraceae,0,0,7,6,0,0
root,0,0,13,0,0,0
root,0,0,8,5,0,0
root,8,0,5,0,0,0
root,13,0,0,0,0,0
Chordata,0,13,0,0,0,0
Azolla_pinnata_subsp_pinnata,0,0,0,0,13,0
root,0,0,0,0,13,0
Chordata,0,0,13,0,0,0
Chordata,0,0,13,0,0,0
Metazoa,0,0,0,0,0,13
root,6,0,0,0,0,7
Pooideae,0,0,0,0,0,13
Spirochaetaceae,0,0,0,0,0,13
root,0,0,0,13,0,0
root,13,0,0,0,0,0
root,0,0,13,0,0,0
Chordata,0,0,0,0,0,13
root,0,0,0,0,0,13
root,0,13,0,0,0,0
root,0,0,0,13,0,0
root,4,0,9,0,0,0
root,0,0,13,0,0,0
root,0,0,0,13,0,0
Chordata,0,13,0,0,0,0
root,0,0,0,0,13,0
root,0,0,0,0,0,13
root,0,0,14,0,0,0
Metazoa,0,4,5,5,0,0
root,6,0,8,0,0,0
Roseiarcus,0,14,0,0,0,0
Arthropoda,6,4,0,4,0,0
Acetobacteraceae,6,0,0,8,0,0
root,0,0,0,0,6,8
root,0,0,4,10,0,0
root,14,0,0,0,0,0
root,14,0,0,0,0,0
Chordata,0,0,14,0,0,0
root,6,0,0,8,0,0
root,8,0,0,6,0,0
Dinobryon,14,0,0,0,0,0
Stenostomum,0,0,0,0,0,14
Scotinosphaera,0,0,0,14,0,0
Rubiaceae,14,0,0,0,0,0
root,0,0,0,0,0,14
root,0,0,14,0,0,0
Metazoa,14,0,0,0,0,0
Metazoa,7,0,0,0,7,0
root,0,0,14,0,0,0
Metazoa,0,0,5,9,0,0
Chordata,14,0,0,0,0,0
Chordata,0,0,0,14,0,0
root,0,0,0,7,0,7
Acidobacteria,14,0,0,0,0,0
root,0,0,0,0,0,14
root,0,0,14,0,0,0
root,0,0,14,0,0,0
root,7,0,0,0,7,0
Chordata,0,14,0,0,0,0
root,0,14,0,0,0,0
root,0,14,0,0,0,0
root,0,0,0,0,14,0
root,0,5,0,0,0,9
root,0,0,0,0,0,14
root,0,0,15,0,0,0
Metazoa,0,0,15,0,0,0
root,6,9,0,0,0,0
Chaetonotus,0,0,0,15,0,0
root,0,0,0,0,0,15
root,0,6,9,0,0,0
Chordata,0,0,15,0,0,0
Spumella_like_flagellate_JB,4,0,11,0,0,0
root,5,6,0,4,0,0
root,0,0,0,0,0,15
Arthropoda,10,5,0,0,0,0
root,10,0,5,0,0,0
Spirotrichea,0,0,0,0,15,0
root,11,0,0,0,0,4
root,5,6,0,4,0,0
root,8,0,7,0,0,0
root,0,0,10,5,0,0
Bromus,15,0,0,0,0,0
Ranunculus,0,0,15,0,0,0
Carex,8,0,0,0,0,7
Scotinosphaera,0,0,15,0,0,0
root,0,0,6,9,0,0
root,11,0,0,0,4,0
Spumella_like_flagellate_JB,0,0,11,4,0,0
root,15,0,0,0,0,0
Dinophyceae,8,0,0,7,0,0
root,0,15,0,0,0,0
root,0,15,0,0,0,0
Chordata,0,0,0,15,0,0
root,15,0,0,0,0,0
root,0,0,0,15,0,0
Crepidinae,11,0,0,0,4,0
root,15,0,0,0,0,0
Chordata,0,15,0,0,0,0
Eurotatoria,0,0,0,0,15,0
root,0,0,0,0,0,15
Chlorophyta,10,0,0,6,0,0
Malpighiales,0,0,16,0,0,0
Myriophyllum,0,0,4,12,0,0
Metazoa,0,0,0,16,0,0
root,16,0,0,0,0,0
Chordata,0,0,0,0,0,16
root,0,0,16,0,0,0
root,0,4,8,4,0,0
root,0,5,0,0,7,4
root,0,0,0,0,11,5
Anas_chlorotis_or_gracilis,0,0,0,8,8,0
Metazoa,0,0,6,5,5,0
root,0,16,0,0,0,0
Geranium,0,0,0,0,16,0
Ciliophora,0,9,7,0,0,0
Micrococcales,16,0,0,0,0,0
root,10,0,6,0,0,0
Metazoa,0,0,0,0,0,16
root,0,4,0,0,12,0
root,0,5,0,0,11,0
Spirochaetaceae,16,0,0,0,0,0
root,0,0,0,16,0,0
root,16,0,0,0,0,0
root,16,0,0,0,0,0
root,7,0,9,0,0,0
root,0,0,16,0,0,0
root,16,0,0,0,0,0
root,0,0,0,16,0,0
root,0,0,0,16,0,0
Metazoa,0,0,0,0,0,16
Chlamydomonadales,0,0,0,0,0,16
root,0,0,0,0,0,16
root,0,0,0,0,0,16
root,0,0,0,0,0,16
Metazoa,11,0,0,6,0,0
root,17,0,0,0,0,0
root,0,0,0,4,0,13
Ludwigia,0,0,0,0,0,17
Gammaproteobacteria,0,0,0,5,0,12
Metazoa,0,0,0,17,0,0
Metazoa,0,6,0,11,0,0
Chitinophagaceae,0,11,0,0,6,0
Trebouxiophyceae,17,0,0,0,0,0
root,11,0,0,0,6,0
Arthropoda,0,0,0,0,0,17
Chordata,17,0,0,0,0,0
root,0,0,17,0,0,0
root,0,0,17,0,0,0
root,4,0,0,0,0,13
root,17,0,0,0,0,0
root,0,0,0,0,17,0
root,0,0,0,0,0,17
root,0,0,18,0,0,0
Gomphonema,0,4,9,5,0,0
root,6,0,12,0,0,0
root,0,6,0,12,0,0
Alphaproteobacteria,0,4,0,0,7,7
Rhodospirillales,0,0,0,18,0,0
Tubificinae,0,0,0,0,0,18
root,0,7,0,6,0,5
Eurotatoria,0,0,18,0,0,0
Eukaryota,0,0,18,0,0,0
root,6,0,0,12,0,0
root,18,0,0,0,0,0
Eurotatoria,18,0,0,0,0,0
root,14,0,0,0,0,4
Chordata,0,0,0,18,0,0
Cryptomonadaceae,10,0,0,0,8,0
root,9,0,9,0,0,0
root,9,0,0,9,0,0
root,18,0,0,0,0,0
Insecta,12,0,0,6,0,0
root,0,5,0,9,4,0
root,0,0,18,0,0,0
Anthoxanthum,0,0,0,0,0,18
Pinus,0,0,0,0,18,0
Chaetonotidae,8,0,10,0,0,0
root,18,0,0,0,0,0
root,0,0,8,10,0,0
Chordata,0,0,18,0,0,0
root,18,0,0,0,0,0
root,0,0,0,18,0,0
root,0,0,0,0,18,0
root,0,0,0,0,0,18
Dileptidae,0,0,0,0,0,19
root,0,0,8,6,5,0
Metazoa,0,0,11,0,0,8
Chaetonotidae,0,0,0,11,0,8
root,19,0,0,0,0,0
root,0,14,5,0,0,0
Pedinellales,11,0,8,0,0,0
Chromatiaceae,0,0,12,0,7,0
root,6,0,13,0,0,0
root,0,5,0,0,5,9
root,13,0,0,6,0,0
Metazoa,0,8,11,0,0,0
Vorticellidae,0,0,0,19,0,0
root,0,19,0,0,0,0
root,0,0,0,0,19,0
Metazoa,0,0,19,0,0,0
Chlorophyceae,19,0,0,0,0,0
root,0,0,0,19,0,0
Metazoa,0,4,0,0,11,4
Chordata,0,0,0,0,0,19
root,0,0,0,0,19,0
root,0,0,0,0,19,0
Euglenales,6,0,0,10,4,0
Anas_platyrhynchos,20,0,0,0,0,0
root,0,0,0,0,0,20
root,0,8,12,0,0,0
Cryptomonadaceae,0,0,12,8,0,0
root,0,5,6,0,9,0
Metazoa,20,0,0,0,0,0
root,0,0,0,20,0,0
Insecta,4,0,10,0,0,6
root,4,0,16,0,0,0
root,0,0,12,0,0,8
root,20,0,0,0,0,0
root,0,10,0,0,10,0
root,0,0,20,0,0,0
Chydorus_brevilabris,10,0,0,10,0,0
Metazoa,9,0,4,7,0,0
Vorticella,10,0,0,0,10,0
root,0,0,0,20,0,0
Chordata,0,20,0,0,0,0
Aves,20,0,0,0,0,0
Chordata,0,0,20,0,0,0
Metazoa,0,0,0,20,0,0
root,0,0,0,20,0,0
root,0,0,0,0,0,20
Chlorophyceae,14,0,7,0,0,0
Eukaryota,0,0,0,21,0,0
root,0,7,4,0,10,0
root,0,0,12,9,0,0
Cryptomonadaceae,0,0,9,12,0,0
root,10,0,0,11,0,0
Chordata,6,0,0,4,0,11
Lepadella,0,0,21,0,0,0
root,0,8,0,4,9,0
Spirotrichea,21,0,0,0,0,0
root,0,8,0,4,0,9
Chlorococcaceae,21,0,0,0,0,0
Ciliophora,0,0,0,12,9,0
root,0,6,0,0,10,5
Chlorophyta,21,0,0,0,0,0
root,21,0,0,0,0,0
root,0,0,15,6,0,0
root,0,16,0,0,5,0
Metazoa,21,0,0,0,0,0
root,0,0,21,0,0,0
Chrysophyceae,0,0,11,10,0,0
root,21,0,0,0,0,0
root,21,0,0,0,0,0
root,0,0,0,0,0,21
root,0,0,6,0,9,7
root,0,6,5,0,4,7
root,0,22,0,0,0,0
root,9,0,0,13,0,0
Metazoa,6,0,16,0,0,0
Eurotatoria,0,22,0,0,0,0
root,5,0,0,5,12,0
root,0,0,0,0,0,22
root,0,0,22,0,0,0
Chordata,0,22,0,0,0,0
root,0,0,0,0,0,22
root,0,0,0,0,22,0
Euglenaceae,7,0,12,4,0,0
Cryptomonadaceae,0,0,12,11,0,0
Eurotatoria,0,9,0,0,14,0
root,4,0,11,8,0,0
Ludwigia,0,0,0,23,0,0
Firmicutes,4,0,0,9,5,5
Tribonematales,0,7,5,11,0,0
Ruminiclostridium,10,0,0,0,0,13
Kinetoplastea,15,0,8,0,0,0
Monomastix_minuta,23,0,0,0,0,0
Chloromonas,0,0,23,0,0,0
Metazoa,14,9,0,0,0,0
root,23,0,0,0,0,0
root,23,0,0,0,0,0
Eurotatoria,24,0,0,0,0,0
root,7,0,10,7,0,0
Gammaproteobacteria,24,0,0,0,0,0
Limnophyes,10,0,5,9,0,0
root,4,9,0,0,7,4
Spumella_like_flagellate_JB,9,0,9,6,0,0
environmental_samples,13,0,5,6,0,0
Chrysophyceae,12,0,0,12,0,0
Pedinellales,16,0,0,0,0,8
root,0,0,20,4,0,0
root,0,0,24,0,0,0
root,0,0,0,24,0,0
Chlorophyceae,8,0,0,0,0,16
root,16,0,0,0,0,8
root,0,4,0,0,16,4
root,0,0,0,0,0,24
Rhodoblastus,0,0,0,25,0,0
unclassified_Paraphysomonas,12,0,0,13,0,0
Naididae,18,0,0,7,0,0
Chordata,0,25,0,0,0,0
root,25,0,0,0,0,0
root,0,0,0,0,0,25
root,0,0,0,0,26,0
Burkholderiales_genera_incertae_sedis,7,19,0,0,0,0
root,6,0,12,8,0,0
root,0,0,0,5,14,7
Metazoa,21,0,0,5,0,0
unclassified_Cyclops,0,12,0,0,0,14
root,13,0,9,4,0,0
root,0,0,0,4,12,10
root,8,5,0,13,0,0
root,26,0,0,0,0,0
root,0,0,12,14,0,0
root,0,10,0,0,16,0
Euthyneura,12,0,0,14,0,0
Gambusia_affinis,0,26,0,0,0,0
Sturnidae,0,0,26,0,0,0
Ciliophora,27,0,0,0,0,0
Phacus,0,0,0,27,0,0
Viridiplantae,0,0,0,27,0,0
Gambusia_affinis,12,0,0,11,0,4
root,0,0,27,0,0,0
Flavobacterium,0,0,27,0,0,0
Metazoa,0,0,0,8,0,19
Alphamonas,5,0,22,0,0,0
root,5,0,13,0,0,9
root,11,0,0,6,4,6
root,12,0,5,10,0,0
Suessiales,0,0,27,0,0,0
root,0,0,0,27,0,0
Chordata,0,27,0,0,0,0
root,8,0,13,0,7,0
root,9,0,19,0,0,0
root,0,4,0,0,19,5
root,0,0,8,0,15,5
root,0,13,0,0,10,5
Iris,28,0,0,0,0,0
root,0,0,28,0,0,0
root,22,0,0,0,0,6
root,0,0,28,0,0,0
root,11,0,0,12,5,0
root,13,0,0,0,4,11
root,0,6,0,0,9,13
Phaeophyceae,0,0,16,13,0,0
Euglenaceae,7,0,22,0,0,0
Metazoa,5,5,10,5,0,4
root,0,7,0,15,0,7
root,14,0,15,0,0,0
Metazoa,4,0,25,0,0,0
root,15,6,0,0,8,0
Passeriformes,29,0,0,0,0,0
Spirotrichea,15,0,0,14,0,0
root,0,0,0,0,29,0
Cygnus_atratus,12,9,0,9,0,0
root,4,0,13,7,6,0
root,0,4,9,13,4,0
root,0,0,0,0,30,0
Cryptomonadaceae,13,9,0,0,0,8
root,0,0,0,5,19,6
Chordata,0,0,30,0,0,0
Mallomonas,5,0,18,8,0,0
root,21,0,0,10,0,0
root,10,0,8,9,0,4
Diplostraca,7,0,4,20,0,0
root,4,7,0,20,0,0
root,10,0,13,8,0,0
Metazoa,16,9,6,0,0,0
root,0,31,0,0,0,0
root,22,0,0,10,0,0
Chironomus_cloacalis,15,4,8,5,0,0
root,0,0,4,0,23,5
Chlamydomonas,0,0,32,0,0,0
Chordata,0,0,0,32,0,0
root,0,17,0,0,0,15
root,0,0,0,0,0,32
root,17,0,16,0,0,0
Bacteroidetes,0,9,5,7,0,12
Spirochaeta,0,7,0,15,11,0
root,16,0,0,7,0,10
root,0,0,33,0,0,0
root,0,0,33,0,0,0
Pristina,0,0,5,9,5,14
root,0,5,17,0,4,7
Ploima,0,7,16,11,0,0
Mallomonas,14,4,7,5,0,4
Chaetonotus,0,0,0,34,0,0
Trachelomonas,9,0,25,0,0,0
root,4,0,8,0,22,0
Chlorophyceae,0,0,34,0,0,0
Desulfuromonadaceae,0,0,34,0,0,0
Alnus,0,0,0,0,20,14
root,0,0,34,0,0,0
root,27,0,0,7,0,0
Chordata,0,34,0,0,0,0
root,0,34,0,0,0,0
root,0,0,0,0,0,34
Azonexaceae,9,0,26,0,0,0
Magnoliopsida,0,0,0,35,0,0
root,0,35,0,0,0,0
root,8,0,0,6,21,0
root,0,8,23,0,4,0
Prunella_modularis,35,0,0,0,0,0
Poeae,0,0,35,0,0,0
root,35,0,0,0,0,0
root,0,35,0,0,0,0
root,0,0,16,5,0,15
root,6,13,0,0,5,12
Weeksellaceae,6,7,11,7,0,5
root,16,0,13,7,0,0
root,0,14,0,0,11,11
Metazoa,0,0,27,5,4,0
Lauraceae,19,0,17,0,0,0
root,26,0,0,11,0,0
root,0,12,15,0,0,10
root,14,0,10,8,5,0
root,8,0,0,25,4,0
root,0,21,0,0,0,16
Holophagaceae,0,14,0,7,0,16
root,13,0,11,0,9,5
Metazoa,0,0,0,0,0,38
Chitinophagaceae,0,6,32,0,0,0
Chordata,0,0,38,0,0,0
root,23,0,0,15,0,0
root,5,15,0,4,0,14
root,10,0,4,14,10,0
root,13,4,5,12,0,4
Chlorophyceae,0,0,31,0,0,7
Insecta,0,38,0,0,0,0
Stentor,0,13,9,11,0,6
root,0,6,0,11,0,22
root,10,0,18,11,0,0
Mugil_cephalus,0,0,0,39,0,0
Solanoideae,0,0,0,39,0,0
Anatidae,39,0,0,0,0,0
Chordata,18,21,0,0,0,0
Persicaria,27,0,0,0,13,0
Metazoa,0,25,0,15,0,0
Chordata,5,0,20,15,0,0
root,12,10,4,7,7,0
root,20,6,0,6,0,8
Pooideae,40,0,0,0,0,0
Nais,0,5,8,10,0,18
Xanthophyceae,20,0,13,0,8,0
Viridiplantae,0,0,41,0,0,0
root,5,8,15,0,5,8
root,0,41,0,0,0,0
Spirotrichea,0,16,0,0,0,26
root,10,0,0,32,0,0
root,16,0,22,4,0,0
Paracyclops_fimbriatus,0,0,32,10,0,0
root,10,0,0,0,32,0
Octolasion_lacteum,10,0,0,18,0,15
Vorticella,8,0,9,0,0,26
Eurotatoria,0,0,43,0,0,0
Chrysophyceae,7,6,21,9,0,0
root,16,9,12,6,0,0
Chordata,0,43,0,0,0,0
root,0,18,0,0,20,5
root,0,4,8,4,11,17
root,0,11,26,7,0,0
Ciliophora,10,16,18,0,0,0
root,6,0,0,0,0,38
root,9,9,26,0,0,0
Euteleostomi,0,0,0,44,0,0
Eurotatoria,0,0,29,16,0,0
root,0,10,0,11,16,8
root,9,17,0,9,10,0
Chordata,0,0,0,45,0,0
Metazoa,0,0,22,0,16,7
Anguilla,0,0,0,45,0,0
root,0,0,45,0,0,0
Chordata,33,0,13,0,0,0
Viridiplantae,46,0,0,0,0,0
Chordata,0,46,0,0,0,0
root,0,6,0,0,40,0
Stentor,0,18,0,6,0,23
Ploima,0,7,24,16,0,0
root,35,0,0,12,0,0
root,11,6,9,15,6,0
Metazoa,17,0,7,5,18,0
root,0,0,0,47,0,0
Chordata,0,0,0,0,0,47
root,0,8,0,0,39,0
Phacus,0,0,0,42,6,0
root,12,29,0,7,0,0
root,15,0,0,10,0,23
Metazoa,12,0,26,10,0,0
root,0,13,0,0,8,27
root,0,0,48,0,0,0
Actinomycetia,9,10,7,0,9,14
Ilumatobacteraceae,13,14,4,0,12,6
root,0,30,0,19,0,0
Pinnularia,12,6,8,12,5,7
root,0,0,32,18,0,0
Metazoa,0,0,25,25,0,0
root,5,0,26,15,0,4
root,7,0,30,9,0,4
Coleochaete,40,0,0,5,0,5
root,7,5,0,22,4,12
root,0,0,32,0,0,18
Euglenales,11,0,26,13,0,0
Chlorophyceae,6,0,21,13,0,11
Oedogoniaceae,12,0,0,28,0,11
Metazoa,0,0,42,9,0,0
Chitinophagaceae,0,17,34,0,0,0
Ciliophora,19,0,4,22,0,6
Metazoa,0,0,13,38,0,0
root,5,21,0,4,15,6
root,11,7,15,18,0,0
Chaetonotidae,6,17,8,20,0,0
Bodo,0,7,0,32,7,5
root,0,0,0,31,0,20
root,0,0,39,12,0,0
Chlamydomonadales,0,0,45,6,0,0
root,5,5,24,14,4,0
root,34,7,11,0,0,0
Metazoa,8,8,16,10,0,10
Thiodictyon,0,29,15,0,9,0
root,15,5,20,7,6,0
root,12,0,22,14,0,5
root,0,9,39,0,0,5
root,21,0,0,27,0,5
Pandorina_morum,32,0,9,7,0,6
Phacus,8,0,0,27,7,12
Ludwigia,30,0,12,12,0,0
root,0,0,21,0,33,0
Plantago,37,0,12,0,0,5
Dactylis_glomerata,54,0,0,0,0,0
root,0,0,18,23,0,13
root,0,0,54,0,0,0
Geothrix,0,18,27,0,10,0
Chitinophagaceae,0,9,18,8,8,12
Zosterops_lateralis,47,0,8,0,0,0
root,15,0,35,5,0,0
root,20,11,7,17,0,0
Neochanna_diversus,0,29,27,0,0,0
Ciliophora,16,14,0,15,11,0
Gammaproteobacteria,0,16,8,0,4,28
Anguilla,0,0,0,0,0,56
Rhodobacteraceae,0,19,17,9,7,5
root,0,0,57,0,0,0
Asteraceae,0,0,0,47,0,11
Chlamydomonas,46,0,7,5,0,0
Chlorophyceae,15,0,0,35,0,8
Insecta,58,0,0,0,0,0
Euglenaceae,0,4,30,25,0,0
Holophrya,24,0,14,11,0,10
Microbacteriaceae,16,0,0,0,0,43
root,33,0,0,15,0,11
root,10,4,10,31,4,0
root,0,0,31,12,9,7
Proteobacteria,18,0,10,32,0,0
Actinomycetia,0,16,0,11,18,15
root,15,0,15,10,8,12
root,7,12,19,22,0,0
Metazoa,15,0,13,9,6,17
root,0,6,11,22,9,12
root,0,16,16,11,6,12
Mugil,61,0,0,0,0,0
Cryptomonas,13,7,11,20,10,0
root,25,21,0,0,9,6
Metazoa,10,7,12,14,10,8
Anguilla_australis,17,6,16,15,0,8
Insecta,16,0,0,13,0,33
Chlorophyceae,0,0,18,37,7,0
root,0,0,62,0,0,0
root,0,62,0,0,0,0
Vorticella,63,0,0,0,0,0
Polygonoideae,0,0,13,37,13,0
root,6,7,28,12,10,0
Synchaeta,63,0,0,0,0,0
root,27,0,19,14,4,0
root,0,0,53,0,0,11
root,54,0,0,0,10,0
Methylomonas,0,9,45,0,11,0
Hexanauplia,36,0,10,20,0,0
root,0,0,0,0,17,49
Dinobryon,33,20,0,5,0,8
Euglenaceae,0,9,22,10,9,16
Plantago,12,0,8,21,25,0
Chrysophyceae,11,0,44,11,0,0
root,6,0,22,16,8,14
50_kb_inversion_clade,66,0,0,0,0,0
Cypriniformes,0,0,66,0,0,0
root,28,9,4,14,4,9
Poaceae,36,0,0,32,0,0
root,68,0,0,0,0,0
root,23,4,21,21,0,0
Synchaetidae,29,0,14,20,7,0
Oedogonium_sp_Lake_Mendota,35,0,16,10,0,9
root,10,9,17,22,12,0
Metazoa,39,19,4,0,0,9
root,26,12,6,20,0,7
Crocinitomicaceae,0,15,31,0,0,25
root,28,0,13,0,30,0
root,0,0,46,8,9,8
Chlorophyta,26,16,4,26,0,0
root,28,14,0,24,6,0
Rotaria_rotatoria,0,0,61,0,11,0
root,7,7,13,25,14,7
Lumbriculidae,42,0,5,19,0,7
Crocinitomicaceae,8,14,9,10,15,18
root,0,8,7,46,0,13
Bidens_pilosa,25,7,0,30,0,12
Ulvophyceae,46,0,12,12,5,0
Lumbriculidae,31,5,11,17,11,0
root,0,0,0,16,48,11
Chlamydomonadales,63,0,13,0,0,0
Euglenales,19,0,0,11,14,32
root,0,0,0,27,25,24
Euglenaceae,6,31,27,13,0,0
root,0,15,0,0,27,35
Gambusia_affinis,0,0,0,77,0,0
Chlamydomonadales,0,0,62,16,0,0
root,5,4,41,14,14,0
Rubiaceae,36,0,0,0,42,0
Ciliophora,21,0,29,28,0,0
Cyprinus_rubrofuscus,24,11,8,25,4,7
Chrysophyceae,16,0,45,18,0,0
Viridiplantae,0,0,39,40,0,0
root,12,12,20,13,16,6
root,14,11,17,20,8,10
Limnodrilus_hoffmeisteri,23,24,23,0,4,7
root,0,12,0,0,45,24
Ciliophora,34,8,0,26,14,0
root,13,17,8,36,0,8
Armophorea,35,10,9,6,15,10
root,27,0,26,16,5,11
root,13,11,23,16,17,5
root,4,27,19,0,27,8
root,0,6,0,47,33,0
Daphnia_obtusa_group_sp_3_EUR,27,6,0,34,11,8
root,0,0,57,29,0,0
root,0,0,0,0,86,0
root,87,0,0,0,0,0
root,0,0,87,0,0,0
Phacus,6,0,0,60,13,9
Coprosma,0,0,0,0,0,88
Metazoa,21,24,0,15,6,22
Persicaria,35,24,30,0,0,0
Polygonoideae,0,0,0,26,0,64
root,4,11,41,28,0,6
root,22,23,0,29,16,0
root,23,10,28,15,7,7
Spirotrichea,31,12,15,11,0,22
Chlorophyta,27,0,36,21,7,0
root,22,23,17,0,4,25
root,0,8,0,0,74,9
Euteleostomi,0,0,0,91,0,0
root,60,16,0,16,0,0
root,63,8,15,0,0,6
Pooideae,0,0,50,0,0,43
root,5,14,28,12,26,9
Chordata,0,0,45,41,0,8
root,35,0,0,5,8,47
Naididae,33,0,0,49,7,8
root,0,0,0,0,0,97
Filinia,11,0,11,32,0,44
Cryptomonas,25,6,13,28,6,20
Fabaceae,0,0,0,0,66,33
Ciliophora,27,20,5,25,5,18
root,0,0,14,0,70,16
Ranoidea_aurea,0,0,45,55,0,0
Synchaetidae,43,0,25,9,9,15
root,33,4,35,26,0,4
Rotaria_rotatoria,5,9,24,57,0,7
root,0,13,0,0,52,37
Reichenbachiellaceae,16,19,27,19,8,17
root,22,8,40,25,12,0
Coprosma,107,0,0,0,0,0
Rhodospirillales,36,27,0,15,0,29
root,17,0,52,12,9,18
root,0,18,61,14,16,0
Spirotrichea,45,12,19,14,0,22
root,10,20,5,0,40,37
root,0,0,29,29,55,0
root,32,7,33,29,6,7
Pedinellales,19,7,39,31,13,5
root,22,37,8,22,7,19
root,0,0,0,0,115,0
Bacteroidetes,17,28,43,0,14,14
Holophrya,43,13,0,22,19,19
root,7,4,60,26,11,9
Vorticella,0,0,48,63,7,0
root,54,11,17,27,6,4
Vacuolariaceae,17,0,73,22,7,0
root,19,17,33,28,5,17
Chitinophagaceae,10,26,26,16,17,24
Chordata,0,0,119,0,0,0
Eurotatoria,16,25,16,29,6,28
Burkholderiales,18,17,0,46,19,20
root,0,0,20,73,0,28
Polynucleobacter,0,66,0,0,0,56
Hexanauplia,49,0,45,29,0,0
Vorticella,0,0,44,79,0,0
Metazoa,0,123,0,0,0,0
Spirotrichea,0,55,0,43,26,0
Pooideae,0,0,0,48,48,29
root,35,14,43,33,0,0
Arthropoda,0,0,0,0,0,125
Chlorophyceae,54,0,58,14,0,0
Limnodrilus_hoffmeisteri,0,0,9,87,18,12
root,22,0,72,18,10,5
root,42,14,26,25,7,14
root,0,0,0,0,129,0
Metazoa,0,55,0,0,0,75
root,35,15,27,45,0,10
Bacteroidetes,19,44,32,28,9,0
Lemna_minor,92,0,0,41,0,0
root,0,31,18,0,53,31
Ciliophora,41,34,14,23,9,13
Bos_taurus,0,0,44,62,8,21
root,6,27,16,18,32,36
root,6,55,0,14,32,29
root,20,28,13,14,35,27
Cochliopodium,36,26,24,37,0,15
root,22,15,42,22,15,23
Rubioideae,44,67,0,15,0,13
Spirotrichea,22,27,0,40,16,36
Betaproteobacteria,25,33,29,18,10,26
root,34,28,41,23,11,4
Viridiplantae,110,0,0,0,11,21
root,34,10,53,27,14,4
root,21,5,59,42,11,5
root,20,20,30,37,28,9
root,50,12,19,40,9,15
root,35,15,34,32,13,16
root,39,21,27,24,23,13
Crocinitomicaceae,19,35,30,29,8,27
root,21,0,0,0,0,127
Viridiplantae,82,0,28,29,4,6
Loteae,10,0,19,100,20,0
root,37,39,17,17,23,17
Spirotrichea,44,38,18,10,14,26
Euglenaceae,24,7,61,31,12,17
root,31,25,0,10,32,54
Anguilla_australis,72,32,0,0,34,14
Spirotrichea,86,0,0,46,0,21
Chordata,0,0,154,0,0,0
Desulfuromonadales,0,62,53,0,42,0
Paraphysomonas_sp,54,17,14,36,15,21
root,39,8,38,59,13,0
Rhodoluna,29,25,24,31,27,22
Chlorophyceae,54,16,12,46,7,23
Ciliophora,51,39,0,30,0,40
root,50,15,47,38,4,10
root,44,19,25,38,23,15
Chlorophyta,0,0,165,0,0,0
root,67,13,36,30,0,21
Arcobacter_group,8,44,19,23,31,43
Metazoa,71,7,18,59,0,13
Spirotrichea,50,15,12,32,40,19
root,38,20,52,39,9,11
root,39,0,35,29,66,0
Metazoa,0,38,117,4,13,0
Metazoa,90,34,0,48,0,0
root,33,25,39,37,18,20
Gambusia_affinis,50,21,12,33,24,34
Naididae,34,28,41,64,0,10
root,49,25,17,48,14,24
root,50,17,67,28,7,9
root,12,33,23,0,93,17
Microcarbo_melanoleucos,100,22,0,0,0,58
root,44,36,27,49,9,15
Cryptomonadaceae,38,0,89,48,4,4
Anguilla_australis,31,24,33,42,31,26
Metazoa,0,24,0,0,72,94
Chamaedrilus,65,41,25,23,15,22
Luna_1_subcluster,46,41,9,17,26,52
Metazoa,34,17,13,55,55,17
root,57,0,65,49,21,0
root,44,36,25,44,25,20
Vorticella,44,27,20,90,19,0
Spirotrichea,85,18,0,46,24,27
Metazoa,98,10,57,0,8,28
Cygnus_atratus,25,26,15,134,4,4
root,45,28,55,43,22,15
Anas_platyrhynchos,48,44,34,41,25,17
Vorticella,50,34,50,76,0,0
Proteobacteria,29,27,22,36,48,48
Naididae,78,31,0,80,0,25
root,20,27,0,47,75,46
Spirotrichea,138,26,0,52,0,0
Culex,79,21,18,52,12,36
root,48,54,60,49,0,16
root,28,67,44,0,52,37
Chlamydomonadales,184,0,0,21,0,25
root,37,50,39,32,25,49
root,52,16,89,48,21,8
root,64,29,59,66,0,16
Betaproteobacteria,43,35,40,40,39,44
Spirotrichea,72,36,41,46,21,26
root,11,136,87,0,0,8
root,67,34,29,53,11,49
Carassius_auratus,0,0,87,0,159,0
root,164,0,0,10,72,0
Spirogyra,185,0,9,29,10,14
root,48,24,78,52,26,21
Flavobacterium,21,45,77,23,43,41
root,252,0,0,0,0,0
Metazoa,45,34,28,62,33,53
Chromulinospumella_sphaerica,65,36,48,56,32,19
Polygoneae,85,0,40,109,24,0
root,30,23,20,42,114,29
root,60,15,66,54,36,31
Metazoa,39,10,112,101,0,0
root,65,37,64,47,33,19
Chlamydomonadales,88,0,97,54,0,30
Physella_acuta,78,45,55,28,40,28
Spirotrichea,103,58,16,0,55,43
root,78,38,50,67,25,19
root,33,37,95,23,91,0
Paludibacter,35,64,80,33,28,43
Cryptomonadaceae,62,27,117,48,13,17
root,55,40,64,68,35,23
root,92,51,58,86,0,0
Naidinae,86,27,55,82,39,0
root,29,12,141,17,79,18
Asparagales,42,20,48,134,26,39
Micrococcales,47,74,32,52,61,43
Chrysophyceae,77,28,75,84,17,33
Carassius_auratus,0,0,0,253,64,0
Metazoa,75,0,14,17,19,196
root,0,0,0,312,0,11
Chrysophyceae,80,24,118,71,15,29
root,68,44,61,70,38,57
unclassified_Vorticella,10,7,64,240,0,19
root,0,0,0,342,0,0
Gammaproteobacteria,30,43,75,47,62,86
Nitzschia,81,34,100,60,15,54
Physella_acuta,138,22,33,107,0,45
root,121,22,65,75,26,37
root,10,0,231,34,56,18
Metazoa,35,23,76,95,47,79
Porphyrio_melanotus,0,29,5,295,0,27
Hypotrichidium,62,70,51,93,28,56
Gambusia_affinis,215,71,0,0,86,0
Chamaedrilus,121,76,56,43,36,43
root,81,53,61,73,51,61
root,67,53,57,57,67,81
Metazoa,198,23,0,0,100,63
Cryptomonas,83,38,134,83,23,39
Dechloromonas,53,104,121,43,50,37
root,90,23,135,95,41,24
Hypotrichidium,43,105,58,61,53,96
Chlamydomonadales,202,0,71,92,0,53
root,89,44,129,90,34,33
root,81,48,118,87,63,28
Chrysophyceae,97,33,115,84,48,59
Cryptomonas,96,12,167,112,24,32
Malikia,61,54,59,119,81,71
root,117,58,106,105,31,30
Saliceae,120,0,55,108,102,67
root,87,52,126,111,51,31
Spirotrichea,121,72,0,66,141,64
root,229,12,27,57,37,122
root,0,0,502,0,0,0
Betaproteobacteria,74,80,56,124,105,71
Panicoideae,150,26,0,187,97,56
root,113,65,77,159,38,72
Geobacter,101,94,153,68,44,66
Cyprinus_rubrofuscus,134,105,64,75,65,85
root,114,42,165,145,35,41
Euglenales,82,39,18,227,83,97
Asparagaceae,179,48,41,116,51,124
root,118,58,151,149,48,42
Chlorophyceae,0,16,417,113,7,14
root,133,50,165,133,38,53
Rotaria_rotatoria,27,76,209,127,5,137
Chlorophyta,141,0,318,107,4,13
Neochanna_diversus,0,227,290,80,0,0
Synura,80,31,241,138,47,68
root,147,67,139,118,76,58
root,25,53,0,5,199,327
PACMAD_clade,188,0,139,82,53,155
root,170,86,123,145,60,77
Poales,228,0,40,203,91,102
root,120,118,93,112,112,109
Polynucleobacter,117,102,106,144,109,89
root,154,99,130,117,96,93
Metazoa,0,235,0,199,219,48
Spirotrichea,147,101,44,214,104,95
Pyrenomonadaceae,0,0,144,239,320,13
root,172,81,188,143,55,85
root,192,85,150,154,51,92
root,215,111,56,164,39,152
Spirotrichea,159,114,53,163,143,105
Euglenales,107,82,24,209,175,182
root,165,126,88,153,114,137
Synura,113,60,297,172,42,102
root,206,70,159,215,82,59
root,213,80,144,206,71,78
root,208,66,260,205,53,62
root,257,108,104,166,93,140
Chlorophyceae,107,10,676,87,9,0
Paratanytarsus_grimmii,211,139,180,191,60,137
Betaproteobacteria,182,177,193,176,102,120
Paraphysomonas_sp,276,105,178,235,91,71
root,48,114,138,149,261,262
root,199,160,212,243,101,75
Metazoa,129,97,142,436,100,87
unclassified_Vorticella,348,78,70,339,53,149
Spirotrichea,304,159,90,225,153,113
Simocephalus,207,211,86,256,92,214
Chlorophyta,337,106,100,351,75,100
Cyclopidae,0,554,34,357,118,60
Nais,210,133,247,355,79,108
Poaceae,584,17,97,56,166,239
Spirotrichea,300,180,141,197,160,194
root,207,21,361,220,270,105
Chlorophyceae,186,29,733,175,35,35
root,250,139,284,256,140,127
root,275,177,227,255,165,106
Chlorophyta,421,177,111,308,167,131
root,237,128,401,282,115,157
root,332,117,446,274,123,84
Flavobacterium,268,266,133,237,206,286
Chaetogaster_diaphanus,385,155,267,331,88,173
Paspalum,324,134,158,332,224,228
Macromonas,216,169,204,326,261,229
Gambusia_affinis,373,95,389,0,137,425
Cryptomonas,289,109,533,282,113,117
Cyclopidae,121,110,312,375,148,398
Cryptomonas,235,87,617,329,98,108
Arthropoda,286,162,178,566,173,123
Chordata,285,273,259,473,64,200
root,74,282,121,693,97,305
root,382,178,389,330,151,160
Dero_digitata,215,240,345,570,111,179
root,460,190,330,394,138,169
root,0,0,0,1727,0,0
root,353,267,342,428,175,166
Metazoa,213,199,237,598,284,214
root,0,0,0,0,1782,4
root,0,0,0,1850,0,0
Magnoliopsida,0,1901,0,0,17,0
root,554,251,292,358,294,282
root,159,1780,0,0,128,0
Spirotrichea,364,281,278,406,384,371
Spirotrichea,379,291,250,551,302,319
root,195,186,208,367,1051,170
Poeae,289,118,404,498,403,510
root,584,211,591,509,259,179
Burkholderiales,380,503,632,345,332,341
Chaetogaster_diaphanus,445,476,603,477,224,388
Cryptomonas,432,141,1120,550,155,217
Cryptomonas,467,233,914,381,360,285
Glyceria,550,0,397,499,595,605
Sturnus_vulgaris,563,495,530,835,180,191
Araceae,347,57,202,1687,276,227
root,0,0,0,3198,0,0
Mesocyclops_leuckarti,31,515,1103,68,1161,402
Anserinae,553,305,1043,824,396,297
root,536,485,1187,484,482,358
root,910,371,897,875,230,324
root,876,503,904,868,350,337
root,851,449,1045,909,560,385
Metazoa,644,1059,500,1135,559,844
Betaproteobacteria,726,736,930,1028,1337,745
Araceae,0,5570,0,0,0,0
Lumbriculus_variegatus,2145,432,1095,892,344,829
Anguilla_australis,1020,807,1604,785,939,816
root,1637,1507,661,781,371,1058
Nais_communis,1426,845,1295,1569,651,881
root,2128,209,1526,371,1477,1435
Cyprinus_rubrofuscus,1804,958,1749,686,1130,973
Araceae,1731,0,986,2113,1570,1402
Acanthocyclops_robustus,2375,946,1700,769,1125,1215
Metazoa,1245,1536,1407,2190,939,982
Cyprinus_rubrofuscus,1716,1343,1878,1866,637,895
Nais_communis_variabilis_complex_sp_A1,1242,1660,2471,2019,1260,1684
Metazoa,1099,2027,2401,3254,1328,1301
Anas_platyrhynchos,1846,1780,2784,2822,986,1313
Dero,925,2990,2539,2735,832,1814
root,1750,1077,3312,2708,1605,1855
root,1566,1457,3984,3120,1215,1158
Lumbriculus_variegatus,6899,1763,4968,2771,2634,3507
root,2501,3130,3534,5025,5483,4446
