﻿tax_assignment,One,Two,Three,Four,Five
Anguilla_australis,4,0,0,0,0
Metazoa,0,0,0,4,0
root,0,0,4,0,0
Metazoa,0,4,0,0,0
root,0,0,0,4,0
root,0,0,4,0,0
root,0,0,0,4,0
Nitzschia,0,4,0,0,0
Gammaproteobacteria,4,0,0,0,0
Tubificinae,0,0,0,0,4
root,0,0,0,4,0
Endomicrobiaceae,0,0,0,4,0
root,0,4,0,0,0
root,0,0,4,0,0
root,0,0,0,4,0
root,0,0,0,4,0
Chamaedrilus,0,0,0,4,0
root,0,4,0,0,0
root,0,0,0,4,0
root,0,0,0,4,0
root,0,4,0,0,0
root,0,4,0,0,0
root,0,4,0,0,0
root,0,0,4,0,0
Desulfuromonadaceae,0,0,0,4,0
root,0,0,0,0,4
Physella_acuta,0,0,4,0,0
Euglenales,0,0,0,0,4
root,0,0,4,0,0
Phytophthora,0,4,0,0,0
root,0,4,0,0,0
root,0,0,0,4,0
Metazoa,0,0,4,0,0
Fungi,0,0,0,4,0
Anguilla_australis,0,4,0,0,0
Metazoa,0,0,4,0,0
root,0,0,0,0,4
Metazoa,0,0,0,4,0
Aporrectodea_trapezoides,0,0,0,0,4
Planophila,0,0,4,0,0
Thiodictyon,0,0,0,4,0
Chaetonotidae,0,0,0,0,4
Spongomonadidae,0,0,0,4,0
Euplotidae,0,0,4,0,0
Euglenaceae,0,0,0,4,0
Cochliopodiidae,0,0,0,4,0
Spirotrichea,0,4,0,0,0
root,0,0,0,4,0
Nevskiales,0,0,0,4,0
Bacteroidetes,0,0,0,4,0
root,0,0,4,0,0
Metazoa,0,4,0,0,0
root,0,0,4,0,0
root,0,0,0,0,4
Proteobacteria,0,0,4,0,0
Bacteroidetes,0,0,0,0,4
root,0,0,4,0,0
root,0,0,0,4,0
root,0,0,0,4,0
root,4,0,0,0,0
Oomycota_incertae_sedis,0,0,0,4,0
root,0,0,4,0,0
root,0,0,4,0,0
Chordata,0,4,0,0,0
root,4,0,0,0,0
root,0,0,0,4,0
root,0,0,0,4,0
Metazoa,4,0,0,0,0
Heterolobosea,0,0,0,4,0
root,0,0,0,4,0
Metazoa,4,0,0,0,0
root,0,4,0,0,0
Metazoa,0,0,4,0,0
root,4,0,0,0,0
root,0,4,0,0,0
Metazoa,0,0,0,4,0
root,0,0,0,4,0
root,0,0,0,4,0
Chordata,4,0,0,0,0
root,0,0,4,0,0
root,0,0,4,0,0
root,0,4,0,0,0
root,0,4,0,0,0
Chordata,0,0,4,0,0
Chordata,0,4,0,0,0
root,0,0,4,0,0
Bacillariophyta,0,0,4,0,0
root,0,4,0,0,0
root,0,4,0,0,0
root,0,0,4,0,0
root,0,4,0,0,0
root,0,4,0,0,0
root,0,0,4,0,0
root,0,4,0,0,0
root,0,0,4,0,0
root,0,0,4,0,0
root,0,0,0,4,0
root,0,0,0,4,0
Metazoa,0,0,0,4,0
Metazoa,0,0,0,4,0
Chordata,0,0,0,4,0
Chordata,0,0,0,4,0
root,0,0,0,4,0
root,0,0,0,4,0
Metazoa,0,0,0,4,0
root,0,0,0,4,0
Hypocreales,0,0,0,4,0
Helotiales,0,0,0,4,0
root,0,0,0,4,0
Metazoa,4,0,0,0,0
Chordata,4,0,0,0,0
Chordata,4,0,0,0,0
Chordata,0,0,0,0,4
Chordata,0,0,0,0,4
root,4,0,0,0,0
root,4,0,0,0,0
root,0,0,0,0,4
root,4,0,0,0,0
Metazoa,0,0,0,0,4
root,0,0,0,0,4
root,0,0,5,0,0
root,0,0,0,0,5
Geothrix,5,0,0,0,0
Chitinophagaceae,0,5,0,0,0
root,5,0,0,0,0
Firmicutes,0,5,0,0,0
Eurotatoria,0,5,0,0,0
root,0,0,0,0,5
Clostridiaceae,5,0,0,0,0
Metazoa,0,0,0,0,5
Nitzschia_acidoclinata,0,5,0,0,0
root,0,5,0,0,0
Aulodrilus_pluriseta,0,0,5,0,0
root,0,5,0,0,0
root,0,5,0,0,0
Euglenaceae,5,0,0,0,0
root,0,5,0,0,0
root,0,0,0,0,5
Gammaproteobacteria,0,5,0,0,0
Crocinitomicaceae,0,0,5,0,0
root,5,0,0,0,0
Metazoa,0,5,0,0,0
root,0,0,0,0,5
root,0,0,5,0,0
root,0,0,5,0,0
root,0,0,5,0,0
Lumbriculidae,0,0,0,0,5
root,0,0,0,0,5
Metazoa,0,5,0,0,0
Bos_taurus,0,5,0,0,0
Potentilla,0,0,0,0,5
Gobiomorphus,0,0,5,0,0
Novosphingobium,0,0,5,0,0
Dexiostoma,0,0,5,0,0
Stigeoclonium,0,0,5,0,0
Litonotidae,5,0,0,0,0
Firmicutes,5,0,0,0,0
Metazoa,5,0,0,0,0
Metazoa,0,0,5,0,0
root,0,0,0,0,5
root,0,5,0,0,0
Chlorophyta,0,5,0,0,0
root,0,5,0,0,0
root,0,0,5,0,0
Fungi,0,5,0,0,0
root,0,0,0,0,5
root,0,5,0,0,0
Chlorophyceae,0,0,5,0,0
Proteobacteria,5,0,0,0,0
root,5,0,0,0,0
root,5,0,0,0,0
root,0,0,0,0,5
root,0,5,0,0,0
root,0,5,0,0,0
Metazoa,0,0,5,0,0
Chordata,0,5,0,0,0
Chordata,0,5,0,0,0
root,0,0,5,0,0
root,0,0,5,0,0
Pedinellales,0,0,5,0,0
unclassified_stramenopiles,0,0,5,0,0
root,0,5,0,0,0
Fungi,0,5,0,0,0
root,0,0,5,0,0
root,0,5,0,0,0
root,0,5,0,0,0
root,0,5,0,0,0
Chordata,5,0,0,0,0
root,5,0,0,0,0
Cercozoa,5,0,0,0,0
Betaproteobacteria,5,0,0,0,0
Prevotella,0,0,0,6,0
Rhodocyclaceae,0,6,0,0,0
Metazoa,0,6,0,0,0
Spirochaeta,0,0,0,6,0
Metazoa,0,0,0,6,0
Vorticella,0,6,0,0,0
root,0,6,0,0,0
Chordata,0,0,0,6,0
Chordata,6,0,0,0,0
Pedinellales,0,6,0,0,0
Ciliophora,0,0,6,0,0
root,0,0,0,6,0
Clostridium,0,0,6,0,0
Ulotrichales,6,0,0,0,0
Acetobacteraceae,0,0,0,6,0
root,0,6,0,0,0
root,0,0,0,6,0
Treponemataceae,0,0,0,6,0
Sphingomonadaceae,0,0,0,6,0
root,0,0,6,0,0
Chordata,0,0,0,6,0
root,0,0,0,6,0
root,0,0,0,6,0
root,0,0,0,0,6
Bos_taurus,0,0,0,6,0
Cryptomonas,6,0,0,0,0
Sus_scrofa,0,0,0,6,0
Henlea_ventriculosa,0,0,0,0,6
Chaetonotus,0,0,0,0,6
Glycine,0,0,0,0,6
Carduelis,0,0,0,6,0
Chlamydomonas,0,0,6,0,0
Acetobacteroides,0,0,0,6,0
Marinoscillum,0,6,0,0,0
Scotinosphaeraceae,6,0,0,0,0
Azospirillaceae,6,0,0,0,0
Naididae,0,0,0,6,0
Zingiberales,6,0,0,0,0
root,0,0,0,6,0
root,0,0,0,6,0
Chromulinales,0,6,0,0,0
Metazoa,0,6,0,0,0
Metazoa,0,0,6,0,0
root,0,0,0,6,0
Eurotatoria,0,6,0,0,0
root,0,6,0,0,0
Aves,0,0,0,0,6
Ulotrichales,0,6,0,0,0
root,0,0,0,0,6
root,0,0,0,6,0
Fungi,0,0,0,6,0
root,0,0,0,6,0
root,0,0,0,6,0
Chordata,0,6,0,0,0
Chordata,6,0,0,0,0
Chordata,0,0,0,6,0
root,0,0,0,6,0
root,0,0,0,6,0
root,0,0,0,6,0
Metazoa,0,6,0,0,0
Metazoa,0,6,0,0,0
Chordata,0,0,6,0,0
Chordata,0,6,0,0,0
root,0,6,0,0,0
root,0,0,0,6,0
root,0,6,0,0,0
root,0,6,0,0,0
Metazoa,0,0,0,6,0
Metazoa,0,0,0,6,0
Metazoa,0,0,0,6,0
root,0,0,0,6,0
root,0,0,0,6,0
Lepidoptera,0,0,0,6,0
root,0,0,0,6,0
Viridiplantae,0,0,0,6,0
Bacteroidetes,0,0,0,6,0
root,0,0,0,6,0
root,0,0,0,6,0
Metazoa,6,0,0,0,0
Chordata,6,0,0,0,0
Chordata,6,0,0,0,0
Chordata,6,0,0,0,0
Stichotrichia,6,0,0,0,0
Cytophagia,6,0,0,0,0
Eubacteriales,0,0,0,0,6
Fungi,0,0,0,0,6
root,0,7,0,0,0
Eiseniella_tetraedra,0,7,0,0,0
root,0,7,0,0,0
root,0,0,0,0,7
Colepidae,0,0,0,0,7
Metopida,0,0,7,0,0
Alsineae,0,0,0,0,7
root,0,7,0,0,0
Vorticellidae,7,0,0,0,0
root,0,7,0,0,0
root,7,0,0,0,0
Metazoa,0,7,0,0,0
Ciliophora,0,7,0,0,0
Chloromonas,0,0,7,0,0
Chaetonotidae,7,0,0,0,0
Naididae,0,0,7,0,0
Naidinae,0,0,7,0,0
Chaetonotidae,0,0,0,0,7
Ploima,0,0,7,0,0
root,0,0,7,0,0
root,0,0,0,0,7
Hyphomicrobiales,0,7,0,0,0
Metazoa,0,0,0,0,7
Metazoa,0,7,0,0,0
root,0,0,0,0,7
root,0,7,0,0,0
Chordata,7,0,0,0,0
Chordata,7,0,0,0,0
Chordata,7,0,0,0,0
root,7,0,0,0,0
Ciliophora,0,0,0,0,7
root,0,0,0,0,7
Phacus,0,0,0,8,0
root,0,0,0,8,0
root,0,0,8,0,0
root,0,4,0,0,4
root,0,0,0,0,8
Coprosma,0,8,0,0,0
Metazoa,0,0,0,8,0
Metazoa,0,0,0,8,0
Psychodidae_sp_BOLD_AAU4648,0,0,0,8,0
root,0,0,0,8,0
root,0,0,0,8,0
root,0,0,0,8,0
root,0,0,0,8,0
Poteriospumella_sp,8,0,0,0,0
root,0,0,0,8,0
Euglenaceae,0,0,0,8,0
root,0,0,0,8,0
Bacillariophyta,0,0,0,8,0
Physella_acuta,0,0,0,8,0
Ulvophyceae,8,0,0,0,0
root,0,0,8,0,0
root,0,0,0,8,0
Gambusia_affinis,0,0,0,8,0
Pinus_subgen_Pinus,8,0,0,0,0
Arcella,0,0,0,8,0
Emticicia,0,0,0,8,0
Simocephalus,8,0,0,0,0
Cryptomonadaceae,0,0,8,0,0
root,0,0,0,8,0
Hyphomicrobiales,8,0,0,0,0
root,0,0,0,8,0
root,0,0,4,4,0
root,0,0,0,0,8
root,0,0,0,0,8
Cenchrinae,0,0,0,0,8
Chlorophyta,0,8,0,0,0
root,0,0,0,8,0
Metazoa,0,0,0,8,0
Metazoa,0,0,0,8,0
root,0,0,8,0,0
Eubacteriales,0,0,0,8,0
root,0,0,8,0,0
root,0,0,4,0,4
root,0,8,0,0,0
Chordata,0,0,0,8,0
root,0,0,0,8,0
root,0,0,0,8,0
root,0,0,0,8,0
root,0,0,0,8,0
Chlorophyceae,8,0,0,0,0
Gammaproteobacteria,9,0,0,0,0
root,4,5,0,0,0
Chloromonas,9,0,0,0,0
Chordata,0,0,9,0,0
Turdus_philomelos,0,0,0,0,9
Euglenales,0,0,4,0,5
Tetmemena,0,9,0,0,0
Metazoa,4,5,0,0,0
Rotaria_rotatoria,0,9,0,0,0
unclassified_Oedogonium,9,0,0,0,0
Cryptomonas,0,0,9,0,0
Felis,9,0,0,0,0
Polygonaceae,0,0,0,0,9
Clostridiaceae,0,9,0,0,0
Rosoideae,0,0,0,0,9
Comamonadaceae,0,9,0,0,0
Oomycota,0,0,0,0,9
Metazoa,0,9,0,0,0
Ciliophora,0,0,0,0,9
Metazoa,0,9,0,0,0
root,0,9,0,0,0
root,9,0,0,0,0
Chordata,9,0,0,0,0
root,0,0,0,0,9
root,0,0,5,0,5
Euglenaceae,0,0,0,10,0
Anguilla_australis,0,10,0,0,0
root,0,0,4,6,0
Chitinophagaceae,0,0,0,0,10
root,0,0,0,10,0
root,5,0,5,0,0
root,0,0,0,10,0
Branta_canadensis,0,10,0,0,0
root,0,0,0,10,0
root,0,0,0,10,0
Ulotrichales,5,0,0,0,5
root,0,0,10,0,0
Piper,0,0,0,0,10
Planophila,5,0,0,0,5
Oxytrichidae,0,0,10,0,0
Lumbriculidae,0,0,0,10,0
Ulvophyceae,0,0,10,0,0
Metazoa,10,0,0,0,0
root,0,10,0,0,0
root,0,0,0,10,0
Chordata,10,0,0,0,0
root,5,0,5,0,0
Metazoa,10,0,0,0,0
Metazoa,10,0,0,0,0
root,0,10,0,0,0
Gammaproteobacteria,0,0,0,10,0
root,0,4,6,0,0
Ciliophora,0,0,10,0,0
Pedinellales,0,6,0,0,4
Chordata,0,0,0,10,0
Chordata,0,0,0,10,0
Metazoa,0,0,0,10,0
unclassified_Oedogonium,0,0,0,10,0
root,0,0,0,10,0
root,0,0,11,0,0
Firmicutes,0,7,0,4,0
unclassified_Oikomonas,5,0,0,0,6
root,7,0,4,0,0
root,0,0,11,0,0
Simocephalus,11,0,0,0,0
Cryptomonas,0,0,0,0,11
Betula,0,11,0,0,0
root,0,0,0,0,11
Metazoa,0,0,11,0,0
Chordata,11,0,0,0,0
Chordata,11,0,0,0,0
Chlorobiaceae,0,0,0,8,4
root,0,12,0,0,0
Sulfuricurvum,0,0,0,12,0
root,4,0,8,0,0
root,0,7,5,0,0
Cytophagaceae,0,5,0,0,7
root,0,0,0,12,0
Insecta,0,0,0,12,0
Rubioideae,0,0,0,12,0
root,0,12,0,0,0
unclassified_stramenopiles,0,0,0,12,0
root,0,12,0,0,0
Lumbricus_rubellus,0,0,0,0,12
Metazoa,0,7,5,0,0
root,0,0,0,12,0
Oomycota_incertae_sedis,0,0,0,12,0
Apoikiospumella_mondseeiensis,0,7,5,0,0
Bacteroidetes,0,0,0,12,0
Nocardioides,0,4,0,8,0
Monomorphina,0,0,0,12,0
root,4,0,0,8,0
root,6,0,6,0,0
Ciliophora,0,6,6,0,0
Euglenales,0,0,0,12,0
Chrysophyceae,0,0,0,0,12
Chordata,0,0,8,4,0
root,0,0,0,12,0
Metazoa,0,0,0,12,0
Chordata,12,0,0,0,0
Chrysophyceae,0,0,0,12,0
Metazoa,12,0,0,0,0
Chlamydomonadales,12,0,0,0,0
root,7,0,0,6,0
Metazoa,0,13,0,0,0
Chlamydiae,0,0,7,0,6
Euglenales,13,0,0,0,0
Metazoa,13,0,0,0,0
Paraphysomonas_sp,0,0,13,0,0
Chordata,0,13,0,0,0
root,13,0,0,0,0
root,5,0,0,8,0
root,13,0,0,0,0
root,13,0,0,0,0
Prolixibacteraceae,0,0,0,14,0
root,4,5,0,0,5
root,0,0,6,8,0
Rhodobacteraceae,0,0,8,6,0
root,0,0,0,14,0
Metazoa,0,8,0,0,6
Coleps,0,0,0,14,0
Phacus,0,0,6,0,8
Ciliophora,14,0,0,0,0
Clostridium,0,6,0,8,0
root,0,5,4,0,5
root,0,0,0,14,0
Psychodidae_sp_BOLD_AAU4648,0,0,7,0,7
Neochanna_diversus,14,0,0,0,0
Cirsium_arvense,0,0,0,14,0
Coleochaete,0,0,6,8,0
Tetmemena,0,14,0,0,0
Chlamydomonas,14,0,0,0,0
Colepidae,0,0,0,0,14
Chaetonotidae,0,0,0,14,0
Scotinosphaeraceae,0,0,6,0,8
Metazoa,0,0,0,14,0
Chlorophyta,0,0,14,0,0
Insecta,0,14,0,0,0
root,4,4,0,6,0
Ochrophyta,0,14,0,0,0
Metazoa,0,0,0,14,0
Metazoa,0,0,0,0,14
Chlorophyceae,0,0,0,0,14
Myriophyllum,0,0,0,0,15
root,0,15,0,0,0
root,4,11,0,0,0
root,0,0,0,0,15
root,10,5,0,0,0
root,0,7,0,8,0
root,0,0,5,10,0
Trichosurus_vulpecula,0,0,15,0,0
Microglena,15,0,0,0,0
Rubiaceae,0,0,0,0,15
Metazoa,0,0,0,0,15
Chordata,0,0,15,0,0
root,5,0,6,4,0
Chordata,15,0,0,0,0
root,0,15,0,0,0
root,0,0,0,0,16
root,0,0,0,16,0
root,0,0,6,10,0
Chitinophagaceae,0,8,0,0,8
root,6,0,10,0,0
Cyprinus_rubrofuscus,0,0,0,16,0
root,0,0,0,16,0
root,0,0,6,0,10
Metazoa,0,4,6,6,0
Clostridium,0,0,0,10,6
Rubiaceae,0,0,0,0,16
Octolasion_cyaneum,0,0,0,16,0
root,0,0,6,0,10
root,0,0,0,16,0
Euglenales,6,0,0,10,0
root,0,0,0,16,0
Shinella,0,0,0,16,0
Ciliophora,0,9,7,0,0
root,16,0,0,0,0
Chrysophyceae,0,0,0,16,0
Chordata,0,0,0,16,0
Chordata,16,0,0,0,0
root,0,5,0,12,0
root,5,0,12,0,0
root,17,0,0,0,0
root,0,17,0,0,0
Insecta,0,0,9,8,0
root,0,0,7,10,0
root,0,4,0,8,5
Chrysophyceae,9,0,0,8,0
Chrysophyceae,0,10,0,0,7
Bacteroidetes,0,17,0,0,0
Spergularia,0,0,0,0,17
root,0,17,0,0,0
root,7,6,4,0,0
Metazoa,17,0,0,0,0
root,0,0,0,0,17
Chordata,7,0,0,10,0
Eurotatoria,0,0,17,0,0
Metazoa,0,4,6,0,7
Chordata,17,0,0,0,0
Firmicutes,0,0,4,14,0
root,6,0,0,0,12
Micrococcales,0,0,0,18,0
root,0,8,0,0,10
root,0,8,0,6,4
Metazoa,0,0,0,18,0
root,0,0,6,8,4
Anas,0,18,0,0,0
Chaetonotidae,0,6,4,8,0
Typhaceae,0,0,0,0,18
Chordata,0,0,0,18,0
Chlorophyta,0,0,6,0,12
root,0,18,0,0,0
Metazoa,0,0,18,0,0
root,0,0,19,0,0
root,0,0,19,0,0
root,0,0,7,12,0
Luna_1_subcluster,0,5,0,14,0
Phaeophyceae,0,0,5,14,0
Eukerria_saltensis,0,11,8,0,0
unclassified_Oikomonas,0,0,9,0,10
Proteobacteria,0,11,0,8,0
root,0,9,6,0,4
root,0,19,0,0,0
Nitrosomonadales,0,19,0,0,0
Spirochaetaceae,19,0,0,0,0
Metazoa,0,5,14,0,0
root,0,19,0,0,0
Chordata,14,5,0,0,0
root,0,0,0,20,0
root,0,5,9,6,0
Limnodrilus_hoffmeisteri,0,20,0,0,0
root,0,0,0,20,0
root,0,0,0,20,0
root,0,0,0,20,0
Chordata,0,0,0,20,0
Chlorophyta,0,0,0,20,0
Ploima,0,0,0,20,0
root,0,0,0,20,0
Chordata,20,0,0,0,0
Chordata,0,21,0,0,0
root,9,0,0,12,0
root,0,21,0,0,0
root,0,21,0,0,0
Mallomonadaceae,22,0,0,0,0
root,0,0,10,12,0
root,7,5,0,10,0
root,4,5,7,6,0
root,22,0,0,0,0
Pedinellales,0,0,0,22,0
Coleochaete,0,0,0,0,22
Anatidae,0,18,0,0,4
Chlorophyta,0,0,0,22,0
root,0,0,4,18,0
root,0,0,0,22,0
Chrysophyceae,0,0,0,22,0
Bacillariophyta,0,0,17,6,0
Synura,23,0,0,0,0
root,11,0,0,12,0
root,6,0,10,0,7
Metazoa,0,23,0,0,0
Metazoa,23,0,0,0,0
Ludwigia,0,0,16,8,0
root,0,6,8,10,0
Flavobacterium,0,0,0,24,0
root,0,4,4,16,0
root,0,10,0,14,0
root,0,6,0,12,6
Novosphingobium,0,0,0,24,0
Cryptomonas,24,0,0,0,0
Poaceae,0,0,0,24,0
root,24,0,0,0,0
root,0,0,24,0,0
root,0,24,0,0,0
Chordata,24,0,0,0,0
Coprosma,0,0,0,0,25
root,0,9,16,0,0
root,4,0,15,6,0
Anas,0,0,25,0,0
Metazoa,5,0,0,20,0
root,0,0,0,0,25
Chordata,25,0,0,0,0
Lumbricus_castaneus,0,10,16,0,0
Chordata,0,0,26,0,0
root,26,0,0,0,0
Spirotrichea,0,18,0,8,0
root,0,0,17,0,10
root,0,10,5,12,0
Chordata,8,19,0,0,0
root,14,5,0,8,0
root,0,27,0,0,0
Chordata,9,0,0,18,0
Magnoliopsida,0,0,0,0,28
Metazoa,0,4,0,20,4
root,0,4,0,24,0
root,0,23,5,0,0
root,6,0,16,0,6
root,28,0,0,0,0
Metazoa,0,8,0,20,0
Bos_taurus,28,0,0,0,0
Chilodonellidae,0,0,0,28,0
Asteraceae,0,0,0,0,28
root,0,0,4,18,7
root,0,0,13,16,0
Metazoa,0,6,0,0,23
Rhopalosiphum_padi,0,5,8,16,0
Nothofagaceae,29,0,0,0,0
Metazoa,29,0,0,0,0
Chordata,0,0,29,0,0
Chlorophyceae,9,0,4,16,0
Bacteroidetes,0,0,0,30,0
Chlorophyceae,0,0,0,30,0
Methylophilaceae,0,5,5,20,0
Bacteroidetes,0,0,0,26,4
root,0,8,0,22,0
Clostridium,0,8,0,22,0
Litostomatea,0,0,4,26,0
Chaetonotidae,0,13,7,10,0
Ciliophora,0,0,14,16,0
Chordata,30,0,0,0,0
root,0,30,0,0,0
root,0,5,12,14,0
root,0,6,11,14,0
Plantago,0,0,0,0,31
Alnus,0,0,0,0,31
root,31,0,0,0,0
Chrysophyceae,17,0,0,0,14
root,0,0,0,0,31
root,5,0,5,18,4
Burkholderiales_genera_incertae_sedis,0,12,0,20,0
root,0,0,0,32,0
root,0,8,8,16,0
Metazoa,32,0,0,0,0
Metazoa,5,0,8,12,8
Metazoa,5,9,11,4,4
root,0,0,0,0,33
Chordata,8,0,5,20,0
root,12,0,21,0,0
Litostomatea,5,9,11,8,0
Chlorophyceae,15,0,0,18,0
root,33,0,0,0,0
Reichenbachiellaceae,0,8,0,12,14
Holophagaceae,7,5,0,22,0
Eurotatoria,5,0,9,20,0
root,0,8,16,0,10
Anas_rhynchotis,0,26,8,0,0
Fungi,0,11,9,14,0
Cryptomonas,0,0,0,34,0
Chlamydomonadaceae,21,13,0,0,0
Viridiplantae,0,0,0,0,34
Chordata,35,0,0,0,0
Metazoa,0,13,4,18,0
root,0,8,18,0,9
Ranunculus,0,0,0,28,7
root,0,11,0,24,0
Spirotrichea,0,0,9,26,0
Chaetonotus,0,13,22,0,0
root,35,0,0,0,0
root,9,0,8,18,0
root,24,0,0,0,12
root,0,4,10,18,4
root,0,0,0,24,12
root,0,0,0,36,0
Chlamydomonadaceae,7,0,25,0,4
Poeae,0,0,0,0,36
Chlorophyta,37,0,0,0,0
Metazoa,0,5,17,10,5
root,6,20,11,0,0
Stellaria_media,0,0,7,0,30
root,0,4,5,24,4
Chlamydomonadaceae,19,0,0,18,0
Ciliophora,17,0,15,0,5
Rubioideae,0,0,0,28,10
Pristina,0,4,6,22,6
root,6,0,20,12,0
root,0,14,0,14,10
root,0,7,0,24,7
root,0,22,16,0,0
Chordata,38,0,0,0,0
Chlorophyta,0,0,5,34,0
root,0,10,6,14,9
Gambusia_affinis,0,39,0,0,0
root,0,9,0,30,0
Spirotrichea,0,0,16,0,23
root,0,15,5,20,0
Bacteroidetes,0,16,0,24,0
root,0,0,14,18,8
Gymnorhina_tibicen,0,0,40,0,0
Gomphonema,0,16,10,10,5
root,6,0,11,20,4
Cryptomonadaceae,5,0,16,10,10
Chlorophyta,41,0,0,0,0
root,0,13,8,20,0
Glyceria,0,0,0,0,41
root,0,0,0,42,0
Pinnularia,8,9,11,14,0
root,0,0,0,42,0
Hydrogenophaga,0,11,0,32,0
root,0,7,15,16,5
Euplotes,7,14,8,14,0
root,43,0,0,0,0
root,0,6,23,6,9
root,36,8,0,0,0
Metazoa,20,24,0,0,0
root,0,32,4,0,9
Porphyrio_melanotus,0,9,0,30,6
root,0,32,7,0,6
root,0,9,0,26,10
Passeriformes,21,11,13,0,0
Rubiaceae,0,0,0,0,46
root,0,8,10,24,4
Spumella_like_flagellate_JB,15,12,7,12,0
root,0,12,6,18,10
root,21,0,4,22,0
root,0,0,0,36,12
Malpighiales,0,0,0,0,48
Quercus,0,0,0,48,0
root,48,0,0,0,0
Polygonoideae,0,0,0,0,49
Gammaproteobacteria,0,0,14,36,0
Eukaryota,16,0,5,18,11
Anatidae,50,0,0,0,0
Dero,0,24,0,0,27
root,0,27,0,24,0
Anas_platyrhynchos,0,12,6,34,0
root,46,0,0,6,0
root,0,0,0,52,0
Chordata,0,0,0,52,0
root,0,0,0,0,52
Chlamydomonadales,53,0,0,0,0
Gruiformes,53,0,0,0,0
Metazoa,8,9,9,28,0
Ciliophora,6,12,0,14,22
root,0,15,28,12,0
root,0,19,0,36,0
Cyprinus_rubrofuscus,0,27,0,0,28
Arthropoda,0,0,14,42,0
root,56,0,0,0,0
root,9,0,26,14,7
root,0,7,49,0,0
Felis_catus,56,0,0,0,0
root,11,12,6,24,4
root,0,14,10,22,11
Cochliopodium,7,0,16,16,18
Colepidae,0,0,33,0,24
Insecta,0,0,5,4,48
Solanaceae,0,57,0,0,0
root,4,10,26,12,6
root,17,41,0,0,0
root,10,7,9,32,0
root,11,8,7,24,8
Vorticellidae,20,24,0,0,15
Metazoa,0,0,7,4,48
Rattus_norvegicus,39,0,0,20,0
unclassified_Vorticella,0,0,19,28,12
Ploima,15,7,11,26,0
root,16,13,0,24,7
root,0,5,0,48,7
Cichorieae,0,0,0,60,0
root,0,10,0,36,15
Carassius_auratus,0,0,62,0,0
Proteobacteria,9,10,0,34,9
root,0,20,18,18,6
Plantago,0,51,0,0,11
Ploima,8,17,0,30,7
Porphyrio_melanotus,62,0,0,0,0
Chlorophyceae,0,0,0,62,0
Rhodospirillales,7,7,9,40,0
root,0,0,32,20,11
Spirotrichea,0,37,26,0,0
Metazoa,0,63,0,0,0
Chordata,0,41,0,22,0
root,5,6,19,22,11
root,0,18,13,34,0
root,5,22,14,18,6
root,65,0,0,0,0
Ciliophora,7,0,25,34,0
Chordata,0,56,0,10,0
root,6,12,0,30,18
root,12,0,21,18,15
root,0,0,0,0,67
Anas_chlorotis_or_gracilis,0,0,16,52,0
unclassified_Chlamydomonas,19,0,0,50,0
Lampropholis_delicata,0,12,20,0,37
Mallomonadaceae,25,0,0,0,46
Metazoa,0,18,4,42,7
Gammaproteobacteria,0,7,5,42,18
Chitinophagaceae,0,8,9,56,0
Paracyclops_fimbriatus,0,27,5,42,0
root,74,0,0,0,0
Sus_scrofa,0,0,0,74,0
root,0,75,0,0,0
Limnophyes,0,11,19,24,21
root,22,0,0,34,19
root,11,4,6,42,13
Chordata,0,76,0,0,0
root,0,0,76,0,0
root,5,8,20,34,10
Oomycota,7,7,12,28,24
root,14,9,16,14,25
Haptorida,20,0,44,0,15
Sessilida,0,6,6,40,28
root,10,12,18,24,16
Fabaceae,0,71,0,0,10
Spirotrichea,19,34,0,0,29
Litostomatea,5,29,5,34,10
Chordata,25,0,38,16,4
root,5,19,9,50,0
root,83,0,0,0,0
Lacrymariidae,7,11,9,36,21
root,84,0,0,0,0
Paludibacter,6,21,8,46,4
Ciliophora,4,15,17,34,15
Fringilla_coelebs,0,45,24,0,17
Euplotes,14,25,15,20,12
Rotaria_rotatoria,0,5,25,30,27
Spirotrichea,28,14,19,26,0
Cryptomonadaceae,8,33,9,30,7
root,9,10,21,28,20
root,0,13,24,40,11
root,0,0,0,88,0
Metazoa,10,0,0,80,0
Synura,14,10,24,42,0
Nephroselmidaceae,31,15,14,20,10
Chordata,0,0,0,90,0
root,11,13,19,38,10
Turdus,0,93,0,0,0
Nephroselmidaceae,10,13,12,52,6
root,21,0,21,32,20
root,0,47,47,0,0
root,9,12,22,38,16
50_kb_inversion_clade,36,0,0,62,0
Rhipidura_fuliginosa,0,0,0,98,0
Chrysophyceae_sp,20,21,18,32,8
root,4,11,15,54,15
Chrysophyceae,0,0,0,86,13
root,0,16,35,36,13
Limnodrilus_hoffmeisteri,0,19,0,74,7
Lumbricus_rubellus,0,19,11,60,11
Polygonoideae,12,0,0,48,41
Anguilla,0,0,0,102,0
Ferribacterium,0,17,14,46,26
root,0,0,106,0,0
root,106,0,0,0,0
Pedinellales,39,11,20,22,15
Cyprinus_rubrofuscus,11,32,34,0,32
Chlorophyceae,22,0,20,68,0
Metazoa,0,64,0,0,46
Viridiplantae,52,0,0,58,0
root,0,17,16,54,24
Betaproteobacteria,14,19,10,62,7
root,16,15,29,44,8
Chordata,0,0,0,112,0
Nitzschia,12,15,20,52,14
Nitzschia,21,17,16,46,13
Halteria,19,42,0,52,0
root,52,0,7,8,46
Eukaryota,16,20,8,60,10
Chlamydomonadales,17,0,0,60,40
Polynucleobacter,24,9,7,58,20
root,19,99,0,0,0
root,0,0,0,0,119
Chlorococcaceae,26,13,8,56,17
Chlorophyceae,0,0,0,120,0
Gammaproteobacteria,24,30,0,58,10
root,0,0,0,122,0
Rhodoblastus,5,25,8,62,24
Rotaria_rotatoria,15,21,44,26,18
Dechloromonas,19,17,0,82,7
root,17,8,23,60,18
root,12,36,18,44,17
Chromatiaceae,26,20,0,74,10
root,11,20,25,48,27
Spirotrichea,0,11,22,64,35
root,8,23,19,56,27
root,17,13,62,36,6
root,26,31,19,60,0
Chordata,6,48,0,82,0
Halteria,21,0,24,70,23
Metazoa,0,40,5,82,13
Culex,21,25,24,48,23
Microglena_monadina,66,7,9,42,17
root,120,7,5,10,0
root,20,10,45,50,19
root,9,39,25,72,0
Thiodictyon,0,20,44,64,18
root,135,0,7,0,4
root,16,12,44,60,18
root,77,6,8,36,23
root,12,27,21,64,28
Asparagales,41,5,63,46,0
root,18,26,45,44,24
root,0,0,157,0,0
root,15,27,28,80,10
root,21,38,38,40,23
root,13,11,28,74,34
Cedrus,0,160,0,0,0
Halothiobacillaceae,31,13,16,76,25
Oomycota,21,20,27,72,23
root,16,38,53,42,15
root,0,0,0,0,166
Phasianus_colchicus,25,75,68,0,0
root,25,20,32,80,12
Ranoidea_aurea,0,57,16,84,15
Anguilla,61,111,0,0,0
Podocarpaceae,0,173,0,0,0
Bos_taurus,0,78,0,96,0
Neochanna_diversus,0,73,11,84,7
root,23,30,25,62,39
Sturnus_vulgaris,17,76,33,10,44
Chrysophyceae,31,30,20,70,29
Theaceae,0,180,0,0,0
Chrysophyceae,26,33,23,72,29
root,26,36,27,80,15
root,34,24,31,74,23
Bacteroidetes,18,23,25,100,21
root,0,39,52,38,58
Viridiplantae,127,0,0,44,17
Chamaedrilus,0,19,22,138,12
Euglenales,14,28,48,76,27
Bidens_pilosa,0,0,0,40,153
Lumbriculus_variegatus,28,38,42,54,37
root,19,48,32,80,22
root,20,33,39,82,29
root,0,56,50,70,27
Lemna_minor,6,0,8,0,189
Ciliophora,27,41,38,66,32
Chrysophyceae,40,20,38,76,31
Onagraceae,0,0,0,0,206
root,37,44,40,56,30
Chilodonellidae,48,19,63,42,38
root,0,210,0,0,0
Cryptomonadaceae,38,26,34,80,34
Cryptomonas,30,36,18,96,33
Oxytricha,16,34,27,100,40
Vannella,0,49,18,130,23
root,95,10,25,82,9
Chilodonellidae,47,32,37,84,21
Chrysophyceae,32,32,39,76,43
Sulfuricurvum,12,45,28,102,36
Cygnus_atratus,0,67,16,118,29
Iris,0,0,0,230,0
Cryptomonas,56,33,41,64,38
Oleaceae,0,232,0,0,0
root,15,58,27,98,36
Fungi,20,44,44,82,47
root,29,40,46,104,19
root,29,27,45,96,41
Flavobacterium,15,45,0,130,49
root,21,52,51,72,45
root,31,37,46,110,17
root,0,22,68,122,32
Actinopteri,0,0,0,156,88
Poeae,0,245,0,0,0
Glyceria,0,0,0,248,0
root,52,11,102,86,0
Euglenales,34,46,60,80,32
root,51,40,48,64,49
root,18,161,0,76,0
Ciliophora,48,46,38,84,39
root,57,20,38,92,48
Cryptomonas,58,14,47,106,32
Cryptomonadaceae,47,30,37,96,47
root,36,33,78,98,13
Spumella_like_flagellate_JB,36,46,40,102,41
Chlorophyceae,76,18,35,92,48
Flavobacterium,12,54,54,124,25
root,26,42,54,102,50
root,0,117,67,92,0
Chrysophyceae,68,42,33,86,48
Panicoideae,14,0,19,192,56
root,30,51,62,94,46
Asteraceae,0,292,0,0,0
Ciliophora,34,88,47,80,44
Ciliophora,35,73,54,106,27
root,36,41,80,82,59
Paspalum,0,0,0,300,0
Chordata,0,0,213,0,89
root,44,42,47,130,40
root,31,64,47,122,45
root,0,26,0,262,24
Chrysophyceae,86,56,28,66,86
Anguilla_australis,169,18,17,68,53
root,37,55,55,120,58
Betaproteobacteria,29,59,57,150,35
Holcus,0,260,0,42,28
root,0,0,0,330,0
Chrysophyceae,65,58,47,102,59
Hexanauplia,34,39,39,170,50
root,26,52,79,138,38
root,45,78,70,116,29
root,0,342,0,0,0
root,0,0,0,344,0
Poeae,0,115,0,168,64
Oxytricha,55,54,87,104,49
root,33,56,47,168,50
Haptorida,65,29,56,158,51
root,24,61,61,168,46
Gambusia_affinis,10,55,28,240,29
Cryptomonas,69,38,58,144,54
Paratanytarsus_grimmii,23,64,65,174,38
root,156,38,49,104,18
root,44,80,65,148,29
Poeae,0,373,0,0,0
Carchesium,52,141,83,58,43
root,28,64,83,150,55
Chrysophyceae,49,55,75,150,59
root,50,54,75,150,64
root,0,81,62,196,59
Paraphysomonas_sp,24,93,91,126,64
root,0,0,401,0,0
root,59,75,53,156,59
Chordata,303,68,5,34,6
root,127,76,65,86,67
Chlorophyceae,228,0,36,76,83
root,63,108,87,110,70
Metazoa,0,159,54,152,84
Malikia,108,64,48,206,32
root,59,69,111,182,44
Eukaryota,64,67,74,160,104
root,0,20,9,452,0
Bos_taurus,0,160,110,186,31
Neochanna_diversus,68,195,79,4,143
root,31,94,0,94,272
root,33,80,103,206,71
root,95,53,94,182,73
Spumella_like_flagellate_JB,45,109,86,208,51
Cygnus_atratus,172,145,24,126,33
root,0,0,503,0,0
Betaproteobacteria,69,97,51,230,57
Hexanauplia,73,105,67,150,113
Persicaria,75,18,49,306,62
root,59,80,116,220,55
root,58,159,115,152,51
root,0,184,59,218,77
Viridiplantae,195,31,49,240,26
Chlamydomonadales,112,42,41,270,78
root,64,124,89,216,52
Solanoideae,0,164,0,396,0
root,58,88,104,256,68
Ranunculus,0,0,0,442,137
Cryptomeria_japonica,0,0,573,0,13
Eukaryota,89,95,75,166,166
Vorticella,87,94,107,218,91
Gammaproteobacteria,115,121,78,216,71
root,52,130,124,232,71
root,121,103,126,216,62
root,119,102,115,234,61
Cyclopoida,86,164,76,222,84
Comamonadaceae,63,103,108,280,84
root,42,112,179,240,70
root,75,136,129,220,91
Anguilla_australis,5,94,87,298,196
Poeae,0,75,0,242,368
root,0,0,690,0,0
Polaromonas,91,118,110,282,99
Chromulinospumella_sphaerica,55,131,152,308,75
Cryptomonadaceae,160,82,105,298,89
Nais_communis,0,17,673,34,12
Mallomonadaceae,127,107,121,280,108
Pooideae,93,18,152,264,234
Apiaceae,0,734,0,0,50
Cyperoideae,180,38,91,318,177
Cryptomonadaceae,220,87,116,284,118
unclassified_Cyclops,141,209,92,228,170
Metazoa,67,447,0,318,9
Pooideae,0,750,0,40,77
root,54,124,289,296,122
root,7,181,65,612,56
root,55,151,172,410,141
Geobacter,111,147,110,438,137
root,115,159,182,368,122
root,111,178,191,398,117
Chordata,113,579,60,240,37
Burkholderiales,113,226,169,464,145
root,103,172,282,474,141
Chlorophyta,393,123,165,412,106
root,30,320,418,388,62
root,141,229,204,466,189
Pinus,0,995,0,34,244
root,61,309,236,534,138
Saliceae,0,0,0,716,605
root,13,560,155,452,149
Chlorophyceae,592,115,152,352,140
Rumex,0,127,0,1270,32
root,69,271,304,746,184
Podocarpus,0,528,0,1138,0
Ludwigia,0,0,0,0,1708
Arthropoda,1816,4,0,16,8
Chrysophyceae,231,290,366,636,372
root,121,325,447,734,285
Chrysophyceae,303,254,280,610,478
Ranoidea_aurea,217,632,366,546,239
root,29,474,257,990,274
Chlorophyceae,287,118,286,1392,291
Cupressaceae,0,0,2410,0,0
root,8,209,116,2056,109
Poaceae,542,26,646,544,882
Chlorophyceae,356,203,442,1188,549
root,367,586,550,1018,460
Metazoa,397,709,663,900,345
Gambusia_affinis,324,697,271,1554,169
root,393,513,654,1120,394
Porphyrio_melanotus,658,882,406,1028,237
Cyatheaceae,0,0,3226,0,0
root,544,779,555,866,634
Anas_chlorotis_or_gracilis,173,462,1109,1254,406
Chlamydomonadales,784,259,552,1384,462
Octolasion_lacteum,43,718,273,1932,530
Loteae,0,3153,0,162,269
Neochanna_diversus,0,1017,1292,1242,370
Anas_platyrhynchos,900,705,628,1574,425
Araceae,0,4232,15,90,0
Macromonas,1238,761,639,1906,388
Chlamydomonadales,882,277,875,2840,805
root,327,1186,1519,2126,700
Carchesium,883,1732,922,1760,887
Cyclopidae,946,2027,1634,2048,796
root,698,1007,2029,2904,1272
Anserinae,1054,1897,1568,2528,1271
Bos_taurus,1510,1857,1554,2858,970
root,903,1703,1666,3628,993
Acanthocyclops_robustus,1011,1729,1783,3230,1337
root,62,1657,528,2334,4535
Podocarpaceae,0,0,0,9712,0
Anguilla_australis,1726,1782,2297,4650,1805
Betaproteobacteria,2134,2505,2200,5476,1834
Metazoa,13274,445,108,380,124
Nais_communis_variabilis_complex_sp_A1,20,496,15718,704,481
root,186,4786,1632,11504,3274
root,0,0,15600,0,6173
Lumbriculus_variegatus,189,5531,1513,12784,3498
