﻿tax_assignment,One,Two,Three,Four
root,791,621,36207,57812
Lumbriculus_variegatus,22542,7891,38936,1226
Cyprinus_rubrofuscus,8335,40646,11637,2791
root,12307,27580,3934,4106
Poeae,2222,11547,18287,1067
Cyprinus_rubrofuscus,528,29355,685,585
root,24119,1607,2655,1016
Cyprinus_rubrofuscus,7300,15814,4126,1445
Acanthocyclops_robustus,8130,10273,5260,3962
root,139,656,510,22383
Mesocyclops_leuckarti,3280,3651,6488,8766
Nais_communis_variabilis_complex_sp_A1,10336,9753,0,0
root,3607,6855,5962,1519
root,2031,991,9954,4014
Metazoa,4741,2786,7931,1477
Chordata,1554,8847,3973,1275
Chlorophyceae,1193,10004,942,2785
root,12500,1980,0,0
Anguilla_australis,5971,6504,840,744
Dero,11835,112,462,1646
root,6015,1882,5354,610
Anas_platyrhynchos,11531,53,979,1095
Metazoa,11410,391,536,535
Betaproteobacteria,510,2564,6619,3116
Carassius_auratus,317,1270,5341,5813
Bosmina_longirostris,0,0,3533,8662
root,0,0,0,11422
Gambusia_affinis,1419,5334,1036,3362
Poales,664,2768,7256,374
root,2333,3721,1806,3099
Betaproteobacteria,5502,5126,0,0
root,4199,4472,1320,359
Burkholderiales,2533,2707,2531,2505
Lumbriculus_variegatus,5737,295,4073,5
root,7146,2534,0,82
root,0,9361,0,0
root,3838,2119,2547,293
Araceae,7802,45,0,948
Metazoa,8299,59,365,33
Nais_communis,6667,1283,0,0
Saliceae,452,92,1128,6022
root,6,1663,1427,4425
PACMAD_clade,617,1275,913,4664
Chamaedrilus,375,2066,4756,160
root,2067,9,2843,2323
root,38,7014,0,8
root,0,1431,3025,1896
root,972,2485,807,1888
root,1590,3120,1198,223
root,14,1407,1318,3218
root,1731,3902,233,8
root,792,4872,0,37
root,53,5569,0,0
Araceae,5570,0,0,0
Spirotrichea,1044,348,2767,1238
Bos_taurus,135,43,2152,3026
root,1184,596,1074,2480
root,0,0,19,5278
root,0,3525,1644,0
Cryptomonas,2640,2030,398,76
Metazoa,1745,1371,748,1225
Poeae,0,785,2555,1732
root,177,4437,365,56
Gambusia_affinis,174,4256,40,317
Daphnia_galeata,0,0,3918,800
Cryptomonas,2615,1692,336,70
Cyclopidae,1123,1883,1500,184
root,1376,3222,62,13
Spirotrichea,1172,248,2252,999
Carassius_auratus,246,971,1416,1878
root,0,1514,375,2617
Bothrioneurum_vejdovskyanum,0,0,3821,642
unclassified_Strombidium,11,71,3410,810
Spirotrichea,2092,1421,26,604
Anserinae,3418,23,312,324
root,5,3811,223,0
root,277,1302,1805,612
unclassified_Strombidium,12,100,2929,952
Phytophthora,0,24,3771,118
Spirotrichea,2084,1199,0,549
root,18,0,2212,1591
root,3532,235,20,5
root,566,2024,821,339
Nais,0,3168,489,27
root,2177,922,385,184
Eukerria_saltensis,0,0,0,3642
Pooideae,93,2464,1019,40
root,95,1341,791,1235
root,737,0,1624,1079
Synchaeta,63,2572,547,184
root,29,252,884,2090
Metazoa,701,2186,323,0
root,3198,0,0,0
Chaetogaster_diaphanus,2613,247,14,217
Paraphysomonas_sp,956,1982,90,38
Araceae,2796,16,21,223
Haptorida,0,89,853,2073
Carassius_auratus,0,1589,266,1107
root,1196,1762,0,0
Glyceria,2646,255,0,13
root,1205,788,552,359
root,783,1001,744,364
Cyclopidae,1464,964,285,170
Octolasion_lacteum,43,443,306,2083
Sturnus_vulgaris,2794,0,0,0
Tintinnida,0,490,237,2059
Metazoa,71,2618,27,59
Poaceae,68,186,371,2043
root,71,789,1559,195
root,689,1260,484,97
Anguilla_australis,187,2179,17,60
root,661,921,609,246
root,854,1558,0,0
Tintinnida,6,386,158,1855
Gambusia_affinis,372,1539,477,0
Malpighiales,16,0,350,1994
Metazoa,355,1970,0,16
Flavobacterium,1396,58,363,522
Chrysophyceae,0,0,1330,949
Ciliophora,100,1267,389,492
Chlamydomonadales,269,1919,50,0
Poaceae,1159,691,387,0
Ciliophora,51,1277,440,453
Metazoa,38,2124,0,48
Didiniidae,0,61,729,1404
Cryptomonas,1443,714,36,0
Poeae,0,236,1753,191
root,296,6,1389,402
Cryptomonas,1474,617,0,0
root,145,1406,429,91
root,117,1939,6,0
root,1320,68,609,64
Synura,786,799,176,299
root,664,146,606,635
root,524,735,552,238
root,242,614,1019,168
root,243,1725,58,0
Magnoliopsida,1918,0,0,82
Ciliophora,134,938,798,122
Euglenales,779,1141,65,0
Arthropoda,1488,237,215,20
Metazoa,190,1650,16,86
Dechloromonas,408,567,578,383
Spirotrichea,705,1162,24,0
root,9,917,285,678
root,1850,0,0,0
Spirotrichea,464,0,1148,229
root,1572,232,0,24
Pyrenomonadaceae,716,967,41,103
root,605,1186,10,9
root,0,0,1805,0
Ciliophora,0,882,517,398
Ameiurus_nebulosus,0,715,742,334
root,1786,0,0,0
root,0,1720,4,38
Limnodrilus_hoffmeisteri,126,9,1037,576
Spirotrichea,737,996,0,0
root,1727,0,0,0
Chordata,0,1343,44,327
Chlorophyta,583,723,205,202
Malikia,445,79,359,825
Simocephalus,1066,87,538,10
Dinobryon,66,1424,0,191
root,1681,0,0,0
Ludwigia,54,53,113,1454
Vorticella,210,167,370,923
Dero_digitata,1660,0,7,0
root,34,207,1385,15
Polynucleobacter,667,334,352,281
Chamaedrilus,191,130,1308,0
root,0,0,1065,475
Spirotrichea,275,658,463,138
root,78,71,668,716
root,419,1111,0,0
Euglenales,546,931,35,0
Comamonadaceae,0,0,742,759
Scardinius_erythrophthalmus,0,1059,0,436
root,115,245,566,561
root,0,0,1487,0
root,279,1172,18,11
root,7,729,430,308
Synura,605,584,97,173
Chrysophyceae,0,0,938,520
Chlorophyceae,889,361,160,43
Spirotrichea,242,567,523,115
Micrococcales,309,29,372,722
Macromonas,1405,0,0,0
Hypotrichidium,416,704,0,285
Paspalum,1400,0,0,0
Chaetogaster_diaphanus,1399,0,0,0
root,0,1346,6,41
root,147,237,490,489
Plantago,66,261,783,223
Luna_1_subcluster,191,5,474,662
root,68,1203,13,43
Chlorophyta,1315,0,0,0
Spirotrichea,216,0,1042,35
Ameiurus_nebulosus,0,590,330,357
root,5,1246,0,10
root,502,81,0,672
Hypotrichidium,360,640,19,235
Pandorina_morum,54,288,21,890
Ciliophora,82,574,504,66
Spirotrichea,0,419,350,455
Pooideae,0,1220,0,0
Metazoa,384,728,88,0
root,0,0,0,1199
root,33,1085,0,75
root,0,0,0,1189
root,0,0,333,848
Betaproteobacteria,950,29,155,45
Plantago,54,102,905,111
Pooideae,0,421,746,0
root,0,16,0,1142
Ciliophora,160,555,291,151
Spirotrichea,0,424,335,397
root,33,177,310,624
root,380,739,24,0
Nais,1132,7,0,0
Paraphysomonas_sp,157,203,684,93
Ciliophora,0,564,312,259
root,40,53,511,499
Geobacter,526,216,228,129
root,30,185,128,754
unclassified_Vorticella,1037,5,41,0
root,34,455,532,62
Chlorophyta,1069,0,0,0
root,990,62,12,0
Chrysophyceae,436,418,206,0
Metazoa,0,14,0,1046
root,6,95,804,141
root,0,1005,0,34
root,338,640,40,7
root,0,0,397,624
Metazoa,991,5,15,0
Spirotrichea,0,0,169,832
Neochanna_diversus,597,59,175,163
root,262,715,5,0
Poeae,35,122,772,51
Spirotrichea,0,0,179,782
root,346,412,178,0
root,180,733,21,0
Paratanytarsus_grimmii,918,7,6,0
root,0,0,20,911
Scardinius_erythrophthalmus,0,858,0,65
root,234,331,311,45
root,15,24,742,135
root,13,42,155,689
Loteae,149,125,303,308
root,0,0,255,630
Ameiurus_nebulosus,0,810,17,55
root,14,6,401,460
Chlamydomonadales,78,154,641,0
Physella_acuta,345,89,413,25
root,265,313,198,96
root,0,526,0,346
root,287,404,80,100
root,145,441,278,6
root,868,0,0,0
Chydorus_brevilabris,20,0,789,46
Scardinius_erythrophthalmus,0,785,0,66
Burkholderiales,120,94,298,335
Cyprinus_rubrofuscus,79,737,30,0
root,121,655,9,61
root,215,612,18,0
root,194,606,15,8
root,143,294,342,43
Limnodrilus_hoffmeisteri,81,0,15,725
root,0,466,56,287
root,349,444,4,10
Scardinius_erythrophthalmus,0,703,0,100
root,0,259,369,156
root,37,19,491,234
Chlorophyceae,567,189,0,21
Bidens_pilosa,74,682,5,12
Viridiplantae,79,567,22,104
root,107,70,273,313
root,27,23,620,90
Synchaetidae,101,478,129,42
Mugil_cephalus,0,744,0,0
Chrysophyceae,337,247,150,9
root,724,14,0,0
root,0,0,587,151
Limnodrilus_hoffmeisteri,0,0,0,730
Flavobacterium,250,119,161,196
root,0,0,269,457
root,724,0,0,0
root,382,275,56,7
root,234,455,22,0
root,6,605,97,0
Cryptomonas,443,253,9,0
Tubifex_tubifex,0,101,578,25
root,246,449,6,0
root,74,146,214,260
root,59,381,186,64
root,85,4,529,71
root,90,484,93,18
Spirotrichea,124,30,0,529
Cryptomonas,400,282,0,0
Microcarbo_melanoleucos,180,28,471,0
50_kb_inversion_clade,66,83,235,289
Anthoxanthum,18,14,620,16
root,542,122,0,0
root,44,112,62,446
Ludwigia,23,0,15,623
root,127,462,18,48
Poeae,0,0,654,0
root,0,257,9,383
Gammaproteobacteria,343,40,116,138
root,458,166,7,0
Rhodoluna,158,0,213,252
Chlamydomonadales,11,89,519,0
Ciliophora,0,20,598,0
Asparagaceae,559,0,6,52
Spirotrichea,42,0,0,569
root,609,0,0,0
Spirotrichea,168,429,0,0
root,112,284,0,200
Cytophagaceae,0,0,8,585
root,47,294,195,57
Spirotrichea,150,423,20,0
root,64,449,79,0
Synchaetidae,70,352,106,61
root,135,264,115,69
Rotaria_rotatoria,581,0,0,0
root,249,315,11,0
root,572,0,0,0
root,91,0,376,105
root,0,0,99,471
root,425,71,52,17
root,0,9,9,544
root,27,522,0,0
root,0,4,511,26
Polygonoideae,90,17,88,342
root,0,327,64,146
root,447,78,9,0
root,66,310,32,125
root,33,10,296,191
root,0,0,205,322
root,408,82,34,0
Gobiomorphus,0,0,0,523
Trichosurus_vulpecula,0,0,319,202
Panicoideae,516,0,0,0
root,0,9,14,493
root,18,469,22,0
Paenibacillaceae,0,0,186,320
root,114,167,189,34
root,71,271,65,95
Physella_acuta,274,29,197,0
Chlamydomonadales,418,8,14,56
Chlamydomonadales,76,419,0,0
Filinia,98,306,0,90
root,484,0,4,4
Arcicella,0,0,4,480
Paludibacter,283,67,60,67
root,0,0,339,134
root,208,190,73,0
root,77,162,24,202
root,18,440,0,6
unclassified_Paraphysomonas,25,0,184,252
root,0,0,171,288
Spirotrichea,91,221,0,146
root,11,287,60,100
root,323,131,0,0
Chlamydomonas,58,348,0,41
Metazoa,14,106,249,76
Vorticella,118,57,11,258
Spirotrichea,200,239,0,0
Comamonadaceae,0,109,230,98
root,24,30,8,375
unclassified_Frontoniidae,0,0,397,40
root,0,0,89,347
root,30,88,213,103
Metazoa,0,156,0,277
root,20,72,199,140
root,0,16,403,8
root,0,93,176,157
root,0,0,182,243
Rotifera,0,84,31,307
root,133,153,124,12
root,128,292,0,0
root,44,361,14,0
root,33,385,0,0
Pedinellales,24,48,223,121
root,100,297,6,0
root,4,5,251,143
root,144,182,66,9
Ciliophora,56,218,8,119
root,227,151,22,0
Crocinitomicaceae,71,0,132,192
Rhodobacteraceae,57,109,102,127
Chitinophagaceae,119,26,91,156
root,85,266,13,26
root,0,389,0,0
Ciliophora,0,9,380,0
Euglenaceae,152,236,0,0
root,37,37,288,24
Spirotrichea,0,0,0,386
Bacteroidetes,116,63,95,109
Strobilidiidae,0,0,175,207
Urocentrum,0,0,289,91
root,82,288,6,0
root,12,11,101,250
Micrococcales,0,0,81,293
Ciliophora,0,0,356,17
root,60,311,0,0
root,0,371,0,0
Flavobacterium,27,0,152,189
Chitinophagaceae,55,259,37,16
Porphyrio_melanotus,356,10,0,0
root,37,323,0,0
root,4,0,130,225
Ploima,34,54,211,57
root,0,6,205,145
root,0,0,0,356
Actinomycetia,60,0,119,176
Hexanauplia,123,109,92,29
root,6,0,157,189
root,0,0,40,312
Tintinnopsis,0,0,5,344
Metazoa,321,0,0,27
root,0,5,6,336
Metazoa,0,0,332,14
Nitzschia,344,0,0,0
Spirotrichea,153,191,0,0
root,4,86,143,111
Nais,41,213,89,0
Cytophagaceae,0,26,128,189
root,342,0,0,0
Limnodrilus,8,150,111,71
unclassified_Vorticella,340,0,0,0
Limnodrilus_udekemianus,0,0,339,0
root,0,23,187,125
root,10,9,193,119
unclassified_Frontoniidae,0,6,304,19
Chlamydodontida,0,23,306,0
root,0,0,9,319
Nais,10,116,199,0
root,0,324,0,0
Spirotrichea,0,0,11,313
Embryophyta,0,0,320,0
root,13,161,145,0
Polygoneae,258,60,0,0
Culex,218,31,68,0
Chlamydomonadales,230,86,0,0
root,0,0,315,0
Asparagales,309,0,0,5
Chrysophyceae,314,0,0,0
Chromulinospumella_sphaerica,256,56,0,0
Urocentrum,0,0,255,56
root,125,63,114,9
Betaproteobacteria,141,40,61,68
Gambusia_affinis,27,268,4,10
root,178,124,0,6
root,119,167,20,0
Synchaeta,0,250,17,38
root,164,141,0,0
Metazoa,172,19,112,0
root,285,17,0,0
Dileptidae,19,154,8,119
Desulfuromonadales,157,8,52,82
Ciliophora,0,0,265,34
Metazoa,0,52,30,216
root,55,237,0,0
Betaproteobacteria,241,50,0,0
root,0,244,0,47
root,54,237,0,0
root,0,41,249,0
Gobiomorphus_cotidianus,0,0,289,0
Naidinae,289,0,0,0
Ciliophora,0,129,22,138
Chordata,154,134,0,0
Aulodrilus_pluriseta,0,0,0,286
Brassica,0,50,215,21
root,167,73,39,7
root,0,286,0,0
Reichenbachiellaceae,106,42,93,44
Ovis_aries,0,0,121,163
Cryptomonadaceae,284,0,0,0
root,87,25,73,97
root,0,282,0,0
Microbacteriaceae,13,0,94,174
root,0,279,0,0
Luna_1_subcluster,0,4,67,203
Medicago,0,269,0,0
Metazoa,262,6,0,0
Euglenales,76,164,0,27
root,0,5,262,0
Chlorophyta,165,101,0,0
root,60,0,102,104
Burkholderiales_genera_incertae_sedis,26,49,160,29
root,30,127,102,5
Chordata,10,131,0,122
Metazoa,255,6,0,0
Filinia,13,197,0,48
Dinobryon,14,223,0,21
root,258,0,0,0
root,0,257,0,0
Rumex,0,0,75,179
root,252,0,0,0
root,50,190,9,0
Metazoa,29,13,74,132
Spirogyra,247,0,0,0
root,73,174,0,0
root,20,227,0,0
Lepidoptera,0,0,0,247
root,52,183,11,0
unclassified_Paraphysomonas,13,0,136,96
root,28,179,28,9
root,18,148,53,25
Daphnia,0,0,243,0
Tintinnopsis,0,0,4,239
root,28,211,0,4
Cygnus_atratus,208,0,0,34
Phacus,88,143,0,11
Spirotrichea,141,101,0,0
root,8,111,113,10
root,0,4,164,73
Chilodonellidae,0,0,240,0
root,172,20,30,17
root,64,11,164,0
Neochanna_diversus,56,0,182,0
root,0,238,0,0
root,232,0,5,0
root,52,69,106,10
root,0,0,9,228
Eukaryota,0,27,199,10
Anas_platyrhynchos,209,0,0,26
Cytophagaceae,0,0,21,214
root,86,149,0,0
root,0,0,42,193
Caprinae,0,0,147,86
root,0,12,193,24
Apiaceae,0,0,228,0
root,228,0,0,0
Retropinna_retropinna,0,0,0,227
root,41,11,25,148
Anguilla_australis,152,71,0,0
Dinobryon,6,204,0,13
root,55,168,0,0
root,37,185,0,0
root,0,0,191,31
Eubosmina_coregoni,0,0,163,58
root,0,6,198,17
Vorticella,200,20,0,0
Persicaria,89,22,27,82
root,13,203,4,0
Insecta,0,218,0,0
root,0,0,218,0
root,15,0,202,0
root,0,200,0,16
Synchaeta_pectinata,8,207,0,0
Naididae,214,0,0,0
Metazoa,201,7,6,0
root,0,0,0,214
Proteobacteria,0,0,20,194
root,0,213,0,0
root,69,143,0,0
root,37,153,22,0
Proteobacteria,210,0,0,0
root,16,5,81,108
Asteraceae,58,151,0,0
root,53,156,0,0
Rubioideae,139,35,0,34
root,0,0,0,208
Chrysophyceae,66,134,7,0
root,0,207,0,0
root,51,137,11,7
root,0,177,29,0
Metazoa,191,4,10,0
root,0,36,164,5
root,0,190,15,0
Chlorophyceae,126,78,0,0
Solanoideae,39,164,0,0
root,169,34,0,0
root,0,87,32,84
Crocinitomicaceae,0,0,172,30
root,42,20,123,17
root,10,192,0,0
root,0,0,0,202
root,22,173,6,0
Cryptomonadaceae,20,156,24,0
root,102,98,0,0
root,137,18,0,44
Viridiplantae,27,0,18,152
Zosterops_lateralis,55,0,69,72
Ciliophora,4,74,36,82
root,0,196,0,0
root,178,5,12,0
Chlorophyceae,58,0,137,0
Pandorina,0,0,193,0
root,192,0,0,0
Metazoa,23,0,169,0
Myosotis_laxa,0,128,10,53
root,0,48,143,0
root,6,0,35,150
Ranunculus,0,190,0,0
Peronosporaceae,0,0,189,0
Metazoa,50,87,34,18
root,0,38,151,0
root,0,0,0,188
root,157,22,8,0
root,31,156,0,0
root,18,112,55,0
Poa,0,52,132,0
root,22,58,99,5
root,19,133,16,16
Cryptomonadaceae,183,0,0,0
Bacteroidetes,33,150,0,0
root,0,35,40,108
Metazoa,12,49,103,18
root,44,138,0,0
root,0,0,176,6
Oligoflexia,0,0,117,65
root,164,17,0,0
Cytophagaceae,10,0,64,105
root,0,175,4,0
root,31,147,0,0
Naididae,177,0,0,0
Viridiplantae,0,177,0,0
root,15,156,6,0
root,148,13,5,11
Anguilla_australis,62,114,0,0
Poaceae,0,30,0,146
Persicaria,40,19,23,92
Podocarpus,0,0,0,174
root,27,29,118,0
Mugil_cephalus,39,134,0,0
root,8,157,8,0
Metazoa,172,0,0,0
root,61,111,0,0
root,7,165,0,0
root,0,70,7,94
Fabaceae,99,0,11,60
Trebouxiophyceae,17,14,24,115
Porcellio_scaber,0,0,119,50
root,169,0,0,0
Arcobacter_group,168,0,0,0
Metazoa,168,0,0,0
root,92,76,0,0
Chilodonella,0,0,165,0
Poaceae,0,55,110,0
Metazoa,0,21,123,21
root,0,165,0,0
root,0,4,137,24
root,0,0,0,164
Pedinellales,114,49,0,0
Phacus,54,108,0,0
Flavobacterium,0,0,0,162
root,150,12,0,0
root,54,40,39,29
root,8,146,8,0
root,0,90,45,26
root,0,21,116,24
root,0,161,0,0
Chordata,40,119,0,0
root,10,58,34,57
Chlorophyceae,158,0,0,0
root,0,0,118,39
root,40,117,0,0
Anguilla_australis,12,144,0,0
root,36,120,0,0
root,32,0,84,40
root,0,0,156,0
Rhodomonas,0,120,0,35
Polygonoideae,0,0,120,35
root,0,86,69,0
root,0,155,0,0
root,0,124,31,0
Brassiceae,0,0,155,0
Phytophthora_riparia,0,0,154,0
root,119,34,0,0
root,152,0,0,0
root,0,9,91,52
root,15,0,107,29
root,0,0,102,48
root,0,0,0,150
Cochliopodium,138,0,11,0
Mugil,61,88,0,0
Cryptomonadaceae,21,122,6,0
Viridiplantae,149,0,0,0
root,0,32,23,94
Crocinitomicaceae,148,0,0,0
Metazoa,61,47,6,34
root,0,148,0,0
Actinomycetia,49,0,14,84
Metazoa,19,120,7,0
Eukaryota,0,7,135,4
root,0,0,6,139
root,0,0,15,129
Metazoa,88,5,46,4
Viridiplantae,142,0,0,0
root,142,0,0,0
Microbacteriaceae,59,62,9,11
root,141,0,0,0
root,36,101,4,0
root,0,61,0,80
Poaceae,0,0,140,0
root,7,133,0,0
root,13,112,0,15
Poaceae,0,17,122,0
Ploima,47,12,57,22
Bos_taurus,0,5,16,116
Hexanauplia,66,15,30,26
Chlorophyceae,0,102,35,0
Euglenaceae,59,77,0,0
Chitinophagaceae,38,43,48,7
root,136,0,0,0
Hyphomicrobiales,10,74,52,0
root,19,116,0,0
root,0,0,135,0
Pooideae,0,109,25,0
root,32,55,47,0
Ciliophora,78,0,56,0
root,9,91,34,0
Lemna_minor,133,0,0,0
Euglenaceae,66,67,0,0
root,0,133,0,0
root,132,0,0,0
Bacteroidetes,132,0,0,0
root,50,82,0,0
root,0,0,0,132
root,0,0,0,132
Spirotrichea,112,19,0,0
root,20,72,39,0
root,0,10,0,121
Ciliophora,0,0,0,131
root,0,131,0,0
Metazoa,130,0,0,0
Limnodrilus_hoffmeisteri,0,0,0,129
root,85,33,5,6
root,129,0,0,0
root,6,0,9,114
Trichosurus_vulpecula,0,0,0,128
Peronosporaceae,0,0,128,0
root,26,102,0,0
Ranunculus,0,0,16,111
root,53,23,51,0
root,5,0,121,0
Gambusia_affinis,0,125,0,0
Flavobacterium,0,0,14,111
Pooideae,125,0,0,0
root,18,56,0,51
Arthropoda,125,0,0,0
root,0,124,0,0
root,12,103,0,9
Vorticella,123,0,0,0
Metazoa,123,0,0,0
Polynucleobacter,122,0,0,0
Coprosma,107,0,0,15
Chitinophagaceae,51,38,17,15
Pedinellales,0,6,68,47
root,0,121,0,0
Dileptidae,0,69,0,51
Euglenales,20,95,0,5
Eurotatoria,120,0,0,0
root,15,105,0,0
root,10,110,0,0
Synchaeta,0,75,38,6
Vacuolariaceae,119,0,0,0
root,0,11,102,6
Metazoa,13,68,0,38
Chlorophyceae,0,90,0,29
Chordata,119,0,0,0
Metazoa,13,105,0,0
root,19,0,0,99
Cryptomonas,98,19,0,0
Chilodonella,0,0,117,0
root,0,93,24,0
root,0,0,34,83
Holophrya,116,0,0,0
root,115,0,0,0
unclassified_Vorticella,0,0,115,0
root,38,76,0,0
Metazoa,12,69,8,25
Metazoa,0,0,33,81
root,0,0,107,7
root,62,52,0,0
root,113,0,0,0
root,0,0,103,10
Ciliophora,44,0,68,0
root,7,0,95,10
root,0,0,93,19
root,0,112,0,0
Flavobacteriales,0,111,0,0
root,0,0,111,0
Osmunda_regalis,0,0,7,103
Bacteroidetes,0,0,37,73
root,0,7,91,12
root,91,15,0,4
root,109,0,0,0
root,108,0,0,0
root,90,7,0,11
Metazoa,60,0,48,0
root,0,101,7,0
root,0,108,0,0
Rhodospirillales,107,0,0,0
root,0,96,0,11
root,0,70,37,0
root,0,0,107,0
Phacus,48,58,0,0
Coprosma,88,0,0,18
Keratella,0,0,106,0
root,7,41,22,36
root,0,33,73,0
root,0,85,21,0
root,14,92,0,0
root,86,0,19,0
Chrysophyceae,43,62,0,0
Bacteroidetes,4,11,78,12
Dama_dama,0,0,104,0
Bromus,15,16,45,28
Spirochaeta,33,7,28,36
Turdus,0,0,104,0
Halteria,0,0,50,54
Poeae,0,56,15,33
root,57,47,0,0
root,26,0,78,0
root,0,95,0,9
root,42,53,8,0
Chordata,0,103,0,0
root,0,90,13,0
Rotaria_rotatoria,102,0,0,0
Geothrix,55,29,18,0
Ranunculus,15,0,25,62
root,10,92,0,0
root,102,0,0,0
Betaproteobacteria,0,6,58,38
root,0,0,0,102
Oxytrichidae,0,101,0,0
Chlorophyta,91,10,0,0
root,0,41,48,12
root,5,69,7,20
Ranoidea_aurea,100,0,0,0
Physella,0,0,100,0
root,71,28,0,0
root,35,48,9,7
root,0,0,0,99
Trachelomonas,34,64,0,0
Azospirillaceae,0,98,0,0
root,0,71,16,11
root,0,35,53,10
root,9,28,46,15
Naididae,97,0,0,0
root,97,0,0,0
Insecta,62,0,35,0
Metazoa,19,35,27,15
Metazoa,0,96,0,0
Metazoa,48,47,0,0
Lumbriculidae,73,0,21,0
Lumbriculidae,75,0,19,0
root,94,0,0,0
Ploima,0,0,0,94
root,53,41,0,0
root,0,80,8,6
Chordata,94,0,0,0
root,0,57,0,37
root,51,43,0,0
root,0,24,69,0
root,0,22,71,0
root,0,18,27,48
root,0,93,0,0
root,92,0,0,0
root,14,67,11,0
root,6,86,0,0
Cypriniformes,0,0,54,38
Daphnia,0,0,91,0
root,0,51,40,0
root,0,73,0,18
Euteleostomi,91,0,0,0
Cytophagaceae,0,90,0,0
root,90,0,0,0
root,51,19,20,0
Metazoa,0,0,0,90
root,0,90,0,0
root,0,81,9,0
root,0,0,29,61
root,0,0,20,70
Limnophyes,24,60,0,5
Polygonoideae,63,26,0,0
Pooideae,0,66,23,0
root,70,19,0,0
root,39,50,0,0
root,0,78,0,11
root,0,89,0,0
Metazoa,51,37,0,0
root,18,70,0,0
Actinomycetia,6,5,15,62
root,0,0,88,0
root,5,0,0,83
Metazoa,45,43,0,0
Cyprinoidei,0,0,0,88
Pooideae,0,23,64,0
Eukaryota,21,66,0,0
root,0,87,0,0
root,0,82,0,5
Metazoa,31,0,56,0
root,0,81,0,6
root,87,0,0,0
Daphnia_obtusa_group_sp_3_EUR,86,0,0,0
root,86,0,0,0
root,0,86,0,0
root,0,0,77,9
Physella_acuta,0,0,85,0
Armophorea,85,0,0,0
Alphaproteobacteria,18,37,0,30
root,15,70,0,0
root,59,26,0,0
root,0,0,12,73
Phaeophyceae,29,55,0,0
root,21,5,50,8
root,0,11,0,73
Passer_domesticus,0,0,83,0
root,0,83,0,0
root,0,27,56,0
Gammaproteobacteria,10,0,30,43
Spirotrichea,21,62,0,0
root,4,79,0,0
Chordata,0,0,49,34
root,0,83,0,0
root,0,0,65,18
root,0,0,24,59
Metazoa,0,83,0,0
root,0,0,72,11
root,0,83,0,0
root,22,29,6,26
Poa,0,35,0,47
Daphnia,0,0,82,0
Metazoa,17,0,60,5
Chordata,0,0,82,0
Ulvophyceae,75,6,0,0
root,21,60,0,0
root,13,68,0,0
Metazoa,47,0,25,9
Spumella_like_flagellate_JB,0,81,0,0
Chordata,45,36,0,0
Poeae,0,0,81,0
root,81,0,0,0
Cryptomonas,61,9,10,0
root,80,0,0,0
Methylomonas,65,4,0,10
Chrysophyceae,79,0,0,0
root,60,14,5,0
root,15,64,0,0
root,79,0,0,0
root,0,35,13,31
root,0,8,52,19
Rubiaceae,78,0,0,0
Cyclopidae,0,0,15,63
Euglenaceae,29,49,0,0
root,0,0,78,0
root,19,52,7,0
Ciliophora,21,0,57,0
root,0,17,50,11
root,54,13,11,0
Ovis_aries,0,0,18,59
Gambusia_affinis,77,0,0,0
Euglenaceae,77,0,0,0
Pooideae,40,0,31,6
root,7,70,0,0
root,0,0,37,40
Pooideae,0,76,0,0
Chlorophyceae,62,14,0,0
root,76,0,0,0
Kinetoplastea,23,47,6,0
root,7,69,0,0
Trichosurus_vulpecula,0,0,0,75
Ilyodrilus,0,0,0,75
Metazoa,51,0,24,0
root,0,75,0,0
root,0,16,33,26
Chordata,0,0,0,75
Hyphomicrobiales,0,75,0,0
root,75,0,0,0
Crocinitomicaceae,74,0,0,0
root,47,27,0,0
root,0,74,0,0
root,0,0,0,74
Fungi,0,5,34,34
root,11,48,0,14
root,0,9,52,12
root,0,0,63,10
root,0,65,8,0
root,11,0,9,53
root,0,73,0,0
Rotaria_rotatoria,72,0,0,0
Rhodoblastus,25,0,47,0
Novosphingobium,0,0,0,72
Onagraceae,0,0,0,72
Chlorophyta,72,0,0,0
root,72,0,0,0
root,6,66,0,0
root,0,72,0,0
Metazoa,0,0,72,0
root,0,11,0,61
Mugil_cephalus,0,71,0,0
Glyceria,0,71,0,0
Pooideae,0,33,38,0
Metazoa,52,19,0,0
root,16,31,24,0
root,0,0,71,0
root,0,55,0,16
root,5,26,22,18
Oedogonium_sp_Lake_Mendota,70,0,0,0
Brachionus,0,0,70,0
Oedogoniaceae,51,0,0,19
Spongomonadidae,0,28,42,0
root,66,4,0,0
root,0,0,70,0
root,0,70,0,0
root,27,0,43,0
root,0,70,0,0
Pooideae,0,0,69,0
root,0,0,15,54
root,24,32,0,13
Chordata,0,69,0,0
root,0,15,54,0
root,0,11,42,16
root,0,27,38,4
Solanaceae,4,64,0,0
root,64,4,0,0
root,0,0,68,0
Metazoa,12,51,5,0
Mammalia,0,0,68,0
root,68,0,0,0
root,0,68,0,0
Ameiurus_nebulosus,0,54,13,0
Acetobacteraceae,14,53,0,0
Ilumatobacteraceae,49,0,18,0
Pooideae,0,14,53,0
Podocarpaceae,0,0,52,15
Solanoideae,0,57,0,10
Chlorophyceae,21,46,0,0
root,0,55,0,12
Metazoa,0,67,0,0
root,0,0,67,0
Magnoliopsida,0,0,67,0
root,0,0,67,0
Lamiaceae,5,0,0,61
root,36,30,0,0
Spirotrichea,15,51,0,0
Cypriniformes,66,0,0,0
root,0,66,0,0
root,0,66,0,0
Brassicaceae,0,0,0,65
Chordata,0,0,65,0
Chordata,39,26,0,0
root,28,37,0,0
root,0,0,0,65
root,0,0,0,65
root,0,0,0,65
root,28,36,0,0
Firmicutes,23,26,11,4
root,0,0,10,54
Vorticella,63,0,0,0
Moraxellaceae,0,0,63,0
root,63,0,0,0
root,4,0,59,0
root,0,63,0,0
root,0,63,0,0
root,0,0,0,63
root,16,37,0,10
Chlamydomonas,32,30,0,0
root,26,36,0,0
root,0,62,0,0
root,4,58,0,0
Metazoa,20,42,0,0
Chordata,0,0,62,0
root,0,11,25,26
Poales,0,0,62,0
root,6,56,0,0
root,0,0,62,0
root,0,0,12,50
root,62,0,0,0
Alphamonas,11,50,0,0
root,61,0,0,0
root,31,30,0,0
root,7,54,0,0
Metazoa,0,0,61,0
root,0,8,19,34
root,0,0,61,0
root,0,0,5,56
Anguilla,0,0,60,0
Methylophilaceae,13,0,28,19
Proteobacteria,60,0,0,0
Spumella_like_flagellate_JB,12,48,0,0
root,0,36,4,20
Metazoa,0,0,0,60
root,0,60,0,0
root,0,0,48,12
Trichosurus_vulpecula,0,5,0,54
Holophrya,59,0,0,0
Tolumonas,0,0,0,59
Siluaniidae,0,7,52,0
root,23,36,0,0
root,59,0,0,0
root,0,59,0,0
root,0,0,0,59
root,0,59,0,0
Physella_acuta,12,0,46,0
Bos_taurus,0,0,23,35
Vorticella,43,0,15,0
Chlorophyta,16,42,0,0
root,19,4,20,15
Insecta,58,0,0,0
Chordata,0,48,0,10
root,0,0,49,9
root,0,0,58,0
Danthonieae,0,0,58,0
Fungi,0,58,0,0
Poeae,0,0,58,0
Metazoa,0,58,0,0
root,0,58,0,0
root,8,50,0,0
Stentor,47,0,0,10
Phacus,27,30,0,0
root,36,21,0,0
root,10,5,23,19
root,0,57,0,0
root,0,0,49,8
root,0,57,0,0
root,0,0,45,12
root,0,0,0,57
Anguilla,56,0,0,0
Gammaproteobacteria,56,0,0,0
root,0,56,0,0
root,0,0,40,16
Ciliophora,0,0,0,56
root,0,56,0,0
Oxytrichidae,0,55,0,0
root,48,7,0,0
Metazoa,6,28,0,21
Chrysophyceae,0,0,55,0
Metazoa,0,0,27,28
root,0,55,0,0
root,0,55,0,0
root,21,34,0,0
root,0,0,0,55
root,0,0,0,55
Dactylis_glomerata,54,0,0,0
Vitreochlamys_aulata,7,47,0,0
root,0,54,0,0
root,12,37,5,0
root,0,5,38,11
Sporadotrichida,0,0,28,26
root,0,0,54,0
root,0,34,4,16
root,0,38,4,12
root,0,54,0,0
Thiodictyon,53,0,0,0
Cryptomonadaceae,23,30,0,0
Ciliophora,6,47,0,0
Pedinellales,0,53,0,0
root,0,53,0,0
Metazoa,0,53,0,0
root,0,0,12,41
Tetrasporales,0,0,0,53
root,0,53,0,0
Oligoflexia,0,14,8,31
root,0,0,53,0
root,0,11,0,42
root,0,0,53,0
root,0,0,0,53
Keratella,0,0,52,0
root,18,0,24,10
root,35,17,0,0
root,0,47,5,0
Chordata,0,52,0,0
Flavobacteriales,0,0,42,10
root,0,44,0,8
root,0,52,0,0
root,0,6,0,46
Bodo,51,0,0,0
Chaetonotidae,51,0,0,0
Chlorophyceae,51,0,0,0
root,45,0,6,0
root,0,10,0,41
root,51,0,0,0
Chordata,0,51,0,0
root,0,51,0,0
root,0,0,0,51
Chlamydomonadales,51,0,0,0
root,0,0,51,0
root,0,11,16,24
root,0,0,39,12
Cervus_elaphus,0,0,50,0
Pinnularia,50,0,0,0
Coleochaete,50,0,0,0
Galium,12,21,7,10
root,50,0,0,0
root,50,0,0,0
unclassified_Cyclops,26,24,0,0
root,50,0,0,0
Euglenales,50,0,0,0
root,0,23,0,27
Cypriniformes,0,0,50,0
Metazoa,0,37,0,13
root,0,50,0,0
root,0,0,50,0
root,0,0,18,32
Alphaproteobacteria,5,4,31,9
root,0,0,0,49
root,49,0,0,0
root,0,0,37,12
root,30,13,0,6
root,0,49,0,0
root,0,49,0,0
Hydra_vulgaris,0,0,0,48
Clostridium,0,48,0,0
Cyclopidae,0,0,6,42
root,48,0,0,0
Ploima,0,0,0,48
root,48,0,0,0
Cyclopoida,0,40,8,0
root,19,20,4,5
Chordata,0,0,48,0
root,48,0,0,0
root,0,0,42,6
root,0,6,30,12
Hymenostomatida,0,0,48,0
root,0,42,0,6
root,0,0,48,0
Pristina,33,5,5,4
Mugil,0,47,0,0
Cryptomonadaceae,6,41,0,0
unclassified_Chloromonas,0,0,0,47
root,28,19,0,0
root,0,47,0,0
root,0,47,0,0
root,0,34,13,0
Metazoa,0,18,0,29
root,0,0,0,47
root,18,29,0,0
root,0,0,47,0
root,0,0,0,47
root,47,0,0,0
Chordata,47,0,0,0
root,47,0,0,0
Cygnus_atratus,30,0,4,12
Apiaceae,0,0,7,39
Chlamydomonadales,13,0,0,33
Chordata,46,0,0,0
Viridiplantae,46,0,0,0
Spumella_like_flagellate_JB,24,8,14,0
Chordata,46,0,0,0
root,0,46,0,0
Metazoa,0,0,0,46
root,0,0,9,37
root,0,0,0,46
root,12,34,0,0
Metazoa,4,12,0,30
root,46,0,0,0
root,0,46,0,0
Carchesium,0,0,0,45
Anguilla,45,0,0,0
Eurotatoria,45,0,0,0
root,38,7,0,0
root,45,0,0,0
root,33,0,12,0
root,18,7,20,0
root,0,0,16,29
root,0,0,39,6
Haptorida,0,0,14,31
root,45,0,0,0
root,24,0,0,21
root,0,0,20,25
root,0,0,0,45
root,44,0,0,0
root,38,6,0,0
Metazoa,5,39,0,0
Euteleostomi,44,0,0,0
root,0,0,44,0
root,0,0,44,0
Chlorophyta,0,0,0,44
root,17,0,27,0
root,6,0,6,32
root,0,44,0,0
root,0,0,0,44
root,0,0,26,17
Eurotatoria,43,0,0,0
root,0,38,0,5
root,0,32,11,0
root,8,35,0,0
root,43,0,0,0
root,0,5,27,11
root,0,23,20,0
root,0,43,0,0
root,0,43,0,0
root,0,43,0,0
root,0,0,43,0
root,0,0,0,43
root,0,0,0,43
Chordata,43,0,0,0
root,0,7,36,0
root,43,0,0,0
Paracyclops_fimbriatus,42,0,0,0
Lumbricus_rubellus,5,7,5,25
Iris,28,9,5,0
Dileptus,0,34,8,0
Magnoliopsida,0,0,42,0
Metazoa,16,26,0,0
root,0,42,0,0
root,42,0,0,0
root,0,5,0,37
root,0,0,42,0
Hyphomicrobiales,0,8,34,0
root,0,32,0,10
root,0,0,42,0
root,0,0,0,42
Turdus_philomelos,7,0,0,34
Cytophagaceae,0,0,10,31
Xanthophyceae,41,0,0,0
Viridiplantae,41,0,0,0
root,8,25,8,0
Metazoa,0,0,0,41
root,0,0,31,10
root,0,7,16,18
root,0,0,24,17
root,0,0,26,15
root,0,0,0,41
root,0,0,0,41
root,41,0,0,0
Oryctolagus_cuniculus,0,0,40,0
Brachionus,0,0,40,0
Limnobacter,0,0,40,0
Arcicella,0,0,0,40
Araucariaceae,0,40,0,0
Metazoa,40,0,0,0
root,28,12,0,0
root,11,29,0,0
root,0,16,20,4
Chlamydiae,4,0,10,26
root,20,20,0,0
root,35,5,0,0
root,0,0,0,40
Aves,0,0,40,0
Chordata,0,0,40,0
root,0,0,22,18
root,0,0,40,0
root,0,0,18,22
root,0,0,40,0
root,0,40,0,0
root,4,0,0,36
root,0,0,11,29
root,0,0,40,0
Cypriniformes,0,0,40,0
root,0,0,0,40
Stentor,39,0,0,0
Anatidae,39,0,0,0
root,9,30,0,0
root,39,0,0,0
root,8,31,0,0
root,21,18,0,0
root,7,32,0,0
Chlorophyta,21,18,0,0
root,0,39,0,0
Metazoa,0,0,0,39
root,0,35,4,0
Metazoa,0,39,0,0
Spumella_like_flagellate_JB,15,0,17,7
root,16,23,0,0
root,0,0,39,0
root,35,4,0,0
root,0,0,0,39
Nephroselmis,9,29,0,0
Chordata,38,0,0,0
root,38,0,0,0
root,14,24,0,0
root,8,0,30,0
Chlorophyceae,38,0,0,0
root,0,38,0,0
Insecta,38,0,0,0
Metazoa,0,38,0,0
root,0,38,0,0
root,0,22,16,0
Chaetogaster_diastrophus,0,0,0,37
Novosphingobium,0,28,9,0
Nephroselmidaceae,4,33,0,0
Pooideae,0,37,0,0
Holophagaceae,37,0,0,0
Typhaceae,0,0,0,37
Embryophyta,0,0,0,37
Spumella_like_flagellate_JB,15,5,17,0
root,0,0,19,18
Oomycota,0,28,9,0
root,0,0,32,5
root,0,0,37,0
root,0,37,0,0
root,0,0,37,0
root,0,0,0,37
root,12,9,0,16
Galaxias_maculatus,0,36,0,0
Pinus,18,13,0,5
Weeksellaceae,36,0,0,0
Scotinosphaeraceae,6,30,0,0
Lauraceae,36,0,0,0
Chlamydomonadaceae,6,30,0,0
Arthropoda,0,27,9,0
root,0,36,0,0
root,15,21,0,0
root,0,21,15,0
root,11,25,0,0
Metazoa,36,0,0,0
Chordata,0,36,0,0
Chordata,0,0,0,36
root,0,0,36,0
root,0,36,0,0
root,0,28,8,0
root,0,13,23,0
root,0,0,8,28
Chordata,0,0,0,36
Prunella_modularis,35,0,0,0
Azonexaceae,35,0,0,0
Chlamydomonadaceae,0,35,0,0
Magnoliopsida,35,0,0,0
root,29,6,0,0
root,0,35,0,0
root,0,35,0,0
Cyprinoidei,0,35,0,0
root,0,0,35,0
Metazoa,0,0,35,0
root,0,35,0,0
root,0,0,0,35
root,0,35,0,0
root,0,35,0,0
root,0,0,26,9
root,35,0,0,0
Mallomonas,34,0,0,0
Myriophyllum,12,0,0,22
Chaetonotus,34,0,0,0
Myriophyllum,16,0,0,18
Alphamonas,27,7,0,0
Alnus,34,0,0,0
Desulfuromonadaceae,34,0,0,0
root,34,0,0,0
root,11,0,23,0
root,0,34,0,0
Chlorophyceae,34,0,0,0
root,7,27,0,0
root,8,26,0,0
Metazoa,0,0,34,0
Chordata,25,9,0,0
root,0,0,34,0
root,0,0,34,0
Ciliophora,0,0,9,25
root,0,34,0,0
Metazoa,0,4,30,0
root,0,0,34,0
root,0,0,0,34
Chordata,34,0,0,0
root,34,0,0,0
root,34,0,0,0
root,0,0,24,10
Branta_canadensis,0,8,0,25
Spirochaetaceae,12,13,8,0
Metazoa,0,29,0,4
root,21,12,0,0
Firmicutes,5,28,0,0
Pedinellales,19,0,14,0
Arthropoda,0,33,0,0
Chordata,0,33,0,0
root,0,33,0,0
Metazoa,0,33,0,0
root,0,0,22,11
root,0,0,0,33
root,0,4,6,23
root,0,0,0,33
root,0,0,0,33
Ciliophora,0,33,0,0
Chironomus_cloacalis,32,0,0,0
Neochanna_diversus,4,0,0,28
Marionina_filiformis,0,32,0,0
Adriamonas,4,0,28,0
Colepidae,0,32,0,0
Prolixibacteraceae,8,0,4,20
Chordata,0,0,0,32
root,0,32,0,0
Chrysophyceae,0,9,23,0
Metazoa,0,0,9,23
Chordata,0,32,0,0
Chordata,32,0,0,0
Arthropoda,17,6,9,0
Magnoliopsida,0,0,0,32
root,0,0,0,32
root,0,4,12,16
Bigyra,0,32,0,0
Fungi,0,32,0,0
root,0,25,0,7
root,0,32,0,0
root,32,0,0,0
Chordata,0,32,0,0
root,32,0,0,0
root,8,0,0,24
Chaetogaster_diastrophus,0,0,0,31
Mallomonas,31,0,0,0
Cucurbitaceae,0,0,31,0
root,7,0,24,0
Diplostraca,31,0,0,0
root,31,0,0,0
root,0,31,0,0
root,0,31,0,0
root,5,22,4,0
root,0,31,0,0
Metazoa,22,9,0,0
root,8,23,0,0
root,0,31,0,0
root,0,0,11,20
root,0,0,31,0
root,0,0,31,0
root,0,14,17,0
root,0,0,15,16
root,8,14,0,9
Chordata,12,0,9,10
root,31,0,0,0
root,0,31,0,0
Cryptomeria_japonica,0,22,8,0
Ludwigia,0,0,0,30
Spirochaetaceae,9,0,0,21
Cryptomonadaceae,30,0,0,0
Rhodospirillales,18,12,0,0
root,0,0,30,0
Gammaproteobacteria,0,30,0,0
environmental_samples,24,0,6,0
root,0,7,23,0
root,12,6,12,0
root,0,30,0,0
root,6,24,0,0
root,0,30,0,0
root,0,26,0,4
root,0,30,0,0
root,0,21,0,9
Metazoa,0,12,18,0
Chordata,30,0,0,0
Chordata,0,0,30,0
root,0,5,17,8
Bacteroidetes,0,0,30,0
Proteobacteria,0,0,20,10
root,11,19,0,0
root,0,12,12,6
root,0,17,0,13
root,0,0,30,0
root,6,24,0,0
Mallomonas_sp,10,19,0,0
Monomastix_minuta,23,6,0,0
Limnodrilus_hoffmeisteri,0,0,0,29
Euglenaceae,8,21,0,0
Poaceae,0,0,29,0
root,29,0,0,0
Chordata,0,29,0,0
Metazoa,29,0,0,0
root,0,29,0,0
Passeriformes,29,0,0,0
root,0,29,0,0
Chordata,0,29,0,0
root,0,0,29,0
Chlorophyceae,0,0,0,29
Spirotrichea,29,0,0,0
root,0,19,0,10
root,0,0,29,0
root,0,29,0,0
root,29,0,0,0
root,0,0,18,11
Skeletonema_potamos,0,28,0,0
Pythium,0,4,24,0
root,28,0,0,0
root,24,4,0,0
root,28,0,0,0
Chrysophyceae,24,4,0,0
root,21,0,7,0
Bacteroidetes,0,0,19,9
root,0,12,16,0
root,28,0,0,0
root,10,0,6,12
root,0,28,0,0
root,0,28,0,0
root,0,0,0,28
Brassiceae,0,0,28,0
unclassified_Vorticella,0,4,24,0
root,0,23,5,0
root,15,13,0,0
root,0,10,13,5
Dinophyceae,15,13,0,0
root,0,0,28,0
root,28,0,0,0
root,19,9,0,0
root,0,0,0,28
root,0,0,0,28
root,0,0,28,0
root,28,0,0,0
root,6,22,0,0
root,0,19,0,9
root,0,0,0,28
Rorippa,0,0,0,27
Ciliophora,27,0,0,0
Metazoa,27,0,0,0
Chordata,0,27,0,0
Litostomatea,0,0,27,0
root,0,27,0,0
root,0,27,0,0
root,0,27,0,0
Metazoa,0,27,0,0
root,0,15,0,12
Metazoa,21,6,0,0
Metazoa,0,27,0,0
Metazoa,0,0,27,0
Embryophyta,0,16,0,11
root,0,0,10,17
Gammaproteobacteria,0,27,0,0
Bacteroidetes,0,0,0,27
Suessiales,27,0,0,0
root,0,0,27,0
root,0,0,27,0
root,27,0,0,0
root,0,27,0,0
root,0,0,27,0
root,0,0,0,27
Cypriniformes,0,0,0,27
Chordata,27,0,0,0
Gambusia_affinis,26,0,0,0
Ranunculus,0,26,0,0
Alcaligenaceae,0,8,6,12
Pooideae,0,26,0,0
Sturnidae,26,0,0,0
root,0,0,0,26
root,0,20,0,6
root,26,0,0,0
root,26,0,0,0
Metazoa,26,0,0,0
root,26,0,0,0
root,16,10,0,0
root,26,0,0,0
root,10,8,8,0
root,26,0,0,0
root,16,0,10,0
root,26,0,0,0
Euthyneura,26,0,0,0
Metazoa,0,12,0,14
Metazoa,0,26,0,0
root,15,0,11,0
root,0,26,0,0
Chlamydomonadales,0,0,0,26
Hyphomicrobiales,0,26,0,0
root,0,0,26,0
root,0,26,0,0
root,13,0,13,0
root,0,26,0,0
root,0,26,0,0
root,0,26,0,0
Insecta,0,26,0,0
root,0,26,0,0
Limnophyes,0,25,0,0
Paraphysomonas,0,0,25,0
Dileptus,0,25,0,0
Pooideae,0,0,0,25
Naididae,25,0,0,0
Dugesiidae,0,0,25,0
Cervidae,0,0,25,0
root,20,5,0,0
root,6,19,0,0
root,0,0,25,0
root,0,25,0,0
root,0,25,0,0
root,0,19,6,0
root,0,25,0,0
root,25,0,0,0
root,0,0,25,0
root,0,0,25,0
Chrysophyceae,0,7,18,0
root,0,25,0,0
root,0,20,0,5
root,0,0,25,0
root,0,25,0,0
root,0,0,21,4
root,0,0,25,0
root,0,0,0,25
root,25,0,0,0
root,0,0,25,0
root,0,0,0,25
Gobiomorphus,0,0,18,6
Chaetonotus,0,0,24,0
Colepidae,0,24,0,0
Dugesiidae,0,0,24,0
Prolixibacteraceae,9,0,8,7
Crocinitomicaceae,0,24,0,0
Eurotatoria,24,0,0,0
Gammaproteobacteria,24,0,0,0
root,10,14,0,0
root,7,17,0,0
Micrococcales,16,0,8,0
Metazoa,12,8,4,0
root,8,16,0,0
root,20,4,0,0
root,4,16,4,0
root,11,13,0,0
root,0,24,0,0
root,0,24,0,0
Metazoa,0,0,24,0
root,0,24,0,0
Metazoa,0,24,0,0
Chordata,0,24,0,0
root,24,0,0,0
root,0,8,0,16
root,0,0,4,20
root,0,0,13,11
Chlorophyceae,24,0,0,0
root,0,0,0,24
root,0,0,4,20
Ulotrichales,0,0,24,0
Oomycota,8,16,0,0
root,0,24,0,0
root,0,0,24,0
root,12,12,0,0
root,0,0,24,0
root,0,0,9,15
root,0,24,0,0
root,6,18,0,0
root,24,0,0,0
root,24,0,0,0
root,5,19,0,0
root,24,0,0,0
root,0,20,0,4
Ruminiclostridium,23,0,0,0
Geranium,16,0,7,0
Persicaria,0,0,0,23
Chloromonas,23,0,0,0
Trichodina,0,0,23,0
Euglenaceae,23,0,0,0
Nephroselmidaceae,5,18,0,0
Pooideae,0,23,0,0
Eurotatoria,23,0,0,0
root,6,0,0,17
Tribonematales,23,0,0,0
root,6,17,0,0
Chrysophyceae,0,23,0,0
root,0,23,0,0
Bigyra,0,23,0,0
Chordata,0,23,0,0
Chordata,0,0,23,0
root,0,0,23,0
Metazoa,0,0,23,0
Chlorophyceae,0,0,23,0
Hymenostomatida,0,0,23,0
root,0,4,19,0
root,23,0,0,0
root,14,9,0,0
root,0,23,0,0
root,0,4,19,0
root,0,15,8,0
root,0,23,0,0
root,13,10,0,0
root,0,0,19,4
root,23,0,0,0
Metazoa,0,0,0,23
root,0,23,0,0
Culex,9,0,13,0
Halteria,0,0,0,22
Stenostomum,14,0,0,8
Chlamydomonadaceae,0,22,0,0
Brassicaceae,0,0,0,22
Geminigeraceae,0,22,0,0
root,15,7,0,0
root,22,0,0,0
root,22,0,0,0
Sphingomonadales,9,0,0,13
root,22,0,0,0
root,10,12,0,0
Chordata,0,22,0,0
Eurotatoria,22,0,0,0
Chordata,0,22,0,0
root,22,0,0,0
Chordata,0,22,0,0
Viridiplantae,0,0,0,22
root,0,22,0,0
root,0,22,0,0
root,5,17,0,0
root,0,6,0,16
root,6,0,0,16
root,0,0,22,0
root,0,0,22,0
root,0,0,0,22
root,0,22,0,0
Chordata,13,9,0,0
Chordata,22,0,0,0
Metazoa,0,0,0,22
Chordata,0,0,0,22
root,22,0,0,0
root,22,0,0,0
root,0,13,0,9
root,0,22,0,0
Anas_chlorotis_or_gracilis,16,0,0,5
Rattus_norvegicus,0,0,0,21
Nevskia,0,0,21,0
Lepadella,21,0,0,0
Cryptomonas,9,12,0,0
Chlorococcaceae,21,0,0,0
Pooideae,0,21,0,0
Rubiaceae,14,7,0,0
Cryptomonadaceae,0,21,0,0
Clostridiaceae,6,15,0,0
Pedaliaceae,0,21,0,0
root,21,0,0,0
Chordata,21,0,0,0
root,0,21,0,0
root,0,0,4,17
root,5,16,0,0
root,0,21,0,0
root,15,0,6,0
root,21,0,0,0
root,21,0,0,0
Metazoa,0,9,0,12
root,0,21,0,0
Metazoa,0,0,21,0
Metazoa,14,0,0,7
root,0,0,21,0
Metazoa,0,21,0,0
root,21,0,0,0
root,0,21,0,0
Chrysophyceae,21,0,0,0
Sessilida,0,0,0,21
root,0,4,0,17
Ciliophora,0,0,0,21
root,0,0,0,21
root,21,0,0,0
root,0,21,0,0
root,0,0,21,0
root,0,21,0,0
root,0,0,13,8
root,0,0,4,17
root,21,0,0,0
root,21,0,0,0
root,13,8,0,0
root,0,0,10,11
Anas_platyrhynchos,20,0,0,0
Eiseniella_tetraedra,5,0,0,15
Spumella_lacusvadosi,0,20,0,0
Glyceria,0,20,0,0
Vorticella,20,0,0,0
Flavobacterium,0,0,0,20
Fagaceae,0,20,0,0
Dugesiidae,0,0,20,0
Metazoa,20,0,0,0
Insecta,20,0,0,0
root,20,0,0,0
root,0,20,0,0
root,20,0,0,0
root,20,0,0,0
root,20,0,0,0
root,0,20,0,0
Gammaproteobacteria,0,20,0,0
root,10,10,0,0
root,0,8,0,12
Chordata,20,0,0,0
root,4,16,0,0
root,0,9,11,0
Metazoa,4,10,0,6
Aves,20,0,0,0
Chordata,0,0,20,0
Chordata,20,0,0,0
Chordata,0,20,0,0
Metazoa,20,0,0,0
Metazoa,0,20,0,0
root,0,20,0,0
Ciliophora,0,20,0,0
root,0,0,20,0
root,0,20,0,0
root,0,0,20,0
root,6,7,7,0
Ciliophora,0,0,0,20
Litostomatea,0,0,0,20
root,0,20,0,0
root,0,15,5,0
root,0,7,13,0
root,0,0,20,0
root,0,0,0,20
root,20,0,0,0
root,0,0,0,20
root,0,0,0,20
asterids,0,0,0,20
Bacteroidetes,0,20,0,0
root,20,0,0,0
root,0,20,0,0
root,0,0,20,0
root,0,0,0,20
root,0,0,0,20
Enchytraeus_buchholzi_complex_sp_2_MK_2019,4,15,0,0
Potamothrix_bavaricus,0,0,0,19
Tubifex_tubifex,0,0,19,0
Discostella,0,19,0,0
Flavobacterium,0,0,0,19
Ligustrum,0,0,0,19
Ferruginibacter,0,19,0,0
Chaetonotidae,19,0,0,0
Chromatiaceae,19,0,0,0
Tubificinae,0,0,0,19
Vorticellidae,19,0,0,0
Paraphysomonadaceae,0,0,19,0
Pooideae,13,6,0,0
Leptotrichiaceae,0,0,4,15
root,0,19,0,0
Chordata,0,19,0,0
root,11,4,4,0
root,0,0,0,19
root,19,0,0,0
Metazoa,0,5,0,14
Chordata,0,19,0,0
root,0,0,19,0
Metazoa,0,0,19,0
Metazoa,19,0,0,0
Chordata,0,0,0,19
Metazoa,0,0,0,19
root,0,0,19,0
Chlorophyceae,19,0,0,0
root,0,4,11,4
root,0,0,19,0
root,0,0,19,0
Chromulinales,0,19,0,0
root,0,19,0,0
Metazoa,0,19,0,0
root,0,7,0,12
root,5,14,0,0
root,0,19,0,0
root,0,0,19,0
root,0,19,0,0
root,0,0,19,0
root,4,0,15,0
root,0,19,0,0
root,0,0,0,19
root,0,0,0,19
root,0,0,0,19
root,0,0,0,19
root,19,0,0,0
Metazoa,19,0,0,0
root,0,0,0,19
root,0,0,0,19
Chordata,19,0,0,0
Chordata,0,0,19,0
Chordata,0,0,19,0
root,0,19,0,0
root,0,0,0,19
root,19,0,0,0
root,19,0,0,0
root,0,0,0,19
root,0,0,0,19
Chlamydomonas_incerta,8,10,0,0
Gomphonema,18,0,0,0
Cellvibrio,0,0,0,18
Tubificinae,18,0,0,0
Cryptomonadaceae,18,0,0,0
Asteraceae,0,0,0,18
Asteraceae,0,0,9,9
Clostridiaceae,9,9,0,0
Cucurbitaceae,0,0,18,0
Lacrymariidae,0,0,18,0
Chaetonotidae,18,0,0,0
Pooideae,0,0,18,0
root,18,0,0,0
Eurotatoria,18,0,0,0
Eukaryota,18,0,0,0
root,18,0,0,0
Eurotatoria,18,0,0,0
Chordata,18,0,0,0
root,18,0,0,0
root,0,18,0,0
Insecta,18,0,0,0
root,18,0,0,0
Metazoa,0,18,0,0
root,0,4,0,14
Metazoa,0,18,0,0
Metazoa,0,0,18,0
Chordata,0,0,18,0
Chordata,18,0,0,0
Magnoliopsida,0,0,0,18
root,18,0,0,0
Proteobacteria,0,4,14,0
root,4,14,0,0
root,0,18,0,0
root,10,8,0,0
root,0,4,14,0
root,0,18,0,0
root,0,18,0,0
root,0,18,0,0
root,0,18,0,0
root,0,0,18,0
root,0,0,18,0
root,0,0,12,6
root,0,0,0,18
root,0,0,0,18
root,18,0,0,0
root,0,18,0,0
root,18,0,0,0
root,7,11,0,0
root,18,0,0,0
root,0,18,0,0
root,0,18,0,0
root,0,18,0,0
root,0,0,0,18
Mugil_cephalus,0,17,0,0
Ludwigia,17,0,0,0
Flectobacillus,0,0,17,0
Nais,0,0,17,0
Carchesium,0,0,0,17
Euglenaceae,12,5,0,0
Dugesiidae,5,0,12,0
Chitinophagaceae,17,0,0,0
Metazoa,17,0,0,0
root,6,11,0,0
root,17,0,0,0
Viridiplantae,0,0,17,0
root,17,0,0,0
Gammaproteobacteria,17,0,0,0
root,11,6,0,0
root,8,9,0,0
Ciliophora,0,0,17,0
Metazoa,17,0,0,0
root,0,0,0,17
root,0,17,0,0
root,0,17,0,0
Chordata,0,6,0,11
Chordata,17,0,0,0
root,0,0,0,17
Chordata,0,0,17,0
Chordata,0,0,17,0
Chordata,0,17,0,0
root,0,17,0,0
root,0,17,0,0
Arthropoda,0,0,17,0
root,9,0,8,0
Chlorophyceae,6,11,0,0
root,0,0,17,0
Bacteroidetes,0,0,13,4
root,0,0,0,17
Spirotrichea,0,17,0,0
root,0,17,0,0
root,0,0,17,0
root,0,17,0,0
root,0,17,0,0
root,0,0,11,6
root,0,17,0,0
root,0,17,0,0
root,4,13,0,0
root,17,0,0,0
root,17,0,0,0
root,0,0,17,0
root,0,0,17,0
root,17,0,0,0
root,17,0,0,0
root,0,0,0,17
root,0,0,0,17
root,0,0,0,17
root,0,17,0,0
Metazoa,0,0,0,17
Metazoa,0,0,0,17
Magnoliopsida,0,0,0,17
root,17,0,0,0
root,13,0,0,4
root,17,0,0,0
root,0,0,17,0
root,0,0,7,10
root,0,0,0,17
root,0,0,0,17
Cura,0,0,16,0
Spirochaetaceae,16,0,0,0
root,6,10,0,0
root,0,16,0,0
Metazoa,16,0,0,0
root,16,0,0,0
Chordata,16,0,0,0
root,16,0,0,0
root,16,0,0,0
root,16,0,0,0
Ciliophora,16,0,0,0
Metazoa,16,0,0,0
Spirotrichea,0,16,0,0
root,10,6,0,0
root,16,0,0,0
root,11,5,0,0
root,0,0,16,0
Metazoa,0,0,0,16
Cyprinoidei,0,0,16,0
Chordata,0,16,0,0
Chordata,0,16,0,0
Metazoa,0,0,0,16
root,0,16,0,0
root,0,0,9,7
root,0,10,6,0
root,0,16,0,0
root,0,16,0,0
Poales,0,16,0,0
Chlamydomonadales,0,0,4,12
root,16,0,0,0
Viridiplantae,0,0,16,0
root,0,0,16,0
root,0,16,0,0
root,0,16,0,0
root,16,0,0,0
Pedinellales,0,0,0,16
root,16,0,0,0
root,16,0,0,0
root,0,16,0,0
root,0,16,0,0
root,0,16,0,0
root,0,0,16,0
root,5,11,0,0
root,0,16,0,0
root,0,0,16,0
root,4,0,12,0
root,0,0,0,16
root,16,0,0,0
root,16,0,0,0
root,0,16,0,0
root,0,16,0,0
root,0,0,0,16
Metazoa,0,16,0,0
Metazoa,16,0,0,0
Metazoa,0,0,0,16
root,0,0,0,16
Chlamydomonadales,16,0,0,0
Sphingomonadales,0,0,16,0
root,16,0,0,0
root,16,0,0,0
root,16,0,0,0
root,9,7,0,0
root,4,0,0,12
root,0,0,0,16
Chaetonotus,15,0,0,0
Carex,15,0,0,0
Diaminobutyricimonas,0,15,0,0
Scotinosphaera,15,0,0,0
Poaceae,0,0,15,0
Metazoa,15,0,0,0
root,15,0,0,0
root,15,0,0,0
Chordata,15,0,0,0
root,0,0,15,0
root,9,6,0,0
Arthropoda,15,0,0,0
root,11,4,0,0
root,15,0,0,0
Chrysophyceae,7,8,0,0
Metazoa,0,11,4,0
root,0,5,10,0
root,0,9,6,0
root,15,0,0,0
root,0,15,0,0
Metazoa,0,15,0,0
Chordata,0,0,15,0
Metazoa,0,0,15,0
Chordata,15,0,0,0
root,0,0,15,0
root,0,0,11,4
Magnoliopsida,0,0,15,0
root,15,0,0,0
root,15,0,0,0
Chlamydomonadales,0,15,0,0
Magnoliopsida,0,0,15,0
Crepidinae,15,0,0,0
Chlorophyceae,0,15,0,0
Coleoptera,0,15,0,0
Bacteroidetes,0,0,15,0
root,0,15,0,0
root,0,0,15,0
root,0,0,0,15
root,15,0,0,0
root,0,15,0,0
root,0,15,0,0
root,0,15,0,0
root,0,15,0,0
root,0,11,4,0
root,0,0,15,0
root,0,9,6,0
root,0,0,5,10
root,0,0,15,0
root,0,15,0,0
root,0,15,0,0
root,0,15,0,0
root,0,15,0,0
root,0,15,0,0
root,0,15,0,0
root,0,0,15,0
root,0,0,15,0
root,0,0,15,0
root,0,0,15,0
root,0,0,0,15
Chordata,15,0,0,0
Chordata,0,15,0,0
Chordata,0,0,0,15
Chordata,0,0,0,15
Metazoa,0,0,0,15
Eurotatoria,15,0,0,0
root,0,0,0,15
Oligohymenophorea,0,0,15,0
root,15,0,0,0
root,0,15,0,0
root,0,15,0,0
root,0,6,9,0
root,0,0,15,0
root,0,0,0,15
root,0,0,0,15
root,0,0,0,15
Persicaria_thunbergii,0,0,0,14
Roseiarcus,14,0,0,0
Pythium,0,0,14,0
Scotinosphaera,14,0,0,0
Clostridium,0,9,5,0
Pooideae,0,0,14,0
Acetobacteraceae,0,0,10,4
root,4,10,0,0
Metazoa,0,0,0,14
root,0,0,14,0
root,6,8,0,0
root,14,0,0,0
root,0,14,0,0
root,4,10,0,0
Arthropoda,14,0,0,0
root,14,0,0,0
Chordata,14,0,0,0
root,0,14,0,0
root,14,0,0,0
root,0,14,0,0
root,14,0,0,0
Metazoa,0,14,0,0
root,0,14,0,0
Metazoa,4,10,0,0
root,0,14,0,0
root,0,0,6,8
Metazoa,14,0,0,0
Metazoa,0,14,0,0
root,0,14,0,0
Chordata,9,5,0,0
root,14,0,0,0
Metazoa,14,0,0,0
Chordata,10,0,4,0
Chordata,14,0,0,0
Chordata,0,14,0,0
Chordata,14,0,0,0
root,0,14,0,0
root,0,7,7,0
root,14,0,0,0
Chlorophyceae,0,14,0,0
root,0,14,0,0
root,0,4,10,0
root,0,0,14,0
Arthropoda,0,0,10,4
root,0,14,0,0
root,0,0,14,0
Bacteroidetes,0,0,9,5
Alphaproteobacteria,0,0,14,0
Acidobacteria,14,0,0,0
root,0,0,14,0
root,10,0,4,0
root,0,0,14,0
root,14,0,0,0
root,0,0,14,0
root,0,0,14,0
Oomycota,0,0,5,9
root,0,0,4,10
root,0,0,0,14
root,14,0,0,0
root,0,14,0,0
root,0,14,0,0
root,0,0,5,9
root,0,0,14,0
root,0,0,4,10
root,0,0,14,0
root,0,14,0,0
root,0,14,0,0
root,0,14,0,0
root,10,4,0,0
root,0,9,0,5
root,14,0,0,0
root,0,0,14,0
root,0,0,14,0
root,0,0,14,0
root,0,0,4,10
root,14,0,0,0
root,6,8,0,0
root,0,0,0,14
root,0,0,0,14
root,0,0,0,14
root,0,0,0,14
Metazoa,0,0,0,14
root,0,0,0,14
Metazoa,0,0,0,14
Chordata,14,0,0,0
Metazoa,0,14,0,0
root,14,0,0,0
root,14,0,0,0
root,14,0,0,0
root,14,0,0,0
root,14,0,0,0
root,0,14,0,0
root,0,14,0,0
root,0,14,0,0
root,0,14,0,0
root,0,14,0,0
root,0,14,0,0
root,0,14,0,0
root,0,0,14,0
Azolla_pinnata_subsp_pinnata,13,0,0,0
Aspergillus,0,0,13,0
Potentilla,0,0,7,6
Ranunculus,0,13,0,0
Paludibacter,0,0,7,6
Bradyrhizobiaceae,13,0,0,0
Asteroideae,13,0,0,0
Chaetonotidae,13,0,0,0
Oscillospiraceae,13,0,0,0
Pooideae,0,13,0,0
Spirochaetaceae,13,0,0,0
root,13,0,0,0
root,5,8,0,0
root,6,7,0,0
root,0,13,0,0
root,13,0,0,0
root,0,0,0,13
root,9,4,0,0
root,0,13,0,0
Chordata,13,0,0,0
Insecta,0,13,0,0
Chordata,13,0,0,0
Chordata,13,0,0,0
root,13,0,0,0
root,0,13,0,0
root,0,13,0,0
root,0,0,13,0
Metazoa,0,13,0,0
root,0,0,6,7
Metazoa,0,0,0,13
Metazoa,0,0,13,0
Metazoa,0,0,13,0
Chordata,0,0,13,0
Chordata,0,13,0,0
Metazoa,0,13,0,0
root,0,13,0,0
root,0,0,13,0
Actinobacteria,0,0,5,8
root,0,0,13,0
root,0,0,13,0
root,0,13,0,0
root,0,0,0,13
root,13,0,0,0
root,0,13,0,0
root,13,0,0,0
root,0,0,13,0
root,0,13,0,0
root,0,13,0,0
root,0,13,0,0
root,0,13,0,0
root,0,13,0,0
root,0,4,0,9
root,0,13,0,0
root,0,0,13,0
root,0,0,13,0
root,0,0,4,9
root,0,13,0,0
root,0,13,0,0
root,0,13,0,0
root,13,0,0,0
root,0,0,13,0
root,0,0,13,0
root,0,0,13,0
root,0,13,0,0
root,0,0,0,13
root,0,0,0,13
root,0,0,0,13
root,0,0,0,13
root,0,0,0,13
root,13,0,0,0
root,0,13,0,0
root,0,5,0,8
Chordata,0,0,0,13
Chordata,13,0,0,0
Metazoa,0,0,0,13
Chordata,0,0,0,13
Chordata,0,0,0,13
Embryophyta,0,0,0,13
root,0,0,0,13
root,0,8,5,0
root,13,0,0,0
root,13,0,0,0
root,0,13,0,0
root,0,13,0,0
root,0,0,13,0
root,0,0,13,0
root,0,0,0,13
root,0,0,0,13
root,0,0,0,13
root,0,0,0,13
root,0,0,0,13
Anguilla_australis,0,12,0,0
Phormium_tenax,12,0,0,0
Ranunculus_reptans,0,12,0,0
Asparagus_officinalis,0,0,12,0
Sus_scrofa,0,0,0,12
Collodictyon,12,0,0,0
Chloromonas,12,0,0,0
Aptinothrips,0,0,12,0
Geraniaceae,0,0,12,0
Poaceae,0,12,0,0
Convolvulaceae,0,0,0,12
Euglenaceae,0,0,12,0
root,8,4,0,0
root,12,0,0,0
root,12,0,0,0
root,0,12,0,0
root,0,0,12,0
root,0,0,12,0
root,0,0,0,12
root,0,12,0,0
Hyphomicrobiales,12,0,0,0
root,0,12,0,0
root,12,0,0,0
root,0,12,0,0
root,4,0,8,0
Alphaproteobacteria,12,0,0,0
root,0,5,0,7
root,0,12,0,0
root,0,0,12,0
root,0,12,0,0
root,0,12,0,0
Metazoa,0,0,0,12
Chordata,0,12,0,0
Metazoa,0,0,12,0
root,0,12,0,0
Chordata,0,12,0,0
Chordata,0,0,6,6
root,0,12,0,0
root,0,5,7,0
root,0,6,0,6
root,0,12,0,0
Poales,0,0,12,0
Ulotrichales,0,0,12,0
root,0,0,12,0
Bacteroidetes,0,0,12,0
unclassified_Stenostomum__in_Platyhelminthes,0,0,12,0
Ulvophyceae,0,0,12,0
Neobodonida,0,0,12,0
root,0,0,12,0
root,0,0,12,0
root,0,0,12,0
root,0,0,12,0
root,0,0,0,12
root,0,12,0,0
root,0,8,0,4
root,0,12,0,0
root,0,6,6,0
root,0,12,0,0
root,5,7,0,0
root,0,0,12,0
root,0,12,0,0
root,0,12,0,0
root,12,0,0,0
root,12,0,0,0
root,12,0,0,0
root,0,0,12,0
root,0,0,12,0
root,12,0,0,0
root,0,12,0,0
root,0,0,0,12
root,0,0,0,12
root,0,12,0,0
root,0,12,0,0
root,0,12,0,0
root,0,12,0,0
Metazoa,0,0,0,12
root,12,0,0,0
Metazoa,12,0,0,0
root,12,0,0,0
Chordata,0,0,0,12
Chordata,0,0,0,12
Insecta,0,0,0,12
root,0,0,12,0
Bacillariophyta,0,0,0,12
root,12,0,0,0
root,12,0,0,0
root,12,0,0,0
root,12,0,0,0
root,12,0,0,0
root,12,0,0,0
root,12,0,0,0
root,12,0,0,0
root,0,0,12,0
root,0,0,12,0
root,0,0,12,0
root,0,0,0,12
root,0,0,0,12
root,0,0,0,12
root,0,0,0,12
root,0,0,0,12
Marionina_cf_minutissima_PDW_2010,0,11,0,0
Sturnus_vulgaris,11,0,0,0
Pseudomonas,11,0,0,0
Chrysanthemum,0,0,0,11
Geranium,11,0,0,0
Goniomonas,0,0,11,0
Methylomonas,11,0,0,0
Butyricicoccus,11,0,0,0
Hydrogenophaga,0,0,0,11
Rubioideae,11,0,0,0
Spongomonadidae,0,5,6,0
Spirochaetaceae,5,6,0,0
Poeae_Chloroplast_Group_2__Poeae_type,0,0,11,0
Eurotatoria,11,0,0,0
root,0,11,0,0
root,11,0,0,0
root,0,11,0,0
Metazoa,0,11,0,0
root,0,11,0,0
root,0,11,0,0
root,0,0,11,0
root,0,11,0,0
Metazoa,0,11,0,0
Chordata,0,11,0,0
root,0,11,0,0
Chordata,0,11,0,0
root,0,7,0,4
Chordata,0,0,0,11
Metazoa,0,0,0,11
Chordata,11,0,0,0
Chordata,0,0,11,0
Chordata,0,11,0,0
root,11,0,0,0
root,0,11,0,0
Magnoliopsida,0,11,0,0
root,0,0,0,11
Magnoliopsida,0,0,11,0
Pleuronematida,0,0,11,0
Sphingomonadales,0,0,11,0
Bacteroidia,0,11,0,0
Clitellata,0,0,11,0
root,0,11,0,0
Neobodonida,0,11,0,0
root,0,0,11,0
root,11,0,0,0
root,0,11,0,0
root,0,0,11,0
root,0,0,0,11
root,0,11,0,0
root,0,11,0,0
root,0,11,0,0
root,0,11,0,0
root,0,11,0,0
root,0,0,11,0
root,0,0,11,0
root,0,4,7,0
root,0,0,11,0
root,0,11,0,0
root,0,11,0,0
root,0,11,0,0
root,0,11,0,0
root,0,0,11,0
root,0,0,11,0
root,11,0,0,0
root,0,11,0,0
root,0,11,0,0
root,0,0,0,11
root,0,0,0,11
root,0,0,0,11
root,0,0,0,11
root,0,0,0,11
root,0,0,0,11
root,0,0,0,11
root,11,0,0,0
root,0,11,0,0
root,0,11,0,0
root,0,11,0,0
root,0,0,0,11
Artiodactyla,11,0,0,0
Chordata,11,0,0,0
root,11,0,0,0
Bacteroidetes,11,0,0,0
root,0,0,0,11
root,0,0,7,4
root,11,0,0,0
root,11,0,0,0
root,11,0,0,0
root,11,0,0,0
root,5,6,0,0
root,11,0,0,0
root,11,0,0,0
root,11,0,0,0
root,0,11,0,0
root,0,11,0,0
root,0,11,0,0
root,0,5,0,6
root,0,11,0,0
root,0,0,11,0
root,0,0,0,11
root,0,0,0,11
root,0,0,0,11
root,0,0,0,11
root,0,0,0,11
root,0,0,0,11
root,0,0,0,11
Astacopsidrilus_sp_n_MK_2019,0,0,0,10
Ranunculus_macranthus,0,10,0,0
Rhantus_suturalis,10,0,0,0
Trachelomonas,4,6,0,0
Collodictyon,5,5,0,0
Limnodrilus,0,0,10,0
Sphingopyxis,0,10,0,0
Methylobacterium,0,6,0,4
Phacus,0,10,0,0
Brachionus,0,0,10,0
Chlorobiaceae,10,0,0,0
Oedogoniaceae,0,0,6,4
Euglenaceae,10,0,0,0
Pooideae,0,0,10,0
Chlorophyta,0,10,0,0
root,0,0,0,10
root,5,0,5,0
root,5,5,0,0
Euglenales,10,0,0,0
Diplostraca,10,0,0,0
root,5,5,0,0
Metazoa,10,0,0,0
root,6,0,4,0
root,0,10,0,0
Viridiplantae,0,0,5,5
root,0,10,0,0
root,10,0,0,0
root,10,0,0,0
root,4,6,0,0
root,10,0,0,0
root,10,0,0,0
root,0,10,0,0
root,0,4,6,0
root,0,10,0,0
Chordata,0,0,10,0
root,0,10,0,0
root,0,10,0,0
Metazoa,0,0,0,10
root,0,0,0,10
root,0,10,0,0
root,0,10,0,0
Chordata,0,10,0,0
Metazoa,0,0,10,0
root,0,4,6,0
Chordata,0,10,0,0
Metazoa,10,0,0,0
Chordata,10,0,0,0
Chordata,10,0,0,0
Chordata,10,0,0,0
Chordata,10,0,0,0
Metazoa,0,0,10,0
root,0,10,0,0
Chordata,0,10,0,0
root,0,10,0,0
Chordata,0,10,0,0
Chordata,0,0,0,10
Chordata,10,0,0,0
root,0,10,0,0
root,4,0,6,0
root,0,0,6,4
root,0,10,0,0
root,10,0,0,0
root,0,0,10,0
root,0,0,10,0
Ciliophora,0,0,10,0
Ciliophora,0,0,0,10
root,0,10,0,0
Hyphomicrobiales,0,10,0,0
root,0,10,0,0
root,0,0,10,0
root,10,0,0,0
Ciliophora,0,10,0,0
root,0,10,0,0
root,0,0,10,0
root,0,10,0,0
root,0,10,0,0
root,0,0,0,10
root,4,0,6,0
Synurophyceae,0,10,0,0
root,0,10,0,0
root,0,10,0,0
root,0,10,0,0
root,0,10,0,0
root,0,10,0,0
root,6,4,0,0
root,0,0,5,5
root,0,0,10,0
root,0,0,10,0
root,0,0,10,0
root,0,10,0,0
root,0,10,0,0
root,0,10,0,0
root,0,10,0,0
root,0,10,0,0
root,10,0,0,0
root,10,0,0,0
root,10,0,0,0
root,10,0,0,0
root,0,0,10,0
root,0,0,10,0
root,0,0,10,0
root,0,0,10,0
root,0,0,10,0
root,10,0,0,0
root,10,0,0,0
root,0,0,0,10
root,0,0,0,10
root,0,0,0,10
root,0,0,0,10
root,0,0,6,4
root,10,0,0,0
root,0,0,0,10
root,0,0,10,0
root,10,0,0,0
Metazoa,0,10,0,0
root,0,0,0,10
Metazoa,0,0,0,10
Metazoa,10,0,0,0
Metazoa,0,10,0,0
Metazoa,0,0,0,10
Eukaryota,0,0,10,0
Hyphomicrobiales,10,0,0,0
root,0,0,10,0
root,0,0,0,10
root,0,0,10,0
root,10,0,0,0
root,10,0,0,0
root,10,0,0,0
root,10,0,0,0
root,5,5,0,0
root,10,0,0,0
root,10,0,0,0
root,6,4,0,0
root,0,10,0,0
root,0,10,0,0
root,0,10,0,0
root,0,10,0,0
root,0,10,0,0
root,0,10,0,0
root,0,10,0,0
root,0,10,0,0
root,0,0,10,0
root,0,0,0,10
root,0,0,0,10
root,0,0,0,10
Trichosurus_vulpecula,0,0,5,4
Monochroa_hornigi,0,0,9,0
Strombomonas,9,0,0,0
Strombomonas,9,0,0,0
Gomphonema,9,0,0,0
Melosira,0,9,0,0
Anguilla,0,9,0,0
Allium,0,9,0,0
Frontonia,0,0,0,9
Discostella,0,9,0,0
Trachelomonas,0,9,0,0
Juncus,0,0,9,0
Chlamydomonas,0,9,0,0
Poaceae,0,0,9,0
Euglenaceae,4,5,0,0
Cryptomonadaceae,9,0,0,0
Stenostomidae,0,0,0,9
Danthonioideae,0,0,9,0
Sphingomonadaceae,0,0,9,0
Burkholderiaceae,0,0,9,0
Oscillospiraceae,9,0,0,0
Frontoniidae,0,0,0,9
Caryophyllaceae,0,9,0,0
root,9,0,0,0
root,9,0,0,0
Viridiplantae,4,0,5,0
root,4,5,0,0
root,0,9,0,0
root,9,0,0,0
Metazoa,9,0,0,0
root,9,0,0,0
root,5,0,4,0
Chordata,9,0,0,0
Metazoa,5,4,0,0
root,0,9,0,0
root,0,9,0,0
root,9,0,0,0
root,0,9,0,0
Euglenales,9,0,0,0
root,0,0,0,9
root,0,0,0,9
Chlorophyceae,9,0,0,0
root,0,9,0,0
root,9,0,0,0
root,0,0,9,0
root,0,9,0,0
root,9,0,0,0
root,0,9,0,0
root,9,0,0,0
root,0,9,0,0
root,0,0,9,0
root,0,9,0,0
Metazoa,0,9,0,0
Metazoa,0,9,0,0
root,0,0,0,9
root,0,0,0,9
root,0,0,0,9
Metazoa,0,9,0,0
root,0,9,0,0
Chordata,0,0,9,0
Chordata,0,0,0,9
Chordata,0,9,0,0
Metazoa,0,9,0,0
Chordata,9,0,0,0
Metazoa,9,0,0,0
Chordata,0,9,0,0
root,0,0,9,0
root,0,9,0,0
Eurotatoria,9,0,0,0
Metazoa,0,0,0,9
root,0,0,9,0
root,0,0,0,9
Chlorophyceae,0,0,0,9
Chlorophyceae,0,9,0,0
Pterocystida,0,0,9,0
root,0,5,4,0
Bacteroidetes,0,9,0,0
Bacteroidetes,0,0,9,0
Gammaproteobacteria,0,9,0,0
Euglenales,0,9,0,0
Chlorophyta,0,9,0,0
root,9,0,0,0
Spirotrichea,0,0,0,9
root,0,9,0,0
root,0,0,9,0
root,0,0,9,0
root,0,9,0,0
root,0,0,9,0
root,0,9,0,0
root,0,0,0,9
root,0,0,0,9
root,9,0,0,0
root,9,0,0,0
root,0,9,0,0
root,0,0,9,0
Arthropoda,9,0,0,0
root,0,9,0,0
root,9,0,0,0
root,0,9,0,0
root,0,9,0,0
root,0,9,0,0
root,0,9,0,0
root,0,9,0,0
root,0,0,9,0
root,0,0,9,0
root,0,0,9,0
root,0,4,5,0
root,0,0,9,0
root,0,9,0,0
root,0,9,0,0
root,0,9,0,0
root,0,9,0,0
root,0,4,0,5
root,0,9,0,0
root,0,9,0,0
root,0,9,0,0
root,0,9,0,0
root,0,9,0,0
root,0,9,0,0
root,0,9,0,0
root,0,0,9,0
root,0,0,9,0
root,0,0,9,0
root,0,0,9,0
root,0,0,5,4
root,0,0,5,4
root,9,0,0,0
root,9,0,0,0
root,0,9,0,0
root,0,9,0,0
root,0,0,0,9
root,0,0,0,9
root,0,0,0,9
root,0,0,0,9
root,0,0,0,9
root,0,0,0,9
root,0,0,0,9
root,0,0,0,9
root,0,0,0,9
root,0,0,0,9
root,9,0,0,0
root,0,9,0,0
root,0,9,0,0
root,0,9,0,0
root,9,0,0,0
Chordata,9,0,0,0
root,9,0,0,0
Chordata,0,0,9,0
Metazoa,0,0,0,9
root,0,0,0,9
Tremellomycetes,0,9,0,0
Insecta,0,0,0,9
root,9,0,0,0
root,9,0,0,0
root,9,0,0,0
root,9,0,0,0
root,9,0,0,0
root,9,0,0,0
root,9,0,0,0
root,9,0,0,0
root,0,9,0,0
root,0,9,0,0
root,0,9,0,0
root,0,9,0,0
root,0,9,0,0
root,0,9,0,0
root,0,5,0,4
root,0,0,9,0
root,0,0,9,0
root,0,0,0,9
root,0,0,0,9
root,0,0,0,9
root,0,0,0,9
Paraphysomonas_sp,0,8,0,0
Bos_taurus,0,8,0,0
Pennantia_corymbosa,0,0,8,0
Strombomonas,8,0,0,0
Desulfovibrio,8,0,0,0
Neobodo,8,0,0,0
Bolboschoenus,0,0,8,0
Desulfosporosinus,0,0,8,0
Terrimonas,0,8,0,0
Cloacibacterium,8,0,0,0
Flavobacterium,0,0,0,8
Cytophagaceae,0,0,0,8
Juglandaceae,0,0,8,0
Pooideae,0,8,0,0
Cyperaceae,8,0,0,0
Spongomonadidae,0,8,0,0
Rhodobacteraceae,0,0,8,0
Spirochaetaceae,0,8,0,0
Bosminidae,0,0,4,4
root,8,0,0,0
root,8,0,0,0
root,0,0,8,0
root,8,0,0,0
root,8,0,0,0
Metazoa,8,0,0,0
Metazoa,8,0,0,0
root,0,0,0,8
root,0,0,8,0
root,4,0,4,0
Euglenales,8,0,0,0
root,0,8,0,0
root,8,0,0,0
root,0,8,0,0
root,0,0,8,0
root,8,0,0,0
root,8,0,0,0
root,0,8,0,0
root,0,0,0,8
root,8,0,0,0
root,0,8,0,0
root,0,8,0,0
Metazoa,0,0,0,8
root,8,0,0,0
Chordata,0,8,0,0
Chordata,0,8,0,0
root,8,0,0,0
root,0,8,0,0
Chordata,0,8,0,0
root,0,8,0,0
root,0,8,0,0
root,0,8,0,0
root,8,0,0,0
root,8,0,0,0
root,0,4,0,4
root,0,0,0,8
root,0,8,0,0
Metazoa,0,0,0,8
Chordata,0,8,0,0
Chordata,0,8,0,0
root,0,0,8,0
Chordata,0,0,8,0
Chordata,8,0,0,0
Chordata,8,0,0,0
root,0,8,0,0
root,8,0,0,0
Chordata,0,8,0,0
root,0,8,0,0
Metazoa,0,8,0,0
root,0,0,8,0
root,0,8,0,0
root,0,8,0,0
root,8,0,0,0
root,0,4,4,0
Rosales,0,8,0,0
Viridiplantae,0,0,0,8
Fungi,0,8,0,0
root,0,8,0,0
root,0,0,8,0
Chrysophyceae,0,0,0,8
root,0,8,0,0
root,0,8,0,0
Gammaproteobacteria,0,8,0,0
Nitrosomonadales,0,0,0,8
Hyphomicrobiales,8,0,0,0
Hexanauplia,4,4,0,0
root,0,0,8,0
root,0,0,8,0
root,0,8,0,0
root,0,0,8,0
root,0,8,0,0
root,0,0,0,8
root,0,8,0,0
root,0,0,8,0
Metazoa,0,0,8,0
root,8,0,0,0
root,0,0,8,0
Insecta,8,0,0,0
root,8,0,0,0
root,0,8,0,0
root,4,4,0,0
root,0,8,0,0
root,0,8,0,0
root,0,8,0,0
root,0,4,4,0
root,0,0,4,4
root,0,0,8,0
root,0,0,8,0
root,0,8,0,0
root,0,8,0,0
root,0,8,0,0
root,0,8,0,0
root,0,8,0,0
root,0,8,0,0
root,0,8,0,0
root,0,8,0,0
root,0,8,0,0
root,0,8,0,0
root,0,8,0,0
root,8,0,0,0
root,8,0,0,0
root,8,0,0,0
root,8,0,0,0
root,8,0,0,0
root,0,0,8,0
root,0,0,8,0
root,0,0,8,0
root,0,0,8,0
root,0,0,8,0
root,0,0,8,0
root,0,0,8,0
root,0,0,8,0
root,0,0,8,0
root,0,0,8,0
root,0,0,8,0
root,0,0,8,0
root,0,0,4,4
root,8,0,0,0
root,8,0,0,0
root,8,0,0,0
root,8,0,0,0
root,8,0,0,0
root,0,8,0,0
root,0,0,0,8
root,0,0,0,8
root,0,0,0,8
root,0,0,0,8
root,8,0,0,0
root,0,8,0,0
root,0,8,0,0
root,0,8,0,0
root,0,8,0,0
root,0,8,0,0
Metazoa,8,0,0,0
Chordata,0,0,0,8
root,0,0,0,8
Metazoa,8,0,0,0
Metazoa,8,0,0,0
Metazoa,8,0,0,0
Chordata,0,8,0,0
Chordata,0,0,0,8
root,8,0,0,0
root,8,0,0,0
Chlorophyceae,8,0,0,0
Firmicutes,8,0,0,0
root,0,0,0,8
Chlamydomonadales,0,8,0,0
root,8,0,0,0
root,0,0,0,8
root,0,0,8,0
root,8,0,0,0
root,8,0,0,0
root,8,0,0,0
root,8,0,0,0
root,8,0,0,0
root,8,0,0,0
root,8,0,0,0
root,8,0,0,0
root,8,0,0,0
root,0,8,0,0
root,0,8,0,0
root,0,8,0,0
root,0,8,0,0
root,0,8,0,0
root,0,8,0,0
root,0,8,0,0
root,0,8,0,0
root,0,8,0,0
root,0,0,8,0
root,0,0,8,0
root,0,0,8,0
root,0,0,0,8
root,0,0,0,8
root,0,0,0,8
root,0,0,0,8
root,0,0,0,8
root,0,0,0,8
root,0,0,0,8
root,0,0,0,8
root,0,0,0,8
root,0,0,0,8
root,0,0,0,8
root,0,0,0,8
root,0,0,0,8
Turdus_merula,0,0,0,7
Cervus_elaphus,0,0,0,7
Pelobacter,7,0,0,0
Coprosma,7,0,0,0
Nitzschia,7,0,0,0
Chaetonotus,0,0,7,0
Euglena,0,7,0,0
Cryptomonas,0,7,0,0
Planophila,0,0,7,0
Chaetonotus,0,0,7,0
Nais,0,0,7,0
Flectobacillus,0,0,7,0
Spirochaeta,0,0,0,7
Planophila,0,0,7,0
Histriculus,0,0,7,0
Nais,7,0,0,0
Euglena,7,0,0,0
Chaetonotidae,7,0,0,0
Cryptomonadaceae,7,0,0,0
Chlorellaceae,0,0,0,7
Bursariidae,0,0,7,0
Synchaetidae,0,0,0,7
Sciaridae,0,0,7,0
root,0,7,0,0
root,0,0,7,0
Chordata,7,0,0,0
root,0,0,0,7
root,0,0,7,0
Chordata,7,0,0,0
root,7,0,0,0
root,7,0,0,0
root,7,0,0,0
Metazoa,7,0,0,0
Kinetoplastea,7,0,0,0
root,0,0,7,0
root,7,0,0,0
root,7,0,0,0
Bacteroidetes,7,0,0,0
root,0,7,0,0
root,7,0,0,0
root,7,0,0,0
root,7,0,0,0
root,0,7,0,0
root,7,0,0,0
root,0,0,7,0
Chlorophyta,7,0,0,0
root,0,7,0,0
Metazoa,0,0,0,7
Metazoa,0,0,0,7
root,7,0,0,0
Metazoa,0,7,0,0
Metazoa,0,7,0,0
Metazoa,0,0,0,7
root,0,0,0,7
Metazoa,0,0,0,7
root,0,0,0,7
Metazoa,0,7,0,0
Metazoa,0,7,0,0
Chordata,0,7,0,0
Metazoa,0,0,7,0
Chordata,0,7,0,0
Chordata,7,0,0,0
Chordata,7,0,0,0
Chordata,0,0,7,0
Chordata,0,7,0,0
Chordata,0,7,0,0
Chordata,0,7,0,0
root,0,7,0,0
Chordata,0,7,0,0
root,0,0,0,7
Chordata,0,0,0,7
Metazoa,0,0,0,7
Metazoa,0,0,0,7
Chordata,7,0,0,0
root,7,0,0,0
root,0,7,0,0
root,0,7,0,0
root,0,7,0,0
root,0,7,0,0
root,7,0,0,0
root,0,7,0,0
root,7,0,0,0
Chlorophyta,0,7,0,0
Chlorophyceae,0,0,7,0
Viridiplantae,0,0,0,7
root,0,7,0,0
root,7,0,0,0
Dinophyceae,7,0,0,0
Bigyra,0,0,7,0
Fungi,0,7,0,0
root,0,7,0,0
root,7,0,0,0
root,7,0,0,0
root,0,7,0,0
Bacteroidetes,0,7,0,0
Rhodobacterales,0,0,0,7
root,0,0,0,7
Fungi,0,7,0,0
unclassified_Cyclops,0,0,7,0
root,0,0,7,0
Chlorophyta,7,0,0,0
root,0,7,0,0
root,0,0,0,7
root,0,0,0,7
root,7,0,0,0
root,0,0,7,0
root,0,0,7,0
root,0,0,7,0
root,0,0,7,0
root,7,0,0,0
root,0,0,0,7
root,0,0,0,7
root,0,7,0,0
root,0,7,0,0
root,0,7,0,0
root,0,0,7,0
Metazoa,7,0,0,0
root,0,0,7,0
Metazoa,7,0,0,0
root,7,0,0,0
root,0,0,0,7
root,7,0,0,0
root,7,0,0,0
root,7,0,0,0
root,0,7,0,0
root,0,7,0,0
root,0,7,0,0
root,0,7,0,0
root,0,7,0,0
root,0,7,0,0
root,0,7,0,0
root,0,7,0,0
root,0,7,0,0
root,0,7,0,0
root,0,0,7,0
root,0,0,7,0
root,0,0,7,0
root,0,0,7,0
root,0,0,7,0
root,0,0,7,0
root,0,0,7,0
root,0,0,7,0
root,0,0,7,0
root,0,0,7,0
root,0,0,7,0
root,0,0,7,0
root,0,7,0,0
root,0,7,0,0
root,0,7,0,0
root,0,7,0,0
root,0,7,0,0
root,0,7,0,0
root,0,7,0,0
root,0,7,0,0
root,0,7,0,0
root,0,7,0,0
root,0,7,0,0
root,0,7,0,0
root,0,7,0,0
root,0,7,0,0
root,0,7,0,0
root,0,7,0,0
root,7,0,0,0
root,7,0,0,0
root,7,0,0,0
root,7,0,0,0
root,7,0,0,0
root,0,0,7,0
root,0,0,7,0
root,0,0,7,0
root,0,0,7,0
root,0,0,7,0
root,7,0,0,0
root,7,0,0,0
root,7,0,0,0
root,7,0,0,0
root,7,0,0,0
root,7,0,0,0
root,7,0,0,0
root,0,7,0,0
root,0,7,0,0
root,0,0,0,7
root,0,0,0,7
root,0,0,0,7
root,0,0,0,7
root,0,0,0,7
root,0,0,0,7
root,0,0,0,7
root,0,0,0,7
root,0,0,0,7
root,7,0,0,0
root,0,7,0,0
root,0,7,0,0
Metazoa,0,0,0,7
Metazoa,0,0,0,7
root,7,0,0,0
Chordata,7,0,0,0
Chordata,7,0,0,0
Chordata,0,7,0,0
root,0,7,0,0
root,0,7,0,0
Chordata,0,7,0,0
Chordata,0,0,0,7
root,0,0,0,7
Actinobacteria,7,0,0,0
root,0,7,0,0
root,0,0,0,7
Kinetoplastea,7,0,0,0
Kinetoplastea,0,7,0,0
root,0,0,0,7
root,7,0,0,0
root,0,7,0,0
root,7,0,0,0
root,7,0,0,0
root,7,0,0,0
root,7,0,0,0
root,7,0,0,0
root,7,0,0,0
root,7,0,0,0
root,7,0,0,0
root,7,0,0,0
root,7,0,0,0
root,7,0,0,0
root,7,0,0,0
root,7,0,0,0
root,7,0,0,0
root,7,0,0,0
root,7,0,0,0
root,7,0,0,0
root,7,0,0,0
root,7,0,0,0
root,7,0,0,0
root,7,0,0,0
root,7,0,0,0
root,7,0,0,0
root,0,7,0,0
root,0,7,0,0
root,0,7,0,0
root,0,7,0,0
root,0,7,0,0
root,0,7,0,0
root,0,7,0,0
root,0,7,0,0
root,0,7,0,0
root,0,7,0,0
root,0,7,0,0
root,0,0,7,0
root,0,0,7,0
root,0,0,7,0
root,0,0,7,0
root,0,0,7,0
root,0,0,0,7
root,0,0,0,7
root,0,0,0,7
root,0,0,0,7
root,0,0,0,7
root,0,0,0,7
root,0,0,0,7
root,0,0,0,7
root,0,0,0,7
root,0,0,0,7
Trichosurus_vulpecula,0,0,0,6
Mugil_cephalus,6,0,0,0
Eiseniella_tetraedra,0,0,0,6
Myriophyllum_propinquum,6,0,0,0
Nasturtium_officinale,0,0,6,0
Bicosoeca,6,0,0,0
Candidatus_Solibacter,6,0,0,0
Trachelomonas,6,0,0,0
Coleochaete,0,0,0,6
Oedogonium,0,0,6,0
Clostridium,0,6,0,0
Stephanocyclus,0,0,6,0
Vorticella,0,0,6,0
Neobodo,6,0,0,0
Nephroselmis,6,0,0,0
Chaetonotus,6,0,0,0
Mallomonadaceae,0,6,0,0
Stenostomidae,0,0,0,6
Euglenaceae,6,0,0,0
Euglenaceae,6,0,0,0
Clostridiaceae,0,6,0,0
Aeolosomatidae,6,0,0,0
Amaranthaceae,6,0,0,0
Cyprininae,6,0,0,0
Rhynchomonadidae,0,6,0,0
Chaetonotidae,0,0,0,6
Acidobacteriaceae,6,0,0,0
Ilumatobacteraceae,0,0,0,6
root,6,0,0,0
root,6,0,0,0
root,6,0,0,0
Dinophyceae,0,0,6,0
root,6,0,0,0
root,0,6,0,0
root,0,0,6,0
Bdelloidea,6,0,0,0
root,6,0,0,0
root,6,0,0,0
root,0,0,6,0
root,0,0,6,0
root,6,0,0,0
Eukaryota,6,0,0,0
root,0,6,0,0
Metazoa,0,6,0,0
root,6,0,0,0
Chordata,0,6,0,0
Metazoa,6,0,0,0
root,6,0,0,0
root,0,6,0,0
root,6,0,0,0
root,0,6,0,0
Metazoa,0,6,0,0
Chordata,0,0,0,6
root,6,0,0,0
root,0,6,0,0
root,6,0,0,0
root,0,6,0,0
Sarcoptiformes,6,0,0,0
root,0,6,0,0
root,6,0,0,0
root,0,6,0,0
Insecta,6,0,0,0
Metazoa,0,6,0,0
Metazoa,0,6,0,0
Metazoa,0,0,6,0
Metazoa,0,6,0,0
Metazoa,0,0,0,6
root,0,0,0,6
root,0,0,0,6
Metazoa,0,6,0,0
root,0,6,0,0
Chordata,0,6,0,0
root,0,6,0,0
Chordata,0,6,0,0
Metazoa,0,6,0,0
root,6,0,0,0
Chordata,6,0,0,0
Chordata,0,0,6,0
Chordata,0,0,6,0
Chordata,0,0,6,0
Chordata,0,0,6,0
Chordata,6,0,0,0
Chordata,0,6,0,0
Chordata,0,0,0,6
Metazoa,0,0,0,6
Chordata,6,0,0,0
root,6,0,0,0
Metazoa,6,0,0,0
Chordata,0,6,0,0
root,0,0,6,0
Eurotatoria,0,0,6,0
root,0,0,6,0
root,0,0,6,0
Metazoa,6,0,0,0
Lepidoptera,6,0,0,0
root,6,0,0,0
root,0,6,0,0
Viridiplantae,0,6,0,0
root,0,6,0,0
Pedinellales,0,6,0,0
root,6,0,0,0
root,6,0,0,0
root,0,0,0,6
Ciliophora,0,0,0,6
Fungi,6,0,0,0
root,0,6,0,0
root,0,6,0,0
Cytophagales,0,6,0,0
Bacteroidetes,0,0,6,0
root,0,6,0,0
Bacteroidetes,0,0,0,6
Gammaproteobacteria,0,6,0,0
root,0,6,0,0
root,0,6,0,0
root,0,6,0,0
root,0,0,6,0
root,0,6,0,0
root,6,0,0,0
root,0,0,6,0
Fungi,0,6,0,0
root,0,0,0,6
root,0,0,6,0
root,0,6,0,0
root,0,0,6,0
root,6,0,0,0
root,6,0,0,0
root,6,0,0,0
Arthropoda,0,6,0,0
root,0,6,0,0
Metazoa,0,0,6,0
root,0,0,6,0
root,0,0,6,0
root,0,0,6,0
root,0,6,0,0
root,0,6,0,0
Metazoa,0,6,0,0
root,0,6,0,0
root,6,0,0,0
root,6,0,0,0
Lepidoptera,6,0,0,0
Insecta,6,0,0,0
Metazoa,6,0,0,0
root,6,0,0,0
Viridiplantae,6,0,0,0
Arthropoda,0,6,0,0
root,0,6,0,0
root,0,6,0,0
root,0,6,0,0
root,0,6,0,0
root,0,6,0,0
root,0,0,6,0
root,0,0,6,0
root,0,0,6,0
root,0,0,6,0
root,0,0,6,0
root,0,0,6,0
root,0,0,6,0
root,0,0,6,0
root,0,0,6,0
root,0,0,6,0
root,0,0,6,0
root,0,0,6,0
root,0,0,6,0
root,0,0,6,0
root,0,0,6,0
root,0,6,0,0
root,0,6,0,0
root,0,6,0,0
root,0,6,0,0
root,0,6,0,0
root,0,6,0,0
root,0,6,0,0
root,0,6,0,0
root,0,6,0,0
root,0,6,0,0
root,0,6,0,0
root,0,6,0,0
root,0,6,0,0
root,0,6,0,0
root,0,6,0,0
root,0,6,0,0
root,6,0,0,0
root,0,6,0,0
root,0,0,6,0
root,0,0,6,0
root,0,0,6,0
root,0,0,6,0
root,0,0,6,0
root,0,0,6,0
root,0,0,6,0
root,0,0,6,0
root,0,0,6,0
root,0,0,6,0
root,0,0,6,0
root,0,0,6,0
root,0,0,6,0
root,0,0,6,0
root,0,0,6,0
root,6,0,0,0
root,6,0,0,0
root,6,0,0,0
root,6,0,0,0
root,6,0,0,0
root,6,0,0,0
root,6,0,0,0
root,0,6,0,0
root,0,6,0,0
root,0,6,0,0
root,0,6,0,0
root,0,0,0,6
root,0,0,0,6
root,0,0,0,6
root,0,0,0,6
root,0,0,0,6
root,0,0,0,6
root,0,0,0,6
root,0,0,0,6
root,0,0,0,6
root,0,0,0,6
root,0,0,0,6
root,0,0,0,6
root,0,0,0,6
root,6,0,0,0
root,6,0,0,0
root,6,0,0,0
root,6,0,0,0
root,0,6,0,0
root,0,6,0,0
root,0,6,0,0
root,0,6,0,0
root,0,6,0,0
Metazoa,0,6,0,0
Metazoa,0,0,0,6
root,0,0,0,6
Metazoa,0,0,0,6
Metazoa,0,0,0,6
Chordata,6,0,0,0
Chordata,6,0,0,0
Chordata,0,6,0,0
root,0,6,0,0
Chordata,0,6,0,0
Chordata,0,6,0,0
Chordata,0,0,0,6
Chordata,0,0,0,6
Metazoa,0,0,0,6
Chordata,0,0,0,6
root,0,0,0,6
Chordata,0,0,0,6
root,6,0,0,0
root,6,0,0,0
root,6,0,0,0
root,0,6,0,0
root,0,0,6,0
root,0,0,0,6
Chlamydomonadales,6,0,0,0
root,6,0,0,0
root,0,6,0,0
Actinobacteria,0,0,6,0
Betaproteobacteria,0,0,0,6
root,0,0,0,6
Bacteroidetes,0,0,0,6
Bacteroidetes,0,0,0,6
Dictyochophyceae,6,0,0,0
root,6,0,0,0
root,0,6,0,0
root,0,0,0,6
root,6,0,0,0
Metazoa,6,0,0,0
root,6,0,0,0
Metazoa,6,0,0,0
root,0,6,0,0
root,6,0,0,0
root,6,0,0,0
root,6,0,0,0
root,6,0,0,0
root,6,0,0,0
root,6,0,0,0
root,6,0,0,0
root,6,0,0,0
root,6,0,0,0
root,6,0,0,0
root,6,0,0,0
root,6,0,0,0
root,6,0,0,0
root,6,0,0,0
root,6,0,0,0
root,6,0,0,0
root,6,0,0,0
root,6,0,0,0
root,6,0,0,0
root,6,0,0,0
root,6,0,0,0
root,6,0,0,0
root,6,0,0,0
root,6,0,0,0
root,6,0,0,0
root,6,0,0,0
root,6,0,0,0
root,6,0,0,0
root,0,6,0,0
root,0,6,0,0
root,0,6,0,0
root,0,6,0,0
root,0,6,0,0
root,0,6,0,0
root,0,6,0,0
root,0,6,0,0
root,0,6,0,0
root,0,6,0,0
root,0,6,0,0
root,0,6,0,0
root,0,6,0,0
root,0,6,0,0
root,0,6,0,0
root,0,6,0,0
root,0,6,0,0
root,0,6,0,0
root,0,6,0,0
root,0,6,0,0
root,0,0,6,0
root,0,0,6,0
root,0,0,6,0
root,0,0,6,0
root,0,0,6,0
root,0,0,0,6
root,0,0,0,6
root,0,0,0,6
root,0,0,0,6
root,0,0,0,6
root,0,0,0,6
root,0,0,0,6
root,0,0,0,6
root,0,0,0,6
root,0,0,0,6
root,0,0,0,6
root,0,0,0,6
root,0,0,0,6
root,0,0,0,6
root,0,0,0,6
root,0,0,0,6
root,0,0,0,6
Apoikiospumella_mondseeiensis,5,0,0,0
Ameiurus_nebulosus,0,5,0,0
Bos_taurus,0,0,5,0
Dero_obtusa,0,0,5,0
Bos_taurus,5,0,0,0
Telmatobacter,5,0,0,0
Gomphonema,5,0,0,0
Psychoda,0,0,5,0
Chaetonotus,5,0,0,0
Juncus,0,0,5,0
Adriamonas,0,0,5,0
Aptinothrips,0,0,5,0
Teleaulax,0,5,0,0
Neobodo,0,5,0,0
Clostridium,0,0,0,5
Strombomonas,5,0,0,0
Nephroselmis,0,5,0,0
Caulobacteraceae,0,0,5,0
Euglenaceae,5,0,0,0
Oscillospiraceae,5,0,0,0
Acidobacteriaceae,5,0,0,0
Geminigeraceae,0,5,0,0
Solibacteraceae,5,0,0,0
Eubacteriales_Family_XIII_Incertae_Sedis,5,0,0,0
Raphidiophryidae,0,0,0,5
root,5,0,0,0
root,5,0,0,0
Myxococcales,5,0,0,0
root,0,0,5,0
root,0,0,5,0
root,5,0,0,0
root,0,5,0,0
root,5,0,0,0
root,5,0,0,0
Eurotatoria,5,0,0,0
root,5,0,0,0
root,5,0,0,0
root,5,0,0,0
Metazoa,5,0,0,0
root,5,0,0,0
root,0,5,0,0
Metazoa,5,0,0,0
Insecta,5,0,0,0
root,5,0,0,0
Actinopteri,5,0,0,0
Metazoa,0,0,5,0
root,5,0,0,0
root,0,5,0,0
root,5,0,0,0
root,5,0,0,0
Metazoa,0,5,0,0
root,5,0,0,0
Fungi,5,0,0,0
root,0,0,5,0
root,0,5,0,0
root,5,0,0,0
root,0,0,0,5
root,5,0,0,0
Chordata,5,0,0,0
root,5,0,0,0
root,0,5,0,0
root,5,0,0,0
root,0,0,5,0
root,5,0,0,0
root,0,5,0,0
root,0,5,0,0
Metazoa,0,5,0,0
root,0,0,0,5
Metazoa,0,0,0,5
root,0,0,0,5
Metazoa,0,0,0,5
root,5,0,0,0
Euglenales,5,0,0,0
root,0,5,0,0
Metazoa,5,0,0,0
root,5,0,0,0
root,5,0,0,0
Metazoa,0,5,0,0
root,0,5,0,0
Metazoa,0,5,0,0
Metazoa,0,5,0,0
Metazoa,0,5,0,0
root,0,5,0,0
Metazoa,5,0,0,0
Metazoa,5,0,0,0
Metazoa,0,5,0,0
Metazoa,0,5,0,0
Metazoa,0,5,0,0
Metazoa,0,5,0,0
Metazoa,0,0,0,5
Metazoa,0,5,0,0
Chordata,0,5,0,0
Metazoa,0,5,0,0
Chordata,0,5,0,0
Metazoa,0,5,0,0
Chordata,0,5,0,0
Chordata,0,5,0,0
Metazoa,0,5,0,0
Chordata,0,5,0,0
Chordata,0,0,5,0
Metazoa,0,0,5,0
Chordata,0,0,5,0
Metazoa,0,5,0,0
Metazoa,0,5,0,0
Metazoa,5,0,0,0
Chordata,0,0,5,0
Metazoa,0,0,5,0
Chordata,5,0,0,0
Metazoa,0,5,0,0
Metazoa,0,5,0,0
Chordata,0,5,0,0
Chordata,0,5,0,0
Chordata,5,0,0,0
root,0,0,5,0
root,0,5,0,0
root,0,5,0,0
Metazoa,0,0,0,5
Rhabditida,0,5,0,0
root,0,0,5,0
root,0,0,5,0
root,5,0,0,0
Insecta,5,0,0,0
root,0,5,0,0
root,0,0,0,5
Metazoa,0,5,0,0
Magnoliopsida,0,0,5,0
root,0,5,0,0
Oomycota,0,5,0,0
Spumella_like_flagellate_JB,0,5,0,0
root,0,5,0,0
root,0,0,5,0
root,0,5,0,0
Xanthophyceae,5,0,0,0
Bigyra,0,0,5,0
root,0,0,5,0
Fungi,5,0,0,0
root,0,5,0,0
Dinophyceae,0,0,0,5
root,0,0,0,5
root,0,5,0,0
Gammaproteobacteria,0,5,0,0
root,0,5,0,0
root,0,0,5,0
Proteobacteria,0,0,5,0
Proteobacteria,0,0,0,5
Pirellulales,5,0,0,0
Insecta,0,5,0,0
Fungi,0,5,0,0
root,0,0,5,0
root,0,5,0,0
root,0,5,0,0
root,0,5,0,0
Chlorophyta,5,0,0,0
Kinetoplastea,0,0,5,0
Fungi,0,0,5,0
root,5,0,0,0
root,5,0,0,0
root,0,5,0,0
root,0,0,0,5
Oomycota,0,5,0,0
Fungi,0,5,0,0
root,0,0,5,0
root,0,5,0,0
root,0,0,5,0
root,5,0,0,0
root,0,5,0,0
root,0,5,0,0
Metazoa,0,0,5,0
root,0,0,5,0
Insecta,0,5,0,0
Metazoa,0,5,0,0
Metazoa,0,5,0,0
Metazoa,5,0,0,0
root,5,0,0,0
Metazoa,0,0,5,0
root,0,0,5,0
root,5,0,0,0
Insecta,0,5,0,0
root,0,5,0,0
root,0,5,0,0
root,0,5,0,0
root,0,0,0,5
root,0,5,0,0
root,0,5,0,0
root,0,5,0,0
root,0,5,0,0
root,0,5,0,0
root,0,5,0,0
root,0,5,0,0
root,0,5,0,0
root,0,5,0,0
root,0,5,0,0
root,0,5,0,0
root,0,5,0,0
root,0,5,0,0
root,0,5,0,0
root,0,5,0,0
root,0,0,5,0
root,0,0,5,0
root,0,0,5,0
root,0,0,5,0
root,0,0,5,0
root,0,0,5,0
root,0,0,5,0
root,0,0,5,0
root,0,0,5,0
root,0,0,5,0
root,0,0,5,0
root,0,0,5,0
root,0,5,0,0
root,0,5,0,0
root,0,5,0,0
root,0,5,0,0
root,0,5,0,0
root,0,5,0,0
root,0,5,0,0
root,0,5,0,0
root,0,5,0,0
root,0,5,0,0
root,0,5,0,0
root,0,5,0,0
root,0,5,0,0
root,0,5,0,0
root,0,5,0,0
root,0,5,0,0
root,0,5,0,0
root,0,5,0,0
root,0,5,0,0
root,0,5,0,0
root,0,5,0,0
root,0,5,0,0
root,0,5,0,0
root,0,5,0,0
root,0,5,0,0
root,5,0,0,0
root,5,0,0,0
root,5,0,0,0
root,5,0,0,0
root,5,0,0,0
root,5,0,0,0
root,0,0,5,0
root,0,0,5,0
root,0,0,5,0
root,0,0,5,0
root,0,0,5,0
root,0,0,5,0
root,0,0,5,0
root,0,0,5,0
root,0,0,5,0
root,0,0,5,0
root,0,0,5,0
root,0,0,5,0
root,0,0,5,0
root,0,0,5,0
root,0,0,5,0
root,0,0,5,0
root,0,0,5,0
root,0,0,5,0
root,0,0,5,0
root,5,0,0,0
root,5,0,0,0
root,5,0,0,0
root,5,0,0,0
root,5,0,0,0
root,5,0,0,0
root,5,0,0,0
root,5,0,0,0
root,5,0,0,0
root,5,0,0,0
root,5,0,0,0
root,0,5,0,0
root,0,5,0,0
root,0,5,0,0
root,0,5,0,0
root,0,5,0,0
root,0,0,0,5
root,0,0,0,5
root,0,0,0,5
root,0,0,0,5
root,0,0,0,5
root,0,0,0,5
root,0,0,0,5
root,0,0,0,5
root,0,0,0,5
root,0,0,0,5
root,0,0,0,5
root,0,0,0,5
root,0,0,0,5
root,5,0,0,0
root,5,0,0,0
root,5,0,0,0
root,5,0,0,0
root,5,0,0,0
root,5,0,0,0
root,0,5,0,0
root,0,5,0,0
root,0,5,0,0
root,0,5,0,0
root,0,5,0,0
root,0,5,0,0
root,0,5,0,0
Metazoa,5,0,0,0
root,0,5,0,0
Chordata,0,0,5,0
Metazoa,0,0,0,5
root,0,0,0,5
Metazoa,0,0,0,5
Metazoa,0,0,5,0
Chordata,5,0,0,0
root,5,0,0,0
root,5,0,0,0
Metazoa,0,5,0,0
Chordata,0,0,5,0
Metazoa,0,0,0,5
root,0,0,0,5
Chordata,0,0,0,5
root,0,5,0,0
Insecta,5,0,0,0
Bacillariophyta,5,0,0,0
root,5,0,0,0
Euglenales,0,5,0,0
root,5,0,0,0
root,5,0,0,0
root,5,0,0,0
root,0,5,0,0
Bacteroidales,0,5,0,0
Bacteroidetes,0,5,0,0
Bacteroidetes,0,5,0,0
Gammaproteobacteria,0,0,0,5
Firmicutes,0,0,0,5
root,0,0,0,5
Gammaproteobacteria,0,0,0,5
root,0,0,0,5
root,5,0,0,0
root,5,0,0,0
Parabodonida,5,0,0,0
root,0,0,0,5
root,5,0,0,0
root,0,0,0,5
root,5,0,0,0
root,5,0,0,0
root,5,0,0,0
root,5,0,0,0
root,5,0,0,0
root,5,0,0,0
root,5,0,0,0
root,5,0,0,0
root,5,0,0,0
root,5,0,0,0
root,5,0,0,0
root,5,0,0,0
root,5,0,0,0
root,5,0,0,0
root,5,0,0,0
root,5,0,0,0
root,5,0,0,0
root,5,0,0,0
root,5,0,0,0
root,5,0,0,0
root,5,0,0,0
root,5,0,0,0
root,5,0,0,0
root,5,0,0,0
root,5,0,0,0
root,5,0,0,0
root,5,0,0,0
root,5,0,0,0
root,5,0,0,0
root,5,0,0,0
root,5,0,0,0
root,5,0,0,0
root,5,0,0,0
root,5,0,0,0
root,5,0,0,0
root,5,0,0,0
root,5,0,0,0
root,5,0,0,0
root,5,0,0,0
root,5,0,0,0
root,0,5,0,0
root,0,5,0,0
root,0,5,0,0
root,0,5,0,0
root,0,5,0,0
root,0,5,0,0
root,0,5,0,0
root,0,5,0,0
root,0,5,0,0
root,0,5,0,0
root,0,5,0,0
root,0,5,0,0
root,0,5,0,0
root,0,5,0,0
root,0,5,0,0
root,0,5,0,0
root,0,5,0,0
root,0,5,0,0
root,0,5,0,0
root,0,5,0,0
root,0,0,5,0
root,0,0,5,0
root,0,0,5,0
root,0,0,5,0
root,0,0,5,0
root,0,0,5,0
root,0,0,5,0
root,0,0,5,0
root,0,0,5,0
root,0,0,5,0
root,0,0,5,0
root,0,0,0,5
root,0,0,0,5
root,0,0,0,5
root,0,0,0,5
root,0,0,0,5
root,0,0,0,5
root,0,0,0,5
root,0,0,0,5
root,0,0,0,5
root,0,0,0,5
root,0,0,0,5
root,0,0,0,5
root,0,0,0,5
root,0,0,0,5
root,0,0,0,5
root,0,0,0,5
root,0,0,0,5
root,0,0,0,5
root,0,0,0,5
root,0,0,0,5
root,0,0,0,5
root,0,0,0,5
root,0,0,0,5
root,0,0,0,5
root,0,0,0,5
root,0,0,0,5
Gambusia_affinis,0,4,0,0
Lumbricus_castaneus,0,0,0,4
Tuberolachnus_salignus,4,0,0,0
Dinobryon_sp,0,4,0,0
Euplotes,0,0,0,4
Porcellio,0,0,0,4
Juncus,0,4,0,0
Oxalis,0,0,0,4
Cura,0,0,4,0
Bodo,4,0,0,0
Roseomonas,0,4,0,0
Polaromonas,0,4,0,0
Spirosoma,0,4,0,0
Teleaulax,0,4,0,0
Discostella,0,4,0,0
Chlamydomonas,4,0,0,0
Tubifex,0,4,0,0
Mesocyclops,0,0,4,0
Smittia,0,4,0,0
Chlorobaculum,4,0,0,0
Rhodomonas,0,0,4,0
Phacaceae,4,0,0,0
Oscillospiraceae,0,0,4,0
Treponemataceae,4,0,0,0
Cercomonadidae,4,0,0,0
Stenostomidae,0,0,4,0
Geminigeraceae,0,4,0,0
Euglenaceae,0,0,4,0
Anaeromyxobacteraceae,4,0,0,0
Oscillospiraceae,4,0,0,0
Prolixibacteraceae,0,0,0,4
root,0,4,0,0
root,4,0,0,0
Chlamydomonadales,4,0,0,0
root,4,0,0,0
root,4,0,0,0
Dinophyceae,4,0,0,0
Bacteroidetes,4,0,0,0
root,0,0,4,0
root,4,0,0,0
Firmicutes,0,4,0,0
root,4,0,0,0
root,4,0,0,0
root,0,0,4,0
root,4,0,0,0
Aves,4,0,0,0
root,4,0,0,0
Euglenales,4,0,0,0
root,4,0,0,0
root,4,0,0,0
root,4,0,0,0
root,0,4,0,0
root,4,0,0,0
root,4,0,0,0
Eukaryota,0,4,0,0
root,0,4,0,0
Chordata,0,0,0,4
root,4,0,0,0
root,0,4,0,0
root,0,0,0,4
root,0,4,0,0
root,4,0,0,0
root,4,0,0,0
Kinetoplastea,4,0,0,0
Neobodonida,0,4,0,0
root,4,0,0,0
root,4,0,0,0
Chloroflexia,4,0,0,0
Proteobacteria,4,0,0,0
root,0,4,0,0
root,4,0,0,0
root,4,0,0,0
root,4,0,0,0
root,4,0,0,0
root,0,0,0,4
root,4,0,0,0
root,4,0,0,0
root,4,0,0,0
root,0,0,0,4
root,4,0,0,0
root,0,4,0,0
root,0,0,4,0
root,4,0,0,0
root,4,0,0,0
root,4,0,0,0
root,4,0,0,0
unclassified_Lagenidium,4,0,0,0
root,0,4,0,0
root,4,0,0,0
Metazoa,4,0,0,0
root,0,4,0,0
root,4,0,0,0
root,4,0,0,0
Chordata,0,4,0,0
Metazoa,4,0,0,0
root,4,0,0,0
root,0,0,4,0
Oomycota,4,0,0,0
Metazoa,4,0,0,0
Metazoa,4,0,0,0
Metazoa,4,0,0,0
root,0,4,0,0
root,0,4,0,0
Metazoa,4,0,0,0
Chloroflexales,4,0,0,0
root,0,4,0,0
root,0,4,0,0
Metazoa,0,4,0,0
Metazoa,0,4,0,0
Metazoa,0,4,0,0
Metazoa,0,0,4,0
root,0,0,4,0
Aves,0,0,4,0
root,0,0,4,0
Metazoa,0,0,4,0
root,0,0,4,0
root,0,4,0,0
Metazoa,4,0,0,0
Metazoa,0,0,4,0
Metazoa,0,4,0,0
root,0,4,0,0
Metazoa,0,4,0,0
root,0,4,0,0
Metazoa,0,4,0,0
Metazoa,0,0,0,4
Metazoa,4,0,0,0
root,0,4,0,0
root,0,4,0,0
Metazoa,0,4,0,0
Chordata,0,4,0,0
Chordata,0,4,0,0
Metazoa,0,4,0,0
Metazoa,0,4,0,0
root,0,4,0,0
root,0,4,0,0
Chordata,0,4,0,0
Chordata,0,0,4,0
Metazoa,0,0,4,0
Metazoa,0,4,0,0
Chordata,0,4,0,0
Chordata,4,0,0,0
Chordata,4,0,0,0
Chordata,4,0,0,0
Chordata,4,0,0,0
Chordata,4,0,0,0
root,4,0,0,0
root,4,0,0,0
Chordata,4,0,0,0
Metazoa,4,0,0,0
Chordata,4,0,0,0
Chordata,4,0,0,0
Chordata,0,0,4,0
Chordata,0,0,4,0
Chordata,0,0,4,0
Metazoa,0,0,4,0
Metazoa,4,0,0,0
Metazoa,4,0,0,0
Chordata,0,4,0,0
Chordata,0,4,0,0
Chordata,0,4,0,0
Chordata,0,4,0,0
root,0,4,0,0
Chordata,0,4,0,0
root,0,4,0,0
root,0,4,0,0
root,0,0,0,4
root,0,0,0,4
root,0,0,0,4
Chordata,4,0,0,0
Metazoa,4,0,0,0
Chordata,0,4,0,0
Metazoa,0,4,0,0
root,0,4,0,0
Discosea,0,4,0,0
root,0,4,0,0
root,0,4,0,0
Metazoa,0,4,0,0
root,0,0,4,0
root,0,0,4,0
root,0,0,4,0
root,4,0,0,0
root,0,0,4,0
root,0,0,4,0
root,0,0,4,0
root,0,0,4,0
Metazoa,4,0,0,0
root,4,0,0,0
root,4,0,0,0
Metazoa,0,4,0,0
root,0,4,0,0
Branchiopoda,0,0,0,4
root,0,4,0,0
root,0,0,4,0
Magnoliopsida,0,0,4,0
Chlorophyceae,0,0,0,4
root,4,0,0,0
root,0,4,0,0
root,0,0,4,0
root,0,0,4,0
root,0,4,0,0
root,4,0,0,0
root,0,0,4,0
Oomycota,0,0,4,0
root,0,0,4,0
Chaetophorales,4,0,0,0
Oligohymenophorea,4,0,0,0
Gastropoda,4,0,0,0
root,0,4,0,0
Chlorophyta,0,4,0,0
root,0,4,0,0
root,0,4,0,0
root,0,4,0,0
root,0,4,0,0
root,0,4,0,0
root,0,4,0,0
root,0,4,0,0
Bacteroidetes,0,0,4,0
root,0,0,4,0
Saprospiria,0,0,0,4
root,0,0,4,0
root,4,0,0,0
Bacteroidetes,0,4,0,0
root,0,4,0,0
root,0,0,0,4
root,0,0,0,4
root,4,0,0,0
Enterobacterales,0,4,0,0
Neobodonida,0,4,0,0
root,0,4,0,0
root,0,4,0,0
root,0,0,4,0
root,0,4,0,0
Fungi,4,0,0,0
Pedinellales,4,0,0,0
root,0,0,4,0
Euglenales,4,0,0,0
root,4,0,0,0
root,0,4,0,0
root,4,0,0,0
root,0,0,0,4
root,4,0,0,0
root,4,0,0,0
root,0,4,0,0
root,0,0,4,0
root,0,0,4,0
root,0,0,4,0
root,0,0,4,0
root,0,0,4,0
root,4,0,0,0
root,4,0,0,0
root,0,0,0,4
root,0,0,0,4
root,0,0,0,4
root,0,0,0,4
root,4,0,0,0
root,4,0,0,0
root,0,4,0,0
Eurotatoria,0,4,0,0
root,0,4,0,0
root,0,0,4,0
root,0,0,4,0
Haplotaxida,0,0,4,0
root,0,0,4,0
root,0,0,4,0
root,0,4,0,0
root,4,0,0,0
root,4,0,0,0
root,4,0,0,0
Metazoa,0,0,4,0
root,0,0,4,0
root,0,0,4,0
Metazoa,4,0,0,0
root,4,0,0,0
root,0,4,0,0
root,0,0,0,4
root,0,0,0,4
Metazoa,0,0,0,4
Metazoa,0,0,0,4
Metazoa,0,0,0,4
root,4,0,0,0
Metazoa,4,0,0,0
root,0,4,0,0
root,0,4,0,0
root,0,4,0,0
root,0,4,0,0
root,0,4,0,0
root,0,4,0,0
root,0,4,0,0
root,0,4,0,0
root,0,4,0,0
root,0,4,0,0
root,0,4,0,0
root,0,4,0,0
root,0,4,0,0
root,0,4,0,0
root,0,4,0,0
root,0,4,0,0
root,0,4,0,0
root,0,4,0,0
root,0,4,0,0
root,0,4,0,0
root,0,0,4,0
root,0,0,4,0
root,0,0,4,0
root,0,0,4,0
root,0,0,4,0
root,0,0,4,0
root,0,0,4,0
root,0,0,4,0
root,0,0,4,0
root,0,0,4,0
root,0,0,4,0
root,0,0,4,0
root,0,0,4,0
root,0,0,4,0
root,0,0,4,0
root,0,4,0,0
root,0,4,0,0
root,0,4,0,0
root,0,4,0,0
root,0,4,0,0
root,0,4,0,0
root,0,4,0,0
root,0,4,0,0
root,0,4,0,0
root,0,4,0,0
root,0,4,0,0
root,0,4,0,0
root,0,4,0,0
root,0,4,0,0
root,0,4,0,0
root,0,4,0,0
root,0,4,0,0
root,0,4,0,0
root,0,4,0,0
root,0,4,0,0
root,0,4,0,0
root,4,0,0,0
root,4,0,0,0
root,4,0,0,0
root,4,0,0,0
root,4,0,0,0
root,4,0,0,0
root,4,0,0,0
root,4,0,0,0
root,4,0,0,0
root,4,0,0,0
root,4,0,0,0
root,0,0,4,0
root,0,0,4,0
root,0,0,4,0
root,0,0,4,0
root,0,0,0,4
root,4,0,0,0
root,0,0,4,0
root,0,0,4,0
root,0,0,4,0
root,0,0,4,0
root,0,0,4,0
root,0,0,4,0
root,0,0,4,0
root,0,0,4,0
root,0,0,4,0
root,0,0,4,0
root,0,0,4,0
root,0,0,4,0
root,4,0,0,0
root,4,0,0,0
root,4,0,0,0
root,4,0,0,0
root,4,0,0,0
root,4,0,0,0
root,4,0,0,0
root,4,0,0,0
root,4,0,0,0
root,4,0,0,0
root,4,0,0,0
root,4,0,0,0
root,4,0,0,0
root,0,4,0,0
root,0,4,0,0
root,0,4,0,0
root,0,4,0,0
root,0,4,0,0
root,0,4,0,0
root,0,4,0,0
root,0,4,0,0
root,0,4,0,0
root,0,4,0,0
root,0,4,0,0
root,0,4,0,0
root,0,4,0,0
root,0,0,0,4
root,0,0,0,4
root,0,0,0,4
root,0,0,0,4
root,0,0,0,4
root,0,0,0,4
root,0,0,0,4
root,0,0,0,4
root,0,0,0,4
root,0,0,0,4
root,0,0,0,4
root,0,0,0,4
root,0,0,0,4
root,0,0,0,4
root,0,0,0,4
root,0,0,0,4
root,0,0,0,4
root,0,0,0,4
root,0,0,0,4
root,4,0,0,0
root,4,0,0,0
root,4,0,0,0
root,4,0,0,0
root,0,0,0,4
root,0,4,0,0
root,0,4,0,0
root,0,4,0,0
root,0,4,0,0
root,0,4,0,0
root,0,4,0,0
root,0,4,0,0
root,0,4,0,0
Metazoa,0,4,0,0
Metazoa,0,0,0,4
Metazoa,0,0,0,4
root,0,0,0,4
Metazoa,0,0,0,4
root,0,0,0,4
root,0,0,0,4
Metazoa,0,0,0,4
Metazoa,0,0,0,4
Metazoa,0,0,0,4
Metazoa,0,0,0,4
Metazoa,0,0,0,4
Metazoa,0,0,0,4
root,0,0,0,4
Metazoa,4,0,0,0
Chordata,4,0,0,0
Chordata,4,0,0,0
Chordata,4,0,0,0
Chordata,0,4,0,0
Chordata,0,4,0,0
root,0,0,4,0
Bilateria,0,0,0,4
Metazoa,0,0,0,4
Chordata,0,0,0,4
Chordata,0,0,0,4
Chordata,0,0,0,4
Chordata,0,0,0,4
Metazoa,0,0,0,4
Chordata,0,0,0,4
root,4,0,0,0
Lepidoptera,4,0,0,0
Insecta,4,0,0,0
root,4,0,0,0
Philodinida,4,0,0,0
root,4,0,0,0
root,0,0,0,4
root,0,4,0,0
root,0,0,4,0
Pedinellales,0,0,0,4
root,4,0,0,0
Planctomycetes,4,0,0,0
root,4,0,0,0
root,0,4,0,0
root,0,0,4,0
root,0,0,0,4
Bacteroidetes,0,0,0,4
root,0,0,0,4
root,0,0,0,4
root,0,0,0,4
Bacteroidetes,0,0,0,4
root,4,0,0,0
root,4,0,0,0
root,4,0,0,0
root,0,0,0,4
Fungi,0,0,0,4
root,4,0,0,0
root,4,0,0,0
root,4,0,0,0
root,0,0,0,4
root,4,0,0,0
root,4,0,0,0
root,4,0,0,0
root,4,0,0,0
root,4,0,0,0
root,4,0,0,0
root,4,0,0,0
root,4,0,0,0
Metazoa,0,4,0,0
root,0,4,0,0
Metazoa,0,0,4,0
root,0,0,4,0
root,0,0,4,0
root,4,0,0,0
root,4,0,0,0
root,4,0,0,0
root,4,0,0,0
root,4,0,0,0
root,4,0,0,0
root,4,0,0,0
root,4,0,0,0
root,4,0,0,0
root,4,0,0,0
root,4,0,0,0
root,4,0,0,0
root,4,0,0,0
root,4,0,0,0
root,4,0,0,0
root,4,0,0,0
root,4,0,0,0
root,4,0,0,0
root,4,0,0,0
root,4,0,0,0
root,4,0,0,0
root,4,0,0,0
root,4,0,0,0
root,4,0,0,0
root,4,0,0,0
root,4,0,0,0
root,4,0,0,0
root,4,0,0,0
root,4,0,0,0
root,4,0,0,0
root,4,0,0,0
root,4,0,0,0
root,4,0,0,0
root,4,0,0,0
root,4,0,0,0
root,4,0,0,0
root,4,0,0,0
root,4,0,0,0
root,4,0,0,0
root,4,0,0,0
root,4,0,0,0
root,4,0,0,0
root,4,0,0,0
root,4,0,0,0
root,4,0,0,0
root,4,0,0,0
root,4,0,0,0
root,0,0,4,0
root,0,4,0,0
root,0,4,0,0
root,0,4,0,0
root,0,4,0,0
root,0,4,0,0
root,0,4,0,0
root,0,4,0,0
root,0,4,0,0
root,0,4,0,0
root,0,4,0,0
root,0,4,0,0
root,0,4,0,0
root,0,4,0,0
root,0,4,0,0
root,0,4,0,0
root,0,4,0,0
root,0,4,0,0
root,0,4,0,0
root,0,4,0,0
root,0,4,0,0
root,0,4,0,0
root,0,4,0,0
root,0,4,0,0
root,0,4,0,0
root,0,4,0,0
root,0,4,0,0
root,0,4,0,0
root,0,0,4,0
root,0,0,4,0
root,0,0,4,0
root,0,0,4,0
root,0,0,4,0
root,0,0,4,0
root,0,0,4,0
root,0,0,4,0
root,0,0,0,4
root,0,0,0,4
root,0,0,0,4
root,0,0,0,4
root,0,0,0,4
root,0,0,0,4
root,0,0,0,4
root,0,0,0,4
root,0,0,0,4
root,0,0,0,4
root,0,0,0,4
root,0,0,0,4
root,0,0,0,4
root,0,0,0,4
root,0,0,0,4
root,0,0,0,4
root,0,0,0,4
root,0,0,0,4
root,0,0,0,4
root,0,0,0,4
root,0,0,0,4
root,0,0,0,4
root,0,0,0,4
root,0,0,0,4
