﻿tax_assignment,One,Two,Three,Four
Metazoa,4653,1488,160320,35543
Cyprinus_rubrofuscus,459,85080,21689,608
Scardinius_erythrophthalmus,0,2534,21808,74033
root,7,1352,56027,33414
Nais_communis_variabilis_complex_sp_A1,89083,173,0,0
Chydorus_brevilabris,129,410,55596,24985
Metazoa,0,471,0,63631
Gambusia_affinis,52505,753,6115,0
Metazoa,22140,16553,1615,13810
Anas_platyrhynchos,50168,787,2914,141
Cyprinus_rubrofuscus,128,53585,123,6
Scardinius_erythrophthalmus,0,3896,4030,44430
Cyprinus_rubrofuscus,2742,34340,11631,179
root,0,1033,35336,11546
Simocephalus,213,76,33156,13730
Poeae_Chloroplast_Group_2_Poeae_type,64,9720,36710,0
Acanthocyclops_robustus,26237,6953,5118,4967
Scardinius_erythrophthalmus,0,1791,11403,26969
Metazoa,44,0,29589,7891
Podocarpaceae,10386,17732,923,4753
Saliceae,2678,1171,8763,17289
Arthropoda,7344,2997,2074,16964
Anguilla_australis,1507,20,23773,0
Malpighiales,629,551,5270,18638
Lumbriculus_variegatus,12801,10452,86,0
Pooideae,0,134,22800,14
Betaproteobacteria,882,2051,11027,8644
Nais_communis,20444,70,0,0
root,10295,0,6492,1726
Chlorophyceae,2238,15570,112,0
Mesocyclops_leuckarti,729,5644,6727,4543
Comamonadaceae,862,5293,9783,1405
root,12765,2364,98,80
Culex,5695,192,0,8715
Cyclopidae,5537,4046,1432,3005
Burkholderiales,1523,1558,3338,7342
Metazoa,4722,7795,0,0
Carassius_auratus,113,1771,9572,563
Glyceria,8383,760,2022,342
Scardinius_erythrophthalmus,0,1818,122,9385
Podocarpus,1388,3581,4272,1657
Cyclopidae,2285,6549,612,919
Geobacter,5909,2336,1034,897
Anserinae,1701,6673,1501,272
Paratanytarsus_grimmii,5685,1975,1619,229
Gambusia_affinis,8881,335,68,0
Metazoa,189,17,275,8576
Araceae,6478,0,1064,803
Chaetonotus,7792,4,72,12
Ludwigia,0,9,0,7789
Ludwigia,41,14,2140,5601
Metazoa,4733,1727,763,481
Metazoa,4,0,5451,2181
root,1108,6086,0,0
root,4915,1708,68,0
root,749,141,4542,1191
Vorticella,483,2568,3258,114
Metazoa,383,4990,860,56
root,356,5836,60,0
Bosmina_longirostris,0,2081,3762,381
Pinus,334,856,1592,3371
root,2601,2756,51,0
Cochliopodium,2143,2788,443,0
Colepidae,4656,411,237,0
root,496,4642,0,0
Poeae,1141,386,3241,361
Chaetonotus,4841,9,154,30
Viridiplantae,4449,106,364,12
Metazoa,23,131,2604,2062
Polygonoideae,4134,0,448,135
Spathidiidae,65,4625,0,0
Thiodictyon,3898,452,132,0
Metazoa,1813,1512,676,409
Vitreochlamys_aulata,3001,874,430,0
Sulfuricurvum,12,137,3912,118
Carassius_auratus,468,701,2751,181
Colepidae,3388,323,342,0
Cygnus_atratus,1113,2594,194,21
Paspalum,2976,438,318,47
Metazoa,420,51,80,3180
Gammaproteobacteria,698,1223,809,754
Emberiza_citrinella,0,0,3475,0
Metazoa,0,0,2947,494
Cyprinus_rubrofuscus,0,3396,19,0
Spathidiidae,132,3260,0,0
root,0,3282,0,0
root,0,0,3282,0
Lumbriculus_variegatus,1451,1667,81,0
root,582,1441,709,222
Poaceae,2563,141,180,0
root,657,2154,54,0
Daphniidae,16,0,1410,1369
Dero,2563,0,0,121
Nais,2643,0,0,0
root,26,2607,0,0
Desulfuromonadales,403,482,621,1100
Cryptomonas,503,253,1707,127
Scotinosphaeraceae,28,11,2523,0
Betaproteobacteria,1195,715,652,0
Araceae,2409,0,61,34
Chaetonotidae,2380,11,62,49
Arthropoda,1474,1012,8,0
root,545,1876,0,0
Chlorobiaceae,901,549,952,0
Asparagales,1762,303,0,336
Gammaproteobacteria,952,464,516,468
Cryptomonas,458,298,1494,109
Ideonella,855,0,257,1142
root,704,1518,22,0
Chaetonotidae,2241,0,0,0
Metazoa,0,16,1346,845
root,0,0,1162,990
Scotinosphaeraceae,44,0,2098,0
Chlorophyceae,2013,109,0,0
Gambusia_affinis,0,41,2062,0
Daphniidae,0,0,1629,462
Anguilla_australis,30,0,2045,0
Chydoridae,0,0,1275,794
Rhodoblastus,1442,406,172,44
Hexanauplia,472,9,672,910
Dechloromonas,161,334,935,632
root,0,0,0,2010
Spirotrichea,0,1728,0,281
Anas_platyrhynchos,2002,0,4,0
Ranunculus,0,284,0,1676
Anas_chlorotis_or_gracilis,168,343,1292,147
Oedogoniaceae,0,15,1313,616
Scardinius_erythrophthalmus,0,41,0,1852
Persicaria,1363,6,445,58
Hexanauplia,472,74,549,717
root,34,1430,326,0
root,889,0,899,0
Poeae,0,65,0,1687
root,1733,0,0,0
Culex,339,0,0,1387
Gambusia_affinis,1614,0,110,0
root,308,1321,24,0
Chromatiaceae,756,704,189,0
unclassified_Cyclops,78,290,390,886
Anas_platyrhynchos,1631,0,0,0
root,0,0,0,1628
Vorticella,49,722,830,7
root,30,1067,491,20
root,916,0,691,0
Chlamydomonadales,1256,259,90,0
root,1585,0,6,0
Physella_acuta,414,992,150,28
Comamonadaceae,1472,0,92,0
Chaetonotidae,1453,9,44,54
root,0,0,1515,35
Cyclopoida,154,350,236,797
root,1189,333,12,0
Burkholderiales_genera_incertae_sedis,564,183,134,646
Reichenbachiellaceae,259,285,674,308
Polygoneae,1287,0,188,49
Panicoideae,1050,471,0,0
Spirotrichea,0,1170,0,333
Oscillospiraceae,0,94,1387,0
Proteobacteria,1467,0,0,0
Euglenaceae,49,1413,0,0
Chlamydomonadales,342,868,237,0
Carassius_auratus,0,1316,110,7
Rumex,16,1356,32,20
Geothrix,411,275,323,376
Roseiarcus,1332,32,20,0
Pyrenomonadaceae,223,479,608,74
root,173,34,1045,132
Asparagaceae,961,56,291,73
root,57,1301,5,0
root,1076,261,24,0
Polygonoideae,0,1220,126,0
root,427,815,82,19
Chordata,217,1124,0,0
root,0,0,0,1336
Viridiplantae,1329,0,0,0
Paludibacter,138,285,370,512
root,1144,154,0,0
Solanaceae,492,798,0,0
root,1286,0,0,0
root,196,1005,22,62
root,920,364,0,0
root,1256,23,0,0
Burkholderiales,0,0,221,1045
Spirotrichea,0,355,18,885
Quercus,0,7,1246,0
root,644,605,0,0
Metazoa,0,0,1231,0
Metazoa,0,14,940,272
Polaromonas,0,286,444,467
root,204,598,381,6
Solanaceae,0,0,1188,0
root,8,1052,71,53
Spirotrichea,0,580,92,510
root,233,858,75,0
Cyperoideae,1157,0,0,4
root,912,229,16,0
Alphaproteobacteria,749,69,176,148
Trichosurus_vulpecula,0,0,272,861
Burkholderiales,493,640,0,0
root,180,195,598,148
Nitzschia,800,315,0,0
Physella_acuta,510,448,138,16
root,445,522,142,0
root,0,6,876,216
root,774,323,0,0
Mugil,0,0,1088,0
Chlorobiaceae,0,805,280,0
root,536,15,276,253
root,230,704,142,0
root,900,173,0,0
Octolasion_lacteum,636,411,24,0
50_kb_inversion_clade,0,320,733,10
Rotaria_rotatoria,1058,0,0,0
root,433,281,95,237
Chaetonotus,953,24,68,0
root,0,1045,0,0
Flavobacterium,923,0,14,100
Chaetonotidae,1026,0,0,0
Vannella,1010,8,7,0
root,1010,0,7,0
root,562,442,0,0
Euglenaceae,20,971,0,0
Vorticella,0,979,0,0
Firmicutes,0,110,837,26
Chordata,56,0,907,0
Bacteroidetes,148,288,405,112
Phacus,0,932,18,0
Loteae,144,94,703,0
Vorticella,937,0,0,0
Neochanna_diversus,0,0,300,627
Eubacteriales,0,0,0,920
root,458,356,103,0
root,0,0,672,236
root,48,767,28,47
Chlorophyceae,35,0,853,0
Naididae,883,0,0,0
Mugil_cephalus,0,0,880,0
Rotaria_rotatoria,825,54,0,0
PACMAD_clade,0,0,866,0
root,0,862,0,0
Podocarpaceae,0,0,858,0
Gammaproteobacteria,14,837,0,0
Mugil_cephalus,0,0,843,0
Anguilla_australis,711,0,123,0
Chaetonotus,760,0,72,0
Arthropoda,0,0,730,101
root,827,0,0,0
Iris,234,542,28,22
Eubosmina_coregoni,0,46,698,77
root,572,229,20,0
Chaetonotidae,818,0,0,0
Chordata,0,0,0,818
Insecta,0,816,0,0
Chlorophyta,66,83,666,0
Persicaria,675,74,32,22
unclassified_Chrysophyceae,110,145,546,0
Euplotes,793,0,0,0
Euplotes,792,0,0,0
root,786,0,0,0
Chordata,785,0,0,0
root,780,0,0,0
Gambusia_affinis,708,44,18,0
root,140,598,32,0
Pooideae,582,112,71,0
Holophagaceae,126,418,132,80
root,756,0,0,0
root,752,0,0,0
Metazoa,0,0,742,4
Culex,399,0,0,343
Methylophilaceae,140,29,427,144
Poaceae,0,0,738,0
Solanoideae,0,670,64,0
root,124,496,106,0
root,0,726,0,0
root,0,0,714,0
Fungi,711,0,0,0
Euglenales,50,585,47,16
Flavobacteriaceae,0,0,335,357
root,163,153,376,0
Proteobacteria,0,88,248,344
Pinnularia,267,294,117,0
Chlorophyceae,207,46,420,0
root,176,496,0,0
Metazoa,661,6,0,0
Bacillariophyta,10,19,632,0
Nitrosomonadales,0,0,649,12
Spirochaetaceae,30,38,564,24
Firmicutes,0,11,472,173
Trichosurus_vulpecula,0,0,0,654
unclassified_Chrysophyceae,86,205,361,0
Bacteroidetes,150,213,192,89
Rhodospirillales,197,445,0,0
root,633,0,0,0
Viridiplantae,323,30,280,0
Metazoa,0,0,410,221
root,0,626,0,0
root,622,0,0,0
Metazoa,0,0,0,622
Polynucleobacter,352,164,0,101
Stentor_roeselii,0,5,611,0
Spirostomum,0,0,126,490
Thiotrichaceae,44,0,496,73
root,6,594,8,0
root,0,590,16,0
root,0,0,606,0
Poa,132,0,472,0
root,51,469,82,0
Cygnus_atratus,124,477,0,0
Chlorophyta,149,115,331,0
Spirostomum,0,0,246,347
Tetraspora_sp_UTEX_LB_234,0,0,583,0
Bos_taurus,52,0,362,165
Eukaryota,0,11,564,0
Phaseoleae,0,0,572,0
Nitzschia,172,320,79,0
Rotaria_rotatoria,569,0,0,0
Chilodonellidae,0,0,568,0
Plantago,14,23,522,0
root,66,6,0,482
Flavobacterium,221,203,22,106
Mugil_cephalus,0,0,550,0
Euglenales,32,364,152,0
Viridiplantae,547,0,0,0
Moraxellaceae,22,0,136,386
Chlorophyceae,336,100,108,0
root,83,442,16,0
root,66,414,26,34
root,0,0,0,534
Chlorophyta,0,489,40,0
root,0,528,0,0
Chilodonellidae,0,0,523,0
Eukaryota,331,191,0,0
Prostomatea,522,0,0,0
Eukaryota,382,111,28,0
Chlamydomonadales,269,250,0,0
Paramecium,517,0,0,0
Naidinae,514,0,0,0
root,505,8,0,0
Synura,393,118,0,0
Chitinophagaceae,208,108,108,86
Metazoa,169,53,70,214
root,506,0,0,0
Paramecium,501,0,0,0
Viridiplantae,496,0,0,0
Firmicutes,75,51,321,48
Coleps,494,0,0,0
root,0,0,490,0
root,0,487,0,0
Trachelomonas,485,0,0,0
Burkholderiales,0,0,485,0
Alphamonas,0,400,80,0
Chaetonotus,480,0,0,0
Rubioideae,357,25,50,47
Chaetonotidae,476,0,0,0
Chaetonotidae,467,0,0,0
Chlorophyta,22,0,443,0
root,453,9,0,0
Ciliophora,461,0,0,0
Coleps,460,0,0,0
root,60,277,118,0
Prolixibacteraceae,14,109,316,12
root,0,426,24,0
root,198,142,110,0
root,449,0,0,0
Gammaproteobacteria,0,27,404,18
root,52,291,105,0
Bacteroidetes,0,0,445,0
Alphamonas,0,288,156,0
Sulfuricurvum,0,8,434,0
root,0,0,442,0
Poales,0,135,182,122
Phacus,0,438,0,0
root,10,414,14,0
Synura,276,141,12,0
Dero_digitata,427,0,0,0
root,292,0,132,0
root,159,71,84,110
Actinopteri,0,0,0,420
Chlorophyta,0,419,0,0
Betaproteobacteria,248,169,0,0
root,296,118,0,0
root,0,279,134,0
Gambusia_affinis,412,0,0,0
root,151,0,220,41
root,375,0,32,4
root,342,0,62,0
root,397,0,0,0
Metazoa,14,344,38,0
root,365,21,10,0
Chilodonella,183,0,212,0
Metazoa,389,6,0,0
root,0,0,393,0
Nitzschia,111,279,0,0
Metazoa,390,0,0,0
root,0,0,388,0
Lemna_minor,20,0,0,367
Xanthophyceae,363,0,24,0
unclassified_Chlamydomonas,231,26,126,0
Chlorophyceae,0,359,24,0
Treponemataceae,31,90,256,4
root,0,355,26,0
Bradyrhizobiaceae,251,47,16,66
Insecta,379,0,0,0
Pinnularia,33,339,4,0
root,53,322,0,0
Ruminiclostridium,268,15,90,0
root,0,372,0,0
Trachelomonas,368,0,0,0
root,0,368,0,0
Chlamydomonadales,348,19,0,0
root,0,0,367,0
Chlorophyta,0,0,365,0
Scotinosphaera,364,0,0,0
Gammaproteobacteria,100,67,20,177
Poeae,43,275,0,43
Betaproteobacteria,0,0,234,125
root,0,358,0,0
Ranunculus,16,340,0,0
root,63,109,137,47
root,0,0,352,0
Lamiaceae,315,0,0,35
root,43,305,0,0
Bacteroidetes,348,0,0,0
root,283,64,0,0
Bacteroidetes,0,0,346,0
root,64,280,0,0
root,0,0,342,0
root,0,341,0,0
Passer_domesticus,0,0,340,0
Spirochaeta,0,123,153,62
root,89,215,33,0
Cryptomonadaceae,80,0,248,8
Metazoa,246,90,0,0
Actinomycetia,283,0,52,0
Ciliophora,334,0,0,0
Poeae,0,0,334,0
Coleps,330,0,0,0
Rhodobacter,236,7,31,56
root,152,51,64,63
root,0,0,330,0
root,0,0,296,33
root,318,9,0,0
Gammaproteobacteria,45,282,0,0
Chlamydomonadales,286,0,38,0
Betaproteobacteria,0,5,254,62
Coleps,320,0,0,0
Thiothrix,151,0,163,5
root,0,319,0,0
Viridiplantae,48,0,190,78
Chlamydomonadales,75,0,240,0
Metazoa,315,0,0,0
Tribonematales,314,0,0,0
Ludwigia,313,0,0,0
Poeae,116,197,0,0
root,0,0,311,0
Chilodonella,310,0,0,0
Spirochaetaceae,169,0,140,0
Daphniidae,0,0,100,209
Chaetonotidae,308,0,0,0
Chlorophyceae,88,0,220,0
root,107,138,61,0
Vorticella,0,305,0,0
root,0,105,195,5
Actinomycetia,0,47,27,231
Chordata,48,257,0,0
Chaetonotidae,304,0,0,0
Onagraceae,0,0,78,225
root,48,34,220,0
Ulvophyceae,195,107,0,0
root,15,279,8,0
root,244,27,18,10
Metazoa,0,0,274,25
Chlorophyta,0,0,298,0
Chlorobiaceae,0,296,0,0
Magnoliopsida,296,0,0,0
root,0,0,296,0
Daphnia_pulex,282,13,0,0
Bidens_pilosa,201,94,0,0
Metazoa,295,0,0,0
Chitinophagaceae,214,66,14,0
root,0,268,26,0
Chlamydomonadales,234,58,0,0
Prevotella,32,11,247,0
root,282,0,8,0
Pooideae,230,0,0,56
Acetobacteraceae,0,0,185,100
Proteobacteria,277,8,0,0
Chilodonella,0,0,283,0
root,0,0,281,0
Bosminidae,0,0,256,22
Cyclopidae,0,0,136,140
Cyclopidae,0,10,120,145
Metazoa,235,35,4,0
root,0,0,270,4
Treponemataceae,0,39,234,0
root,0,273,0,0
root,0,7,191,75
Metazoa,0,272,0,0
Diplostraca,0,0,0,271
root,78,141,50,0
Oxytrichidae,252,13,0,0
Cryptomonadaceae,73,0,191,0
Chordata,238,25,0,0
root,263,0,0,0
root,262,0,0,0
Chlamydomonadales,0,0,261,0
Metazoa,0,261,0,0
Rhizorhabdus,260,0,0,0
Cytophagaceae,260,0,0,0
Proteobacteria,237,0,0,23
root,0,259,0,0
root,14,244,0,0
Metazoa,258,0,0,0
Planctomycetia,257,0,0,0
Metazoa,225,30,0,0
Chlorophyta,112,126,17,0
root,218,37,0,0
Metazoa,254,0,0,0
Chlorophyceae,106,120,24,0
root,250,0,0,0
Chitinophagaceae,0,40,108,101
Metazoa,205,44,0,0
Cypriniformes,0,0,0,248
root,245,0,0,0
root,245,0,0,0
root,243,0,0,0
Chlorophyta,23,193,0,27
Bacillariophyta,0,59,182,0
Deltaproteobacteria,42,48,108,41
Actinomycetia,71,0,0,166
Gammaproteobacteria,236,0,0,0
root,0,236,0,0
Bacillariophyceae,54,39,142,0
Spirochaetaceae,216,10,8,0
root,215,9,10,0
root,147,18,48,20
Holophrya,231,0,0,0
Prolixibacteraceae,134,0,26,70
Chlamydomonadales,0,230,0,0
Metazoa,230,0,0,0
root,218,0,10,0
root,0,0,224,4
Chaetonotidae,227,0,0,0
Arthropoda,227,0,0,0
root,0,227,0,0
root,0,0,178,49
Metazoa,0,0,0,227
Rhopalosiphum,0,0,226,0
Musaceae,208,0,0,16
Paludibacteraceae,0,0,24,200
Metazoa,60,160,4,0
Viridiplantae,17,45,162,0
Kinetoplastea,0,0,224,0
Chordata,0,223,0,0
Dero_obtusa,0,0,0,222
Bacteroidetes,222,0,0,0
Phaeophyceae,4,166,50,0
Actinomycetia,220,0,0,0
root,131,35,51,0
Proteobacteria,141,67,8,0
Bacteroidetes,194,12,10,0
Nitzschia_acidoclinata,215,0,0,0
Oxytrichidae,215,0,0,0
Eurotatoria,214,0,0,0
root,202,0,12,0
root,213,0,0,0
root,191,17,4,0
Chlamydomonadales,0,0,212,0
Firmicutes,85,120,6,0
Sterolibacteriaceae,0,0,0,209
Chlamydomonas_sp_KSA1,0,26,182,0
root,0,207,0,0
Chordata,207,0,0,0
Chlorococcaceae,42,0,164,0
Rhodobacterales,206,0,0,0
Phaseolus_vulgaris,204,0,0,0
Carchesium,204,0,0,0
root,34,170,0,0
Firmicutes,24,4,176,0
root,114,52,0,37
root,0,0,139,64
Spirotrichea,202,0,0,0
Ciliophora,202,0,0,0
Arcobacter_group,0,154,48,0
Anguilla_australis,155,0,46,0
Rhodocyclales,139,0,52,10
root,0,0,0,200
Colepidae,198,0,0,0
Roseomonas,187,10,0,0
root,197,0,0,0
Coprosma,101,0,24,71
Viridiplantae,0,0,196,0
root,0,0,196,0
Euglenales,0,21,174,0
Gammaproteobacteria,0,0,0,193
Viridiplantae,0,0,192,0
Burkholderiales,192,0,0,0
Chlorophyceae,192,0,0,0
Plantago,10,65,116,0
root,0,177,14,0
Litostomatea,190,0,0,0
Magnoliopsida,0,0,190,0
Chordata,0,0,190,0
root,177,12,0,0
Ceratophysella_aff_denticulata_L3,0,0,188,0
root,0,188,0,0
Metazoa,187,0,0,0
Euglenales,0,0,182,5
Coprosma,150,0,36,0
root,41,145,0,0
root,170,16,0,0
Actinomycetia,0,0,16,170
Chlamydomonadales,0,0,186,0
root,0,185,0,0
Chaetonotidae,184,0,0,0
root,0,0,182,0
Gambusia_affinis,180,0,0,0
Spirochaetaceae,124,12,0,44
Metazoa,0,180,0,0
Chlorophyceae,141,38,0,0
Cryptomonadaceae,0,6,172,0
root,0,142,36,0
Vorticella,177,0,0,0
root,113,32,32,0
Arthropoda,177,0,0,0
root,0,0,176,0
Firmicutes,0,0,18,156
Chamaedrilus,0,167,0,6
Acetobacteraceae,173,0,0,0
Chlamydiae,34,7,14,117
root,0,172,0,0
root,12,159,0,0
Chordata,70,101,0,0
Metazoa,0,113,37,20
Chlorophyceae,0,169,0,0
root,4,157,8,0
Anguilla,0,0,168,0
Spirotrichea,88,0,80,0
root,0,118,50,0
root,0,146,22,0
Myriophyllum,119,0,48,0
Poeae_Chloroplast_Group_2_Poeae_type,0,0,166,0
root,166,0,0,0
Cryptomonadaceae,16,0,148,0
Alphaproteobacteria,164,0,0,0
Metazoa,0,0,164,0
root,0,0,164,0
root,164,0,0,0
Chaetogaster_diaphanus,0,0,26,137
root,0,0,160,0
root,0,151,8,0
Metazoa,0,158,0,0
Macromonas,157,0,0,0
root,0,157,0,0
Cytophagaceae,156,0,0,0
Chrysophyceae,35,109,12,0
root,0,0,156,0
Chlamydomonadales,0,156,0,0
Bacteroidetes,0,26,111,18
Betaproteobacteria,155,0,0,0
Vannella,154,0,0,0
Euglenaceae,0,154,0,0
Alphaproteobacteria,0,0,0,154
root,154,0,0,0
root,154,0,0,0
Sphingomonas,0,0,153,0
Scotinosphaera,147,6,0,0
Chrysophyceae,28,83,42,0
root,149,0,4,0
root,0,144,9,0
Bacteroidetes,27,0,104,21
Luna_1_subcluster,60,10,12,70
root,0,152,0,0
root,0,152,0,0
root,0,0,152,0
Oxytricha,151,0,0,0
Micrococcales,22,129,0,0
root,0,12,139,0
root,150,0,0,0
root,150,0,0,0
Cyprininae,0,148,0,0
Pooideae,0,0,148,0
Chordata,148,0,0,0
root,13,110,24,0
Bacillariophyta,0,5,142,0
Actinobacteria,147,0,0,0
root,141,0,0,6
Solibacteraceae,74,26,40,6
Chaetonotidae,146,0,0,0
root,0,0,146,0
Gammaproteobacteria,125,6,14,0
Chordata,0,0,0,145
Chaetogaster_diaphanus,0,0,36,108
Chaetonotus,79,12,49,4
root,0,47,97,0
Ciliophora,144,0,0,0
Chordata,0,0,144,0
Monosiga,117,4,22,0
Lacrymariidae,142,0,0,0
Ploima,142,0,0,0
Ciliophora,142,0,0,0
root,142,0,0,0
Porphyrio_melanotus,88,52,0,0
Pandorina,140,0,0,0
Cyprinoidei,0,0,140,0
Metazoa,0,0,140,0
root,0,0,140,0
Firmicutes,18,53,62,6
Metazoa,56,0,52,31
Chordata,0,0,30,109
root,0,139,0,0
Metazoa,0,0,139,0
Viridiplantae,0,0,139,0
Turdus,0,138,0,0
Betaproteobacteria,88,28,22,0
root,138,0,0,0
root,138,0,0,0
Spirotrichea,138,0,0,0
root,122,0,12,4
Coleps,137,0,0,0
root,14,7,116,0
root,0,135,0,0
Chordata,0,0,6,129
Nevskia,0,0,46,88
Cucurbitaceae,134,0,0,0
root,0,116,18,0
root,0,0,134,0
Arthropoda,133,0,0,0
Oxalobacteraceae,0,22,0,110
root,0,132,0,0
root,104,0,28,0
Acetobacteraceae,131,0,0,0
root,32,44,0,55
Asteraceae,74,56,0,0
Ciliophora,130,0,0,0
Ciliophora,106,0,24,0
root,0,0,0,130
root,129,0,0,0
Chaetonotidae,128,0,0,0
Bosminidae,0,0,128,0
root,18,76,14,20
root,128,0,0,0
Flavobacterium,66,0,0,61
root,0,0,0,127
root,127,0,0,0
Cervus_elaphus,0,51,58,17
root,83,16,27,0
Galium,83,42,0,0
root,0,125,0,0
Metazoa,56,69,0,0
root,0,0,125,0
Anguilla,0,0,124,0
Bacillariophyceae,24,6,94,0
Euglenozoa,0,0,124,0
Limnobacter,0,0,123,0
Metazoa,6,116,0,0
root,0,0,24,97
Passeroidea,0,0,120,0
Neobodonida,0,0,115,5
root,42,0,0,78
Ferribacterium,0,57,62,0
root,6,113,0,0
root,11,0,108,0
Metazoa,119,0,0,0
Bacteroidetes,0,0,119,0
Rubiaceae,59,0,0,59
root,118,0,0,0
root,108,0,10,0
root,0,0,118,0
root,0,0,118,0
root,117,0,0,0
root,79,38,0,0
root,0,41,70,6
Viridiplantae,20,17,80,0
Ameiurus_nebulosus,0,0,116,0
Sterolibacteriaceae,0,0,14,102
Caulobacteraceae,94,5,16,0
root,0,115,0,0
root,0,93,21,0
root,113,0,0,0
root,54,0,26,32
Betaproteobacteria,0,0,0,112
Fuscospora,33,0,64,14
Proteobacteria,72,31,8,0
Metazoa,0,111,0,0
Chordata,0,0,0,110
Cytophagaceae,16,20,0,72
Viridiplantae,0,7,101,0
root,80,28,0,0
root,0,0,108,0
Neochanna_diversus,0,0,72,35
Physella_acuta,24,49,34,0
Monosiga,107,0,0,0
root,107,0,0,0
root,107,0,0,0
root,107,0,0,0
root,0,0,107,0
Persicaria_thunbergii,53,53,0,0
root,4,36,66,0
Rhodospirillales,106,0,0,0
root,8,0,74,24
Chordata,106,0,0,0
Metazoa,106,0,0,0
root,99,6,0,0
Chlorophyceae,0,87,6,12
Chordata,0,105,0,0
Metopus,62,0,42,0
Polygonoideae,104,0,0,0
Daphniidae,0,0,80,24
root,80,24,0,0
Chlorophyta,0,84,20,0
root,92,0,0,12
Magnoliopsida,0,0,104,0
Spirotrichea,0,0,104,0
root,0,0,103,0
Hyphomicrobiales,88,0,0,15
Chaetonotus,102,0,0,0
Rhodoluna,0,0,48,54
root,0,42,60,0
Chordata,102,0,0,0
root,0,0,102,0
Chlamydomonadales,102,0,0,0
Holophrya,101,0,0,0
root,0,101,0,0
Bacteroidia,0,0,65,36
root,0,0,100,0
root,0,0,100,0
Cryptomonas,6,77,0,16
Bodo,14,5,80,0
Oxytricha,98,0,0,0
Fagaceae,0,26,72,0
unclassified_Vorticella,0,36,62,0
Chlorophyta,86,12,0,0
Chlamydomonadales,84,0,14,0
Firmicutes,0,0,98,0
root,0,0,90,8
root,98,0,0,0
Nitzschia_palea,4,29,64,0
root,4,93,0,0
root,97,0,0,0
root,14,6,20,57
root,0,0,97,0
Arcella,96,0,0,0
Metazoa,96,0,0,0
root,0,96,0,0
Myriophyllum,95,0,0,0
Metopus,0,4,91,0
root,0,83,12,0
root,6,89,0,0
root,0,95,0,0
Bacteroidetes,0,0,95,0
Bicosoeca,94,0,0,0
Telmatobacter,70,14,0,10
Volvox,0,0,0,94
root,0,0,10,84
root,76,18,0,0
root,74,20,0,0
Chordata,0,94,0,0
Planctomycetes,94,0,0,0
Firmicutes,0,72,0,22
Bacteroidetes,20,0,74,0
root,0,94,0,0
Neochanna_diversus,0,0,0,93
Coleochaete,93,0,0,0
Rhodobacteraceae,13,17,0,63
root,41,52,0,0
root,0,93,0,0
Novosphingobium,92,0,0,0
Clostridium,0,60,32,0
Anguilla,0,0,92,0
Anaeromyxobacteraceae,24,0,68,0
root,72,20,0,0
Bacteroidetes,92,0,0,0
root,0,0,92,0
Rhodobacterales,92,0,0,0
root,0,92,0,0
Flavobacterium,0,0,0,91
root,0,84,6,0
Myxococcales,11,0,20,59
Hyphomicrobiales,90,0,0,0
root,0,0,90,0
Physella_acuta,20,17,28,24
Ciliophora,57,0,32,0
Actinopteri,0,89,0,0
root,0,0,8,81
Eubosmina_coregoni,0,12,76,0
root,4,31,46,7
Ludwigia,87,0,0,0
Lobomonas,0,19,68,0
root,0,0,0,87
root,0,83,4,0
root,87,0,0,0
Chordata,0,0,0,87
Phytocercomonas,0,0,86,0
Naididae,0,0,0,86
Euglenales,30,56,0,0
Bacteroidetes,0,13,56,17
root,60,0,26,0
root,34,11,41,0
Bacteroidetes,0,0,86,0
root,0,0,48,38
Proteobacteria,0,0,82,4
Gammaproteobacteria,0,0,86,0
Chordata,0,0,86,0
root,0,0,86,0
root,0,85,0,0
root,0,61,24,0
Gastrotricha,72,6,7,0
Spirochaetales,85,0,0,0
root,0,85,0,0
Scardinius_erythrophthalmus,0,0,84,0
Bicosoeca,84,0,0,0
Betaproteobacteria,0,0,84,0
root,0,0,0,84
root,0,0,4,80
Cyprinoidei,0,0,84,0
Hyphomicrobiales,0,0,40,44
root,0,0,83,0
root,83,0,0,0
root,0,83,0,0
Bacteroidetes,83,0,0,0
root,0,0,62,21
root,28,6,48,0
root,0,82,0,0
root,0,0,0,82
root,0,0,82,0
Spirochaetales,0,0,0,82
root,12,69,0,0
Betaproteobacteria,42,0,0,39
root,81,0,0,0
root,81,0,0,0
Spumella_like_flagellate_JB,46,34,0,0
Bacteroidetes,0,0,80,0
Ichthyophonida,0,0,56,24
Chordata,80,0,0,0
root,0,0,50,30
Pristina,79,0,0,0
Euglenaceae,79,0,0,0
Gammaproteobacteria,79,0,0,0
Bacteroidetes,0,0,0,79
root,78,0,0,0
Actinobacteria,0,0,34,44
root,78,0,0,0
root,0,0,0,78
root,0,0,78,0
Cryptomonas,0,0,77,0
Synurophyceae,68,0,9,0
Metazoa,77,0,0,0
root,0,77,0,0
Ferruginibacter,54,0,22,0
Spirogyra,0,0,30,46
Trichodina,0,76,0,0
Euglenaceae,0,76,0,0
root,0,0,76,0
root,6,0,29,41
root,0,76,0,0
Chordata,0,0,0,76
Chordata,76,0,0,0
Georgfuchsia,0,0,0,75
Naidinae,0,0,0,75
root,0,75,0,0
Chordata,0,0,0,75
Carchesium,74,0,0,0
Volvox,0,0,0,74
Mugilidae,0,0,74,0
Embryophyta,0,0,52,22
Chlorophyceae,74,0,0,0
root,5,63,6,0
Viridiplantae,74,0,0,0
Bacteroidetes,0,60,14,0
root,6,59,8,0
Poeae,0,73,0,0
root,0,73,0,0
Cyprinoidei,0,0,73,0
Polymorphobacter,0,0,72,0
Chitinophagaceae,72,0,0,0
root,72,0,0,0
Eurotatoria,72,0,0,0
Metazoa,72,0,0,0
root,4,46,22,0
Chordata,0,0,72,0
Chordata,72,0,0,0
root,0,0,0,72
root,67,0,4,0
root,0,0,71,0
Pinnularia_sp_9_CS_2011,0,70,0,0
Capra_hircus,0,0,70,0
Sterolibacteriaceae,20,0,0,50
Chlorobiaceae,0,0,70,0
root,70,0,0,0
root,52,18,0,0
root,9,15,46,0
root,0,0,70,0
Bacteroidetes,64,6,0,0
root,70,0,0,0
Metazoa,0,0,26,44
Chlorophyceae,0,0,66,4
root,0,0,0,70
Cryptomonas,0,69,0,0
Sterolibacteriaceae,0,0,0,69
root,0,38,31,0
Insecta,0,59,10,0
Chordata,6,0,63,0
root,0,69,0,0
Desulfosporosinus,22,18,28,0
Acetobacteraceae,68,0,0,0
root,68,0,0,0
Bacteroidetes,61,0,0,7
Proteobacteria,26,5,0,37
Chordata,0,0,68,0
root,18,50,0,0
root,0,0,68,0
root,68,0,0,0
root,0,68,0,0
Anguilla,67,0,0,0
Bacteroidetes,0,27,0,40
root,0,0,67,0
Metazoa,67,0,0,0
Reyranella,44,0,10,12
Cupressaceae,0,0,66,0
Chaetonotidae,66,0,0,0
Metazoa,40,0,26,0
Gammaproteobacteria,43,17,6,0
Ciliophora,66,0,0,0
Ciliophora,66,0,0,0
root,0,0,66,0
root,0,4,62,0
Rhodobacterales,0,0,54,12
root,0,66,0,0
Pinnularia,21,40,4,0
root,52,13,0,0
Metopus,0,0,64,0
Chaetonotidae,0,0,64,0
root,9,31,24,0
root,6,58,0,0
Spirotrichea,64,0,0,0
Chordata,0,0,64,0
root,0,64,0,0
root,64,0,0,0
Chrysophyceae,32,32,0,0
Kinetoplastea,0,0,64,0
Metazoa,0,0,0,64
Bodo,0,7,56,0
root,0,63,0,0
root,7,11,45,0
root,63,0,0,0
root,0,63,0,0
root,0,63,0,0
Gomphonema,62,0,0,0
Naididae,0,0,0,62
Metazoa,62,0,0,0
Hymenostomatida,58,0,4,0
root,8,8,42,4
root,8,54,0,0
Chordata,62,0,0,0
root,62,0,0,0
Chordata,0,0,0,61
Cyprinoidei,0,0,61,0
Coleps,60,0,0,0
Desulfovibrio,34,16,0,10
Cryptomonas,0,0,60,0
Lamprocystis,0,0,60,0
Fungi,0,0,60,0
Cygnus_atratus,0,59,0,0
Gambusia_affinis,59,0,0,0
Nais,0,0,59,0
root,0,59,0,0
Kinetoplastea,4,0,55,0
Chordata,0,59,0,0
Lobomonas,58,0,0,0
Zavarzinella,58,0,0,0
Stenostomum,0,38,0,20
Pooideae,38,0,0,20
Arthropoda,52,6,0,0
root,48,10,0,0
root,22,36,0,0
Sorangiineae,0,28,30,0
root,0,53,5,0
Bacteroidetes,0,58,0,0
root,4,30,24,0
root,0,0,58,0
Chlorophyceae,34,0,24,0
root,57,0,0,0
root,51,6,0,0
Gammaproteobacteria,4,0,53,0
Metazoa,0,0,57,0
Aeromonas,45,0,6,5
Cryptomonas,0,0,56,0
Neobodo,0,0,56,0
Ciliophora,56,0,0,0
Trematoda,0,0,0,56
Metazoa,0,56,0,0
root,0,0,56,0
Phytophthora,0,0,0,55
Spergularia,0,55,0,0
Cryptomonadaceae,55,0,0,0
root,55,0,0,0
Metazoa,55,0,0,0
Holcus_lanatus,0,0,54,0
root,28,14,12,0
root,54,0,0,0
Cenchrinae,26,28,0,0
Chlorophyta,40,0,14,0
Chlamydodontida,0,34,0,20
root,0,0,48,6
Chlamydomonadales,0,0,54,0
root,0,0,54,0
root,50,4,0,0
root,0,0,6,48
Diplostraca,0,0,0,54
Acetobacteraceae,33,0,20,0
Spirotrichea,48,5,0,0
Bacteroidia,0,0,53,0
Trichosurus_vulpecula,0,0,52,0
Stylonychia,52,0,0,0
Asteraceae,52,0,0,0
Chaetonotidae,0,0,24,28
root,14,38,0,0
Asterales,16,0,36,0
root,6,0,46,0
root,0,0,52,0
root,32,20,0,0
root,0,52,0,0
Chordata,52,0,0,0
root,52,0,0,0
Bacteroidetes,0,12,40,0
root,0,52,0,0
Bacteroidetes,0,0,52,0
Cyprinoidei,0,0,0,52
Chlamydomonadales,0,0,52,0
Anguilla,0,0,51,0
Pooideae,51,0,0,0
Desulfobulbaceae,0,0,29,22
root,42,9,0,0
root,51,0,0,0
unclassified_Chloromonas,0,0,51,0
Hymenostomatida,35,0,16,0
root,51,0,0,0
root,0,0,50,0
root,18,32,0,0
root,50,0,0,0
Viridiplantae,45,5,0,0
Chlamydomonadales,50,0,0,0
root,50,0,0,0
root,0,0,50,0
root,0,23,27,0
root,50,0,0,0
Eubacteriales,50,0,0,0
root,0,0,50,0
Hydrogenophaga,0,0,22,27
Rhodocyclaceae,9,0,40,0
root,0,49,0,0
Chordata,0,49,0,0
unclassified_stramenopiles,0,27,22,0
root,0,0,41,8
root,21,0,28,0
root,0,0,0,49
Anas_rhynchotis,0,48,0,0
Gonium,48,0,0,0
Tribonema,0,0,48,0
Fabaceae,0,7,32,9
Fagales,0,0,48,0
root,48,0,0,0
root,48,0,0,0
Chordata,48,0,0,0
Spirotrichea,48,0,0,0
Proteobacteria,0,48,0,0
Chordata,0,48,0,0
Metazoa,48,0,0,0
Firmicutes,0,0,48,0
Proteobacteria,48,0,0,0
root,0,0,48,0
Holcus,0,47,0,0
Euglenales,37,10,0,0
root,38,9,0,0
root,4,43,0,0
Metazoa,0,47,0,0
root,6,35,0,6
root,10,37,0,0
root,36,0,11,0
root,0,0,47,0
root,6,0,41,0
Chordata,0,47,0,0
Chlorophyceae,0,0,47,0
Arcobacter,0,10,0,36
Bacteroides,0,0,46,0
Clostridiaceae,6,36,0,4
Chlorophyta,0,0,46,0
root,10,28,8,0
root,15,0,31,0
root,0,46,0,0
root,46,0,0,0
Proteobacteria,0,14,32,0
root,0,46,0,0
root,0,0,46,0
root,46,0,0,0
Chordata,0,0,0,46
Chordata,0,0,46,0
root,0,45,0,0
root,17,0,0,28
root,0,45,0,0
Metazoa,0,0,45,0
root,45,0,0,0
Chromulinospumella_sphaerica,0,44,0,0
Pinus_subgen_Pinus,28,16,0,0
Thiodictyon,35,9,0,0
Paralcaligenes,28,6,0,10
Desulfovibrio,0,4,30,10
Nitzschia,0,24,20,0
root,8,36,0,0
root,0,0,20,24
root,0,44,0,0
Chlamydomonadales,0,44,0,0
root,0,4,40,0
Chordata,0,0,44,0
Bacillariophyta,0,14,30,0
root,44,0,0,0
root,0,30,14,0
root,0,0,44,0
root,0,44,0,0
Proteobacteria,0,0,44,0
root,44,0,0,0
Chaetonotus,0,0,43,0
Trachelomonas,43,0,0,0
Oscillospiraceae,0,0,0,43
Proteobacteria,0,43,0,0
root,43,0,0,0
Metazoa,0,0,24,19
Proteobacteria,12,5,26,0
Eurotatoria,43,0,0,0
root,0,0,22,21
root,0,0,0,43
root,6,37,0,0
root,0,43,0,0
Cyprinoidei,0,0,43,0
Chordata,0,0,43,0
root,0,0,43,0
Synchaeta,0,42,0,0
Rubus,0,0,0,42
Chilodonella,42,0,0,0
Euglenaceae,42,0,0,0
Crocinitomicaceae,0,0,0,42
Metazoa,42,0,0,0
root,30,0,12,0
Chlorophyta,24,0,18,0
Chordata,0,0,0,42
root,42,0,0,0
Eubacteriales,42,0,0,0
root,36,6,0,0
root,0,42,0,0
root,0,0,42,0
root,42,0,0,0
root,0,0,0,42
Fungi,0,0,42,0
Gammaproteobacteria,25,0,16,0
root,41,0,0,0
root,0,7,34,0
Cypriniformes,41,0,0,0
Chordata,41,0,0,0
root,41,0,0,0
Cercomonadidae,0,0,40,0
root,30,10,0,0
root,0,0,0,40
root,0,0,0,40
Danthonieae,40,0,0,0
Diptera,0,40,0,0
Fungi,0,0,40,0
Metopida,0,0,40,0
root,0,40,0,0
Microbacteriaceae,39,0,0,0
Eurotatoria,39,0,0,0
root,39,0,0,0
root,39,0,0,0
Cypriniformes,39,0,0,0
root,39,0,0,0
root,39,0,0,0
Metopus,38,0,0,0
Ranunculus,30,8,0,0
Chlamydomonas,0,0,38,0
Gonium,0,38,0,0
Hyphomicrobiaceae,0,0,0,38
Chitinophagaceae,38,0,0,0
Magnoliopsida,38,0,0,0
Eukaryota,38,0,0,0
root,0,38,0,0
root,38,0,0,0
Bacillariophyceae,20,10,0,8
root,30,0,0,8
root,0,38,0,0
root,0,0,0,38
root,0,0,0,38
root,18,0,20,0
Metazoa,38,0,0,0
Metazoa,38,0,0,0
Proteobacteria,0,38,0,0
root,34,0,4,0
root,26,0,12,0
root,0,0,38,0
root,0,38,0,0
Metazoa,0,0,0,38
Chordata,38,0,0,0
Dinophyceae,0,38,0,0
CS_clade,38,0,0,0
root,0,0,38,0
root,0,0,38,0
Phacus,0,37,0,0
root,0,0,0,37
root,0,0,37,0
Chrysophyceae,12,25,0,0
Chordata,37,0,0,0
root,0,37,0,0
root,0,0,0,37
root,0,0,18,19
root,0,37,0,0
root,37,0,0,0
Chlorophyceae,0,0,37,0
Porphyrio_melanotus,0,36,0,0
Gomphonema,36,0,0,0
Lepocinclis,28,0,8,0
Roseomonas,36,0,0,0
Chaetonotus,36,0,0,0
Polygonaceae,0,0,36,0
Chitinophagaceae,28,8,0,0
Isosphaeraceae,36,0,0,0
Chlorophyceae,36,0,0,0
root,0,36,0,0
Hyphomicrobiales,0,0,0,36
Magnoliopsida,36,0,0,0
root,36,0,0,0
root,0,0,36,0
root,0,0,36,0
root,36,0,0,0
Gammaproteobacteria,0,0,0,36
Metazoa,36,0,0,0
Dinophyceae,0,36,0,0
root,36,0,0,0
Ciliophora,0,0,0,36
Metazoa,36,0,0,0
root,0,36,0,0
Chordata,0,0,36,0
Chordata,0,36,0,0
Metazoa,0,0,36,0
root,0,0,36,0
root,0,0,36,0
root,36,0,0,0
Phacus,16,5,14,0
Persicaria,30,5,0,0
root,4,31,0,0
Bacillariophyceae,0,5,30,0
campanulids,0,15,20,0
Alteromonadales,35,0,0,0
Bacteroidetes,0,15,6,14
Metazoa,0,0,0,35
root,0,35,0,0
Azolla_pinnata_subsp_pinnata,0,0,22,12
Vicia_faba,34,0,0,0
Mycobacteriaceae,11,23,0,0
Solibacteraceae,0,0,34,0
Sandaracinaceae,34,0,0,0
Monimiaceae,0,0,34,0
root,0,0,34,0
root,0,34,0,0
Chordata,0,0,34,0
Metazoa,30,4,0,0
root,34,0,0,0
Gammaproteobacteria,34,0,0,0
Chlorophyceae,34,0,0,0
root,34,0,0,0
Chordata,0,34,0,0
root,34,0,0,0
root,34,0,0,0
root,34,0,0,0
Metazoa,34,0,0,0
root,0,0,34,0
root,0,34,0,0
Chordata,0,0,0,34
root,0,0,34,0
root,0,0,34,0
root,0,0,34,0
root,0,34,0,0
Sus_scrofa,18,0,0,15
Pelobacter,0,0,33,0
Sporomusaceae,14,19,0,0
Chilodonellidae,0,27,0,6
Poaceae,0,33,0,0
Chlorophyceae,0,33,0,0
Chrysophyceae,0,33,0,0
Chlorophyta,8,25,0,0
root,0,27,6,0
root,0,0,0,33
root,33,0,0,0
root,0,33,0,0
Chordata,0,33,0,0
Chordata,0,33,0,0
Stellaria_media,32,0,0,0
Clostridium,0,0,32,0
Candidatus_Solibacter,20,0,0,12
Sideroxydans,0,0,0,32
Desulfuromonadaceae,0,32,0,0
Rubiaceae,32,0,0,0
Sphingomonadaceae,0,0,0,32
Cercomonadidae,0,0,32,0
root,0,32,0,0
root,0,0,32,0
Insecta,32,0,0,0
root,0,32,0,0
root,0,32,0,0
Metazoa,32,0,0,0
root,32,0,0,0
root,0,32,0,0
Chordata,32,0,0,0
Metazoa,25,7,0,0
Metazoa,0,0,32,0
Metazoa,32,0,0,0
Chlamydomonadales,32,0,0,0
Haptorida,0,0,0,32
Armophorea,0,32,0,0
root,0,32,0,0
root,0,32,0,0
Ciliophora,0,0,32,0
Oomycota,0,0,32,0
root,0,32,0,0
root,0,32,0,0
Metazoa,32,0,0,0
root,0,32,0,0
Chlamydomonadales,0,0,32,0
Chrysophyceae,32,0,0,0
root,0,0,32,0
root,32,0,0,0
root,32,0,0,0
root,32,0,0,0
root,0,32,0,0
Limnodrilus_hoffmeisteri,0,7,24,0
Stenostomum,0,27,0,4
Sphingomonas,0,8,0,23
Rubioideae,0,0,0,31
Clostridiaceae,0,31,0,0
Apometopidae,0,0,16,15
Eukaryota,31,0,0,0
Chlorophyta,31,0,0,0
Dinophyceae,0,31,0,0
Chordata,0,31,0,0
root,31,0,0,0
root,0,31,0,0
Metazoa,0,0,31,0
Metazoa,0,6,25,0
root,0,0,31,0
Bacteroidetes,0,0,0,31
Typha,0,0,0,30
Chamaedrilus,0,30,0,0
Stylonychia,30,0,0,0
Synchaetidae,0,16,14,0
Chironomidae,0,0,30,0
Isosphaeraceae,30,0,0,0
Oscillospiraceae,30,0,0,0
Poaceae,30,0,0,0
root,0,30,0,0
Chordata,30,0,0,0
Chordata,0,0,30,0
Embryophyta,0,11,0,19
Metazoa,0,30,0,0
root,0,0,30,0
Metazoa,10,0,0,20
root,30,0,0,0
Selenomonadales,12,0,18,0
root,14,0,0,16
root,0,0,30,0
root,30,0,0,0
root,30,0,0,0
root,0,0,30,0
root,0,0,10,20
Metazoa,30,0,0,0
root,30,0,0,0
Chordata,0,0,30,0
Chordata,0,30,0,0
Metazoa,30,0,0,0
root,30,0,0,0
Diplostraca,0,0,8,22
Ploima,30,0,0,0
Bacteroidetes,0,0,30,0
Planctomycetia,30,0,0,0
Gastrotricha,0,0,30,0
Gonium,0,29,0,0
Elusimicrobiaceae,0,5,24,0
root,0,29,0,0
Metazoa,0,29,0,0
root,0,29,0,0
Bacteroidetes,10,7,12,0
root,29,0,0,0
Bacteroidetes,0,0,0,29
Bacteroidetes,0,29,0,0
Phasianus_colchicus,21,7,0,0
Isolepis_prolifera,28,0,0,0
Gonium,28,0,0,0
Cryptomonas,0,0,28,0
Ulex,0,0,28,0
Phytocercomonas,0,0,28,0
Phytocercomonas,0,0,28,0
Acidobacteriaceae,22,6,0,0
Acetobacteraceae,28,0,0,0
Cytophagaceae,0,0,0,28
Acetobacteraceae,28,0,0,0
Metazoa,28,0,0,0
root,28,0,0,0
root,12,16,0,0
root,0,12,16,0
root,12,16,0,0
root,0,0,0,28
root,0,24,4,0
root,0,0,28,0
root,0,0,0,28
Chordata,0,28,0,0
root,28,0,0,0
Euglenales,28,0,0,0
root,0,0,0,28
Bacteroidetes,0,0,0,28
root,0,28,0,0
Chordata,0,0,28,0
Metazoa,0,0,28,0
Chordata,0,0,28,0
root,28,0,0,0
Chordata,28,0,0,0
root,28,0,0,0
root,28,0,0,0
root,28,0,0,0
Metopida,0,0,28,0
Kinetoplastea,0,0,28,0
Betaproteobacteria,0,0,0,28
Eubacteriales,0,28,0,0
root,28,0,0,0
Diplostraca,0,0,0,28
Magnoliopsida,0,0,0,28
root,0,0,28,0
root,0,0,28,0
root,0,28,0,0
Scotinosphaera_sp_NIES_154,0,11,0,16
Gonium,27,0,0,0
Pinus_subgen_Pinus,0,27,0,0
Nitzschia,0,0,27,0
Trichodina,0,27,0,0
Euglenaceae,27,0,0,0
Chordata,27,0,0,0
root,0,27,0,0
Metazoa,0,0,27,0
Verrucomicrobia,27,0,0,0
root,18,9,0,0
root,0,27,0,0
Metazoa,5,0,14,8
root,0,5,14,8
root,8,19,0,0
root,0,19,8,0
root,0,0,0,27
root,27,0,0,0
root,0,27,0,0
Armophorea,0,27,0,0
Spirochaetales,0,27,0,0
Limnodrilus,0,10,16,0
Veronica_subgen_Veronica,0,0,26,0
Platanus,0,26,0,0
Trachelomonas,26,0,0,0
Cercomonadidae,0,0,26,0
Methanospirillaceae,0,0,26,0
Spongomonadidae,0,0,26,0
Ploima,26,0,0,0
root,26,0,0,0
root,0,0,26,0
Eurotatoria,26,0,0,0
root,0,26,0,0
root,0,26,0,0
root,0,0,26,0
root,26,0,0,0
Metazoa,26,0,0,0
Chordata,0,0,26,0
Fungi,0,0,26,0
root,4,18,4,0
root,0,0,0,26
Litostomatea,0,0,26,0
Chordata,26,0,0,0
Bacteroidetes,12,8,6,0
root,0,0,26,0
root,0,26,0,0
root,0,26,0,0
Proteobacteria,26,0,0,0
Clostridia,0,26,0,0
Verrucomicrobia,0,0,20,6
Bacteroidetes,0,0,0,26
Chordata,26,0,0,0
root,14,0,0,12
root,0,18,8,0
Chordata,0,0,0,26
root,26,0,0,0
Chordata,0,0,26,0
Metazoa,0,0,26,0
root,0,0,26,0
root,0,0,26,0
root,26,0,0,0
root,0,0,26,0
Trypanosomatida,0,0,26,0
Actinobacteria,0,0,0,26
Actinomycetia,0,0,26,0
root,26,0,0,0
root,0,0,26,0
root,0,0,26,0
Fungi,0,0,26,0
Eurotatoria,26,0,0,0
root,0,0,26,0
Methylovulum,0,25,0,0
Plantago,0,0,25,0
root,0,25,0,0
Magnoliopsida,0,25,0,0
Sessilida,25,0,0,0
root,25,0,0,0
root,12,9,0,4
root,6,15,4,0
root,20,5,0,0
root,0,17,8,0
root,25,0,0,0
root,10,15,0,0
root,0,0,25,0
root,25,0,0,0
root,0,0,0,25
Betaproteobacteria,25,0,0,0
root,0,0,25,0
root,0,25,0,0
Limnodrilus_hoffmeisteri,0,12,12,0
Prumnopitys_ferruginea,24,0,0,0
Nephroselmis,0,0,24,0
Nais,0,0,24,0
Cellulomonas,24,0,0,0
Chaetonotus,24,0,0,0
Stichotricha,0,0,24,0
Cryptomonadaceae,18,0,6,0
Pirellulaceae,24,0,0,0
root,18,0,6,0
root,0,24,0,0
root,0,0,24,0
Bdelloidea,24,0,0,0
root,0,0,24,0
Chordata,6,18,0,0
Metazoa,24,0,0,0
root,14,0,0,10
Chordata,11,0,13,0
Oomycota,0,0,24,0
root,24,0,0,0
root,0,0,24,0
core_chlorophytes,0,0,24,0
Chordata,24,0,0,0
root,24,0,0,0
Chordata,24,0,0,0
Chlamydomonadales,0,0,24,0
root,0,24,0,0
root,0,24,0,0
root,0,0,0,24
Bacteroidetes,0,9,0,15
root,0,24,0,0
root,0,0,24,0
root,0,0,24,0
Bacteroidetes,24,0,0,0
root,0,24,0,0
root,0,24,0,0
Chordata,0,0,24,0
Chlorophyceae,0,0,24,0
root,0,0,24,0
Ciliophora,24,0,0,0
Betaproteobacteria,0,0,0,24
root,0,24,0,0
Eukaryota,0,0,24,0
Metazoa,24,0,0,0
root,24,0,0,0
root,0,24,0,0
Stentor,0,0,0,23
Phocaeicola,13,10,0,0
root,17,6,0,0
root,0,23,0,0
unclassified_stramenopiles,0,15,8,0
Burkholderiales,0,0,0,23
root,0,5,14,4
root,0,23,0,0
Metazoa,0,0,0,23
root,0,0,23,0
root,5,18,0,0
root,0,23,0,0
Chordata,15,8,0,0
root,23,0,0,0
Sturnus_vulgaris,22,0,0,0
Stenostomum_leucops,0,22,0,0
Microglena,22,0,0,0
Tribonema,0,0,22,0
Oscillochloris,22,0,0,0
Arcella,22,0,0,0
Phytolacca,0,22,0,0
Metschnikowia,0,0,0,22
Phytocercomonas,0,0,22,0
Mallomonadaceae,0,22,0,0
Chlamydomonadaceae,0,22,0,0
Cyatheaceae,22,0,0,0
Acetobacteraceae,0,22,0,0
Chitinophagaceae,0,0,22,0
Peronosporaceae,0,0,0,22
root,0,0,22,0
root,14,8,0,0
Insecta,0,12,10,0
root,0,6,16,0
root,0,22,0,0
Chordata,22,0,0,0
root,0,12,10,0
root,12,0,10,0
Bacteroidetes,0,22,0,0
Sessilida,0,22,0,0
root,0,8,0,14
root,0,22,0,0
root,22,0,0,0
Metazoa,0,0,22,0
root,22,0,0,0
Philodinida,22,0,0,0
Metazoa,22,0,0,0
root,22,0,0,0
root,0,0,16,6
root,22,0,0,0
Chordata,22,0,0,0
root,12,0,10,0
Firmicutes,0,0,0,22
Bacteroidetes,22,0,0,0
root,22,0,0,0
Chordata,0,22,0,0
Chordata,0,0,22,0
Eurotatoria,0,22,0,0
root,0,0,22,0
root,0,0,22,0
root,0,4,18,0
root,0,22,0,0
Chordata,0,0,0,22
root,22,0,0,0
root,0,0,22,0
root,0,0,22,0
Chlorophyceae,0,0,22,0
PACMAD_clade,0,0,22,0
Ichthyophonida,0,0,22,0
Gammaproteobacteria,0,0,0,22
root,0,0,0,22
root,0,0,4,18
Firmicutes,0,0,0,22
root,0,0,22,0
Burkholderiales,0,0,22,0
Gammaproteobacteria,0,0,22,0
root,22,0,0,0
Hyphomicrobiales,22,0,0,0
root,0,0,22,0
Diptera,0,22,0,0
Spirotrichea,22,0,0,0
Chordata,21,0,0,0
root,21,0,0,0
root,21,0,0,0
Chordata,0,21,0,0
Azadirachta_indica,0,20,0,0
Sus_scrofa,20,0,0,0
Clostridium,20,0,0,0
Juncus,20,0,0,0
Bodo,0,0,20,0
Limnodrilus,0,10,10,0
Anguilla,0,0,20,0
Convolvulaceae,0,0,20,0
Chlamydomonadaceae,0,20,0,0
Desulfobulbaceae,0,0,0,20
Planctomycetaceae,20,0,0,0
Aphidinae,0,0,20,0
Anaeromyxobacteraceae,0,0,20,0
Desulfobacteraceae,0,0,20,0
Stylococcaceae,20,0,0,0
Metazoa,20,0,0,0
root,20,0,0,0
root,20,0,0,0
root,0,20,0,0
Chrysophyceae,0,20,0,0
root,20,0,0,0
Metazoa,20,0,0,0
root,0,0,0,20
unclassified_Bacillariophyta,0,0,20,0
Metazoa,20,0,0,0
Betaproteobacteria,20,0,0,0
Chordata,0,20,0,0
root,0,0,12,8
root,0,20,0,0
Metazoa,20,0,0,0
root,0,0,20,0
root,0,0,0,20
Proteobacteria,0,4,16,0
Cytophagales,0,0,0,20
root,0,0,20,0
Ciliophora,20,0,0,0
Chordata,0,20,0,0
Chordata,20,0,0,0
root,16,0,4,0
root,0,0,20,0
root,0,20,0,0
root,0,0,0,20
root,20,0,0,0
Chordata,0,20,0,0
Dinophyceae,0,20,0,0
root,0,20,0,0
root,0,20,0,0
Chordata,0,20,0,0
Metazoa,0,20,0,0
Chordata,0,20,0,0
Chordata,0,20,0,0
Chordata,0,20,0,0
Chordata,0,0,20,0
Chordata,20,0,0,0
root,0,0,20,0
root,0,20,0,0
Hyphomicrobiales,0,0,0,20
Proteobacteria,0,20,0,0
Cercozoa,0,0,20,0
root,0,0,20,0
Fungi,0,0,20,0
root,0,0,20,0
Cryptomonas,19,0,0,0
Acyrthosiphon,0,7,12,0
Gomphonema,19,0,0,0
Roseococcus,19,0,0,0
Cytophagaceae,0,0,0,19
Isosphaeraceae,9,0,10,0
Cytophagaceae,19,0,0,0
Bacteroidaceae,19,0,0,0
Methylococcaceae,0,19,0,0
Eukaryota,19,0,0,0
root,0,19,0,0
Chlorophyceae,19,0,0,0
Metazoa,0,19,0,0
root,0,0,0,19
Fungi,0,19,0,0
root,0,11,8,0
Gammaproteobacteria,19,0,0,0
Chordata,0,0,0,19
root,19,0,0,0
root,19,0,0,0
Chordata,0,0,19,0
root,19,0,0,0
Firmicutes,0,19,0,0
Anguilla_australis,10,0,8,0
Phyllocladus,0,18,0,0
Fusobacterium,18,0,0,0
Anacardium,0,0,18,0
Mastigella,0,0,18,0
Neobodo,0,0,18,0
Chaetonotus,18,0,0,0
Chironomidae,0,0,12,6
Vorticellidae,18,0,0,0
Chlamydomonadaceae,0,10,8,0
Phacaceae,18,0,0,0
Clostridiaceae,0,6,12,0
Caulobacteraceae,0,0,18,0
Pirellulaceae,18,0,0,0
root,0,18,0,0
Metazoa,18,0,0,0
Oomycota,0,0,18,0
Chordata,0,18,0,0
Chordata,0,18,0,0
root,18,0,0,0
root,6,0,8,4
Cryptomonadales,18,0,0,0
root,4,0,14,0
root,0,4,10,4
root,12,0,0,6
root,18,0,0,0
root,6,12,0,0
Chordata,18,0,0,0
Metazoa,18,0,0,0
Betaproteobacteria,0,0,0,18
root,18,0,0,0
root,18,0,0,0
root,0,18,0,0
Chordata,18,0,0,0
root,0,0,18,0
root,0,0,0,18
Chordata,18,0,0,0
Chlorophyta,0,0,18,0
Chordata,0,0,18,0
Metazoa,18,0,0,0
root,18,0,0,0
root,18,0,0,0
root,18,0,0,0
Chordata,0,18,0,0
Metazoa,0,0,0,18
root,0,0,18,0
root,18,0,0,0
root,0,0,18,0
root,0,0,18,0
Chlamydomonadales,0,18,0,0
root,0,18,0,0
Metazoa,0,0,0,18
Metazoa,0,0,0,18
Chordata,0,0,18,0
Chordata,18,0,0,0
root,18,0,0,0
Chlamydomonadales,0,0,18,0
root,0,0,18,0
Litostomatea,0,0,18,0
root,0,0,0,18
root,0,0,0,18
Eubacteriales,0,0,0,18
root,0,0,0,18
root,0,18,0,0
Alphaproteobacteria,0,18,0,0
Spirochaetes,4,0,14,0
root,18,0,0,0
Cryptomycota_incertae_sedis,0,0,0,18
unclassified_Cercomonas,0,0,18,0
Chlorophyta,0,0,18,0
root,0,0,18,0
unclassified_Saprolegnia,18,0,0,0
root,0,0,18,0
root,0,0,18,0
root,18,0,0,0
Cryptomonas,17,0,0,0
Tetmemena,17,0,0,0
Phacaceae,0,5,12,0
Chitinophagaceae,0,0,0,17
Poaceae,0,0,17,0
root,0,17,0,0
Bdelloidea,17,0,0,0
Viridiplantae,6,0,0,11
root,17,0,0,0
root,13,4,0,0
Insecta,0,17,0,0
Cercozoa,0,17,0,0
root,17,0,0,0
root,0,17,0,0
root,0,0,17,0
Gammaproteobacteria,0,17,0,0
Kinetoplastea,0,0,17,0
root,0,0,17,0
Phacus,0,16,0,0
Clostridium,0,0,16,0
Sphingorhabdus,16,0,0,0
Rhodoblastus,16,0,0,0
Methylobacterium,0,12,4,0
Physella,0,0,16,0
Euglena,16,0,0,0
Synchaetidae,0,16,0,0
Cucurbitaceae,0,0,16,0
Litonotidae,0,0,16,0
Cryptomonadaceae,16,0,0,0
Chaetonotidae,16,0,0,0
Planctomycetaceae,12,0,4,0
Chlamydomonadaceae,0,0,0,16
Lachnospiraceae,0,0,0,16
Pirellulaceae,0,16,0,0
root,0,16,0,0
root,12,4,0,0
root,10,6,0,0
Chordata,0,16,0,0
Litostomatea,0,0,16,0
root,0,0,16,0
root,10,0,6,0
root,16,0,0,0
root,0,0,16,0
root,16,0,0,0
Rhodobacterales,0,0,16,0
root,16,0,0,0
root,16,0,0,0
Podocopida,0,0,16,0
Eurotatoria,16,0,0,0
root,16,0,0,0
root,0,16,0,0
Bacillariophyceae,16,0,0,0
root,0,10,6,0
Gammaproteobacteria,0,0,16,0
Pirellulales,16,0,0,0
Chordata,0,0,16,0
Chordata,16,0,0,0
root,0,16,0,0
root,16,0,0,0
Chordata,0,0,16,0
root,16,0,0,0
Viridiplantae,16,0,0,0
Proteobacteria,0,16,0,0
root,12,4,0,0
root,16,0,0,0
Chordata,0,16,0,0
Metazoa,0,0,0,16
root,0,16,0,0
root,0,0,16,0
root,0,0,16,0
root,0,0,0,16
root,0,0,16,0
root,0,0,16,0
root,0,16,0,0
Chordata,0,0,16,0
Chordata,0,0,16,0
root,0,0,16,0
Chordata,0,16,0,0
root,16,0,0,0
Chordata,16,0,0,0
Metazoa,16,0,0,0
root,0,0,16,0
Chlorophyceae,16,0,0,0
Chlorophyta,16,0,0,0
Proteobacteria,0,0,16,0
Podocopida,16,0,0,0
Oomycota,16,0,0,0
root,0,0,0,16
Alphaproteobacteria,0,0,0,16
Bacteroidetes,0,0,16,0
Rhodobacterales,0,0,16,0
Proteobacteria,16,0,0,0
Oomycota,0,0,16,0
root,0,0,16,0
root,0,0,16,0
root,0,0,16,0
root,16,0,0,0
root,16,0,0,0
Tubifex_tubifex,0,7,8,0
Fabaceae,0,15,0,0
Desulfuromonadaceae,0,0,15,0
root,6,9,0,0
root,0,0,15,0
root,0,0,15,0
Luna_1_subcluster,0,15,0,0
root,0,15,0,0
Podocopida,0,0,0,15
root,15,0,0,0
Chlorophyceae,0,0,15,0
root,0,15,0,0
Chordata,0,0,15,0
root,0,15,0,0
Metazoa,0,0,0,15
Planctomycetia,15,0,0,0
Proteobacteria,15,0,0,0
root,15,0,0,0
Chordata,0,0,0,15
root,0,0,15,0
Viridiplantae,0,0,15,0
Spirotrichea,15,0,0,0
root,0,5,10,0
Spirotrichea,15,0,0,0
Paracyclops_fimbriatus,14,0,0,0
Oedogonium_sp_Lake_Mendota,0,0,14,0
Chydorus_sphaericus_complex_sp_A1,0,0,14,0
Urostomides,14,0,0,0
Vitreochlamys,14,0,0,0
Vitreochlamys,14,0,0,0
Nocardioides,0,0,14,0
Tetmemena,14,0,0,0
Desulfobulbus,14,0,0,0
Methylovorus,0,14,0,0
Coleochaete,0,0,0,14
Persicaria,14,0,0,0
Gomphonema,14,0,0,0
Emticicia,0,0,0,14
Thorsellia,14,0,0,0
Tubificinae,14,0,0,0
Solibacteraceae,14,0,0,0
Eubacteriales_Family_XIII_Incertae_Sedis,0,14,0,0
Isosphaeraceae,0,0,0,14
Araucariaceae,0,14,0,0
Eubacteriales_Family_XIII_Incertae_Sedis,14,0,0,0
Euplotidae,14,0,0,0
Legionellaceae,14,0,0,0
Ichthyobodonidae,0,0,14,0
Anaerolineaceae,0,4,10,0
Solibacteraceae,0,0,0,14
Bradyrhizobiaceae,0,0,0,14
Litonotidae,0,0,14,0
root,4,10,0,0
Spirotrichea,0,0,0,14
Spumella_like_flagellate_JB,0,14,0,0
Rosales,0,14,0,0
Chrysophyceae,0,14,0,0
root,0,14,0,0
root,0,0,14,0
root,14,0,0,0
root,0,14,0,0
Oomycota,0,14,0,0
root,0,14,0,0
root,14,0,0,0
root,0,14,0,0
unclassified_Rhabdostyla,5,9,0,0
root,14,0,0,0
root,0,14,0,0
root,14,0,0,0
root,14,0,0,0
Desulfuromonadales,10,0,0,4
Chordata,14,0,0,0
Metazoa,14,0,0,0
root,4,6,4,0
root,14,0,0,0
Verrucomicrobia,0,0,14,0
Firmicutes,0,14,0,0
root,14,0,0,0
root,14,0,0,0
root,14,0,0,0
root,0,0,0,14
root,0,14,0,0
root,14,0,0,0
root,0,0,4,10
root,0,0,0,14
root,14,0,0,0
root,0,0,10,4
root,0,0,0,14
Proteobacteria,0,0,0,14
Hyphomicrobiales,14,0,0,0
Alphaproteobacteria,14,0,0,0
root,14,0,0,0
Planctomycetia,14,0,0,0
root,0,14,0,0
root,14,0,0,0
Chordata,0,14,0,0
Metazoa,0,0,0,14
root,0,14,0,0
root,0,8,6,0
root,0,14,0,0
Chlorophyta,0,14,0,0
root,0,0,14,0
Bacteroidetes,14,0,0,0
Metazoa,14,0,0,0
Metazoa,0,0,0,14
Metazoa,0,0,14,0
Chordata,0,0,14,0
Chordata,0,14,0,0
root,0,0,14,0
Chordata,0,0,14,0
Chordata,14,0,0,0
Metazoa,14,0,0,0
root,14,0,0,0
root,0,0,14,0
Metazoa,0,10,4,0
Metazoa,0,14,0,0
root,0,0,14,0
root,14,0,0,0
root,0,0,14,0
root,0,0,14,0
root,0,0,14,0
Eukaryota,0,0,14,0
Fungi,0,0,14,0
Bacteroidetes,0,0,0,14
Proteobacteria,0,0,0,14
Bacteroidetes,0,0,0,14
Planctomycetes,0,0,10,4
root,0,0,14,0
Firmicutes,0,0,14,0
Proteobacteria,0,0,14,0
root,14,0,0,0
Micrococcales,14,0,0,0
Chlorophyceae,0,0,14,0
Chrysophyceae,0,0,14,0
Ciliophora,0,0,14,0
root,0,0,14,0
Clitellata,0,0,14,0
root,0,0,14,0
root,0,0,14,0
root,0,0,14,0
root,0,0,14,0
root,14,0,0,0
root,14,0,0,0
Chlorophyceae,14,0,0,0
root,0,0,14,0
root,0,0,14,0
Nitella,0,0,0,13
Chlamydomonadaceae,13,0,0,0
root,0,13,0,0
Chlorophyceae,0,13,0,0
Bacteroidetes,0,0,0,13
root,13,0,0,0
Bacteroidetes,13,0,0,0
root,13,0,0,0
Metazoa,0,9,4,0
Chordata,0,13,0,0
Chordata,0,13,0,0
Chlorophyceae,0,0,13,0
Metazoa,0,0,0,13
Chordata,0,13,0,0
Leptospermeae,0,13,0,0
Spirochaetes,0,0,0,13
Myxococcales,0,0,0,13
root,0,0,0,13
root,0,13,0,0
root,0,0,0,13
Metazoa,0,13,0,0
Metazoa,0,13,0,0
Chordata,0,13,0,0
Chordata,0,13,0,0
Dinophyceae,0,13,0,0
Paraphysomonas_sp,4,4,4,0
Microdiaphanosoma,12,0,0,0
Novosphingobium,0,0,0,12
Methanobacterium,4,0,8,0
Paludibaculum,0,0,8,4
Cryptomonas,12,0,0,0
Physella,0,12,0,0
Methanospirillum,0,0,12,0
Rhizomicrobium,0,0,12,0
Chaetonotus,0,0,0,12
Cryptomonas,0,0,0,12
Cypretta,12,0,0,0
Nephroselmidaceae,0,0,12,0
Azospirillaceae,0,0,12,0
Phacaceae,12,0,0,0
Acetobacteraceae,12,0,0,0
Acidobacteriaceae,12,0,0,0
Chlamydomonadaceae,0,12,0,0
Naididae,0,0,0,12
Desulfobulbaceae,0,0,0,12
Methanomassiliicoccaceae,0,0,12,0
Rhodobacteraceae,0,0,0,12
Oscillospiraceae,12,0,0,0
Spongomonadidae,0,0,12,0
Clostridiaceae,0,0,0,12
Pirellulaceae,0,0,12,0
Zingiberales,0,0,0,12
root,0,7,5,0
Viridiplantae,0,0,12,0
Chordata,12,0,0,0
root,0,12,0,0
root,0,12,0,0
Metazoa,0,7,5,0
Chromadorea,0,12,0,0
root,0,12,0,0
Chordata,12,0,0,0
Poduromorpha,0,0,12,0
root,12,0,0,0
Metazoa,0,0,0,12
Chordata,0,12,0,0
Cryptomycota_incertae_sedis,12,0,0,0
root,0,0,12,0
Chlorophyceae,12,0,0,0
root,12,0,0,0
Enterobacterales,0,0,0,12
Planctomycetes,0,0,0,12
root,12,0,0,0
root,8,0,4,0
root,12,0,0,0
Gammaproteobacteria,0,0,4,8
root,12,0,0,0
Bacteroidetes,12,0,0,0
Clupeocephala,0,12,0,0
Insecta,12,0,0,0
Burkholderiales,0,0,0,12
root,0,0,12,0
root,0,0,12,0
Kinetoplastea,12,0,0,0
root,12,0,0,0
Chordata,8,4,0,0
Metazoa,0,0,0,12
root,0,0,0,12
root,0,0,12,0
Insecta,12,0,0,0
root,12,0,0,0
root,12,0,0,0
root,12,0,0,0
root,0,0,6,6
Eubacteriales,12,0,0,0
Bacteroidetes,12,0,0,0
root,0,0,0,12
Cypriniformes,0,0,12,0
Metazoa,0,12,0,0
root,0,0,12,0
root,0,0,12,0
root,0,0,6,6
root,0,6,6,0
root,0,12,0,0
root,0,12,0,0
root,0,12,0,0
Chordata,12,0,0,0
root,0,12,0,0
Metazoa,0,0,0,12
root,0,0,12,0
root,0,0,12,0
Metazoa,0,0,12,0
Chordata,0,0,12,0
root,12,0,0,0
Chordata,12,0,0,0
Chordata,12,0,0,0
root,0,12,0,0
Metazoa,12,0,0,0
root,0,0,12,0
root,12,0,0,0
Magnoliopsida,12,0,0,0
Lamiales,12,0,0,0
Spirotrichea,0,0,0,12
Cladophorales,0,0,12,0
root,0,0,12,0
Cercozoa,0,0,12,0
root,0,0,12,0
Proteobacteria,0,0,12,0
root,0,0,12,0
root,0,0,0,12
Proteobacteria,0,0,0,12
Enterobacterales,0,0,0,12
root,0,0,0,12
root,0,0,0,12
Bacteroidetes,0,0,6,6
root,0,0,8,4
root,0,0,0,12
root,0,0,0,12
root,0,0,0,12
root,0,0,12,0
Proteobacteria,8,4,0,0
root,12,0,0,0
Bacteroidetes,12,0,0,0
root,12,0,0,0
Chlamydiae,12,0,0,0
root,12,0,0,0
Cestoda,0,0,0,12
root,0,0,12,0
root,0,0,12,0
Chrysophyceae,0,12,0,0
root,0,0,12,0
root,12,0,0,0
root,0,0,12,0
Saprolegnia_parasitica,0,11,0,0
Phytocercomonas,0,0,11,0
Poaceae,11,0,0,0
Caryophyllaceae,0,11,0,0
Desulfobulbaceae,0,0,0,11
Euglenales,0,11,0,0
root,11,0,0,0
root,0,11,0,0
Poduromorpha,0,0,11,0
Bacteroidetes,0,11,0,0
root,11,0,0,0
Planctomycetes,0,11,0,0
root,0,0,11,0
Chordata,0,0,0,11
Metazoa,11,0,0,0
root,0,11,0,0
root,0,0,0,11
root,0,0,0,11
Negativicutes,0,0,0,11
Hyphomicrobiales,0,0,0,11
Spirochaetales,0,0,0,11
root,0,11,0,0
Chordata,0,11,0,0
root,11,0,0,0
Oomycota,0,11,0,0
Oomycota,11,0,0,0
root,6,5,0,0
root,0,11,0,0
root,0,11,0,0
Alsobacter,0,10,0,0
Methylobacterium,0,4,0,6
Stentor,0,0,10,0
Zoogloea,0,0,10,0
Ethanoligenens,0,0,10,0
Pandorina,0,10,0,0
Methylovulum,10,0,0,0
Curcuma,0,0,10,0
Leptolegnia,0,0,0,10
Spirosoma,10,0,0,0
Euglena,0,0,10,0
Platyreta,0,0,10,0
Neourostylopsis,10,0,0,0
Nocardioides,0,0,10,0
Anaeromyxobacter,0,0,10,0
Salpingoeca,0,0,10,0
Alphamonas,10,0,0,0
Nephroselmidaceae,0,0,10,0
Chitinophagaceae,10,0,0,0
Halothiobacillaceae,0,0,10,0
Euglenaceae,6,0,4,0
Flavobacteriaceae,10,0,0,0
Euglenaceae,10,0,0,0
Cytophagaceae,0,0,0,10
Chitinophagaceae,0,0,0,10
Crocinitomicaceae,10,0,0,0
Microbacteriaceae,10,0,0,0
Volvocaceae,0,10,0,0
Oedogoniaceae,10,0,0,0
Acetobacteraceae,0,0,0,10
Lachnospiraceae,0,0,0,10
Campylobacteraceae,0,0,10,0
root,0,10,0,0
root,0,10,0,0
Metazoa,10,0,0,0
root,0,0,10,0
root,0,10,0,0
root,5,0,5,0
root,10,0,0,0
root,0,0,10,0
root,0,0,10,0
root,6,0,4,0
root,0,10,0,0
root,0,10,0,0
Oomycota_incertae_sedis,10,0,0,0
Metazoa,0,10,0,0
Chordata,10,0,0,0
Chordata,10,0,0,0
root,0,0,10,0
root,10,0,0,0
root,10,0,0,0
Chordata,10,0,0,0
root,10,0,0,0
root,0,10,0,0
root,0,0,10,0
root,10,0,0,0
Proteobacteria,10,0,0,0
Metazoa,0,0,10,0
Bacteroidetes,0,0,0,10
root,10,0,0,0
root,10,0,0,0
Arthropoda,10,0,0,0
Planctomycetia,10,0,0,0
Chordata,10,0,0,0
root,0,0,10,0
root,0,10,0,0
root,0,0,10,0
Alphaproteobacteria,0,0,0,10
Viridiplantae,0,0,0,10
unclassified_Stenostomum_in__Platyhelminthes,0,0,0,10
Desulfuromonadales,0,0,10,0
root,0,0,10,0
root,0,0,10,0
Metazoa,0,0,10,0
Chordata,10,0,0,0
root,10,0,0,0
root,0,6,0,4
root,0,10,0,0
Metazoa,0,10,0,0
Proteobacteria,0,0,10,0
Eurotatoria,10,0,0,0
root,0,10,0,0
Eubacteriales,0,0,10,0
root,10,0,0,0
root,10,0,0,0
Metazoa,0,0,0,10
Chordata,0,0,0,10
Chordata,0,0,10,0
Chordata,0,0,10,0
Chordata,0,0,10,0
Chordata,0,0,10,0
Chordata,0,10,0,0
root,10,0,0,0
root,0,0,10,0
root,0,0,10,0
root,0,10,0,0
root,0,10,0,0
Metazoa,0,10,0,0
root,0,0,10,0
root,10,0,0,0
root,10,0,0,0
Viridiplantae,0,0,10,0
Oomycota,0,0,10,0
root,0,0,10,0
Litostomatea,0,0,10,0
root,0,0,10,0
root,0,0,10,0
Dinophyceae,0,10,0,0
Fungi,0,10,0,0
Kinetoplastea,0,0,10,0
Proteobacteria,0,0,10,0
root,10,0,0,0
Bicosoecida,10,0,0,0
root,10,0,0,0
Bacteroidetes,0,0,0,10
Gammaproteobacteria,0,0,0,10
root,0,0,0,10
root,0,0,0,10
root,0,0,6,4
Viridiplantae,0,0,10,0
Planctomycetia,0,0,10,0
root,0,0,10,0
root,0,0,10,0
root,0,10,0,0
root,0,0,10,0
root,10,0,0,0
root,10,0,0,0
root,10,0,0,0
root,10,0,0,0
root,10,0,0,0
Fungi,0,0,10,0
root,0,0,10,0
root,0,0,10,0
unclassified_Cercomonas,0,0,10,0
root,0,10,0,0
Cercozoa,0,10,0,0
root,0,0,10,0
Euglenozoa,10,0,0,0
root,10,0,0,0
Oomycota,10,0,0,0
root,10,0,0,0
root,0,10,0,0
root,0,10,0,0
root,0,10,0,0
root,10,0,0,0
root,10,0,0,0
Terrimonas,0,9,0,0
Acidobacteriaceae,0,9,0,0
Gemmataceae,9,0,0,0
Bacteroidaceae,9,0,0,0
Micromonosporaceae,0,9,0,0
Crocinitomicaceae,0,0,0,9
root,0,9,0,0
Passeriformes,0,9,0,0
root,0,9,0,0
root,0,0,9,0
Metazoa,0,0,0,9
root,0,9,0,0
root,0,0,0,9
root,9,0,0,0
root,0,0,9,0
Gammaproteobacteria,0,9,0,0
root,0,9,0,0
Chordata,9,0,0,0
Metazoa,9,0,0,0
Negativicutes,0,9,0,0
Rhodospirillales,0,9,0,0
root,0,0,0,9
Metazoa,0,9,0,0
Chordata,0,9,0,0
root,0,0,0,9
root,0,9,0,0
Bacteroidetes,0,0,0,9
Gammaproteobacteria,0,9,0,0
Firmicutes,0,9,0,0
root,9,0,0,0
root,9,0,0,0
Bacteroidetes,9,0,0,0
Chordata,0,9,0,0
Chordata,0,0,0,9
root,0,9,0,0
root,0,9,0,0
Gastrotricha,0,9,0,0
root,0,9,0,0
root,0,9,0,0
root,0,9,0,0
root,0,0,0,9
root,0,9,0,0
Acacia_melanoxylon,0,8,0,0
Habrotrocha_constricta,0,8,0,0
Synchaeta,0,8,0,0
Cryptomonas,0,0,8,0
Rhizomicrobium,0,0,8,0
Cetobacterium,0,8,0,0
Phacus,0,8,0,0
Methanosarcina,0,0,8,0
Phacus,8,0,0,0
Syntrophomonas,0,8,0,0
Rhodomonas,8,0,0,0
Chlamydomonas,8,0,0,0
Roseomonas,0,8,0,0
Chydorus,8,0,0,0
Chaetonotus,8,0,0,0
Euglena,0,0,8,0
Alphamonas,8,0,0,0
Methanospirillum,0,0,8,0
Lepocinclis,0,0,8,0
Monomorphina,0,0,8,0
Cercomonas,0,0,8,0
Chaetonotus,0,8,0,0
Crocinitomicaceae,0,0,8,0
Arcellidae,0,0,8,0
Naididae,0,8,0,0
Spongomonadidae,8,0,0,0
Aphidinae,0,0,8,0
Crocinitomicaceae,8,0,0,0
Volvocaceae,0,8,0,0
Pirellulaceae,0,0,0,8
Crocinitomicaceae,0,0,8,0
Chaetonotidae,0,8,0,0
Chitinophagaceae,0,0,0,8
Oxytrichidae,8,0,0,0
root,8,0,0,0
root,8,0,0,0
root,8,0,0,0
Metazoa,0,8,0,0
root,8,0,0,0
Chordata,8,0,0,0
Metazoa,8,0,0,0
root,4,4,0,0
Chordata,8,0,0,0
root,0,4,4,0
root,0,0,0,8
Metazoa,0,8,0,0
root,0,0,8,0
root,0,0,0,8
Oomycota,0,0,8,0
root,8,0,0,0
root,0,0,0,8
Metazoa,0,8,0,0
root,8,0,0,0
root,0,8,0,0
root,0,8,0,0
root,0,0,8,0
Oligoflexia,0,0,0,8
Bacteroidetes,0,0,8,0
Bacteroidetes,8,0,0,0
root,0,8,0,0
root,0,0,8,0
root,0,0,8,0
root,8,0,0,0
root,8,0,0,0
unclassified_Chlorophyceae,8,0,0,0
Cytophagia,8,0,0,0
Kinetoplastea,4,4,0,0
Chryseobacterium_group,0,0,0,8
root,0,4,4,0
Metazoa,8,0,0,0
root,0,8,0,0
Metazoa,8,0,0,0
root,0,0,8,0
root,0,0,8,0
root,0,8,0,0
root,8,0,0,0
root,8,0,0,0
root,8,0,0,0
Chlorophyceae,8,0,0,0
Chordata,8,0,0,0
root,0,0,8,0
root,8,0,0,0
root,0,0,8,0
Chlamydomonadales,0,0,8,0
Sessilida,8,0,0,0
root,0,8,0,0
root,4,0,4,0
root,0,0,8,0
Magnoliopsida,0,0,0,8
root,8,0,0,0
Metazoa,0,0,0,8
Chordata,0,0,0,8
Chordata,0,0,0,8
root,0,8,0,0
Chordata,8,0,0,0
root,0,8,0,0
root,8,0,0,0
Viridiplantae,0,8,0,0
root,0,0,8,0
root,0,4,0,4
Bacillariophyta,8,0,0,0
root,8,0,0,0
root,0,0,8,0
root,0,8,0,0
root,0,8,0,0
Chordata,0,0,8,0
Chordata,0,0,0,8
Chordata,0,0,0,8
Chordata,8,0,0,0
Chordata,8,0,0,0
root,0,8,0,0
root,0,8,0,0
root,0,0,8,0
root,0,0,8,0
root,0,0,8,0
Chlorophyta,0,8,0,0
root,0,8,0,0
root,0,0,8,0
root,8,0,0,0
root,0,8,0,0
root,8,0,0,0
root,0,8,0,0
root,8,0,0,0
Bacillariophyceae,0,8,0,0
root,0,0,8,0
root,0,8,0,0
Metazoa,8,0,0,0
Chordata,0,8,0,0
root,8,0,0,0
Chordata,0,0,0,8
Chordata,0,0,8,0
Chordata,0,0,8,0
Chordata,0,0,8,0
Metazoa,0,0,8,0
Metazoa,0,0,8,0
Chordata,0,0,8,0
root,0,0,8,0
root,8,0,0,0
Chordata,8,0,0,0
Chordata,8,0,0,0
Chordata,8,0,0,0
Metazoa,8,0,0,0
Chordata,8,0,0,0
root,8,0,0,0
root,0,0,8,0
root,0,0,8,0
root,0,8,0,0
root,0,0,8,0
Chromadorea,8,0,0,0
Metazoa,8,0,0,0
root,8,0,0,0
Metazoa,8,0,0,0
root,8,0,0,0
root,8,0,0,0
Metazoa,8,0,0,0
Diplostraca,0,0,0,8
root,0,0,8,0
root,0,0,8,0
root,0,0,8,0
root,0,0,8,0
root,0,0,8,0
root,0,0,8,0
root,0,0,8,0
root,0,0,8,0
Eustigmatophyceae,0,0,8,0
Fungi,0,8,0,0
Chytridiomycota,0,0,8,0
root,0,0,8,0
root,0,0,8,0
root,0,0,8,0
Planctomycetes,8,0,0,0
root,8,0,0,0
root,0,0,0,8
Bacteroidetes,0,0,0,8
root,0,0,0,8
root,0,0,0,8
root,0,0,0,8
root,0,0,0,8
root,0,0,0,8
root,0,0,0,8
root,0,0,0,8
root,0,0,0,8
Proteobacteria,0,0,0,8
root,0,0,8,0
root,0,0,8,0
root,0,0,8,0
Bacteroidetes,0,0,8,0
root,0,0,8,0
Bacteroidetes,0,0,8,0
Eubacteriales,0,8,0,0
root,0,8,0,0
root,0,8,0,0
root,0,0,8,0
root,0,0,8,0
root,8,0,0,0
Proteobacteria,8,0,0,0
root,8,0,0,0
root,8,0,0,0
Oomycota,0,0,0,8
Xanthophyceae,0,0,0,8
unclassified_stramenopiles,0,0,8,0
root,0,0,8,0
root,0,0,8,0
Oomycota,0,0,8,0
Euglenozoa,8,0,0,0
Acanthoecida,8,0,0,0
root,0,0,0,8
root,0,0,0,8
root,0,0,0,8
root,0,0,8,0
root,0,0,8,0
root,0,8,0,0
root,0,8,0,0
root,0,8,0,0
root,0,8,0,0
root,0,8,0,0
root,0,0,8,0
root,8,0,0,0
root,8,0,0,0
root,8,0,0,0
Anas_platyrhynchos,0,7,0,0
Denitratisoma,0,7,0,0
Paralagenidium,0,7,0,0
Metschnikowia,0,0,0,7
Paludibacter,7,0,0,0
Euglenaceae,7,0,0,0
Stentoridae,0,0,0,7
Pooideae,0,7,0,0
Cercomonadidae,0,0,7,0
Naididae,0,0,0,7
Euglenales,0,7,0,0
root,0,7,0,0
root,0,7,0,0
root,0,0,0,7
Firmicutes,0,0,0,7
root,7,0,0,0
Chlorophyceae,0,7,0,0
Hyphomicrobiales,0,7,0,0
Chordata,0,0,0,7
root,0,7,0,0
root,0,0,0,7
Spirotrichea,0,7,0,0
Metazoa,7,0,0,0
root,0,7,0,0
root,0,0,7,0
root,0,7,0,0
Fungi,0,7,0,0
Cypriniformes,0,7,0,0
Chordata,7,0,0,0
root,0,0,7,0
Oomycota,7,0,0,0
root,7,0,0,0
root,0,0,0,7
root,0,0,0,7
root,0,0,0,7
root,0,0,0,7
root,7,0,0,0
Proteobacteria,7,0,0,0
root,7,0,0,0
Bacteroidetes,7,0,0,0
root,7,0,0,0
Metazoa,0,7,0,0
Chordata,0,7,0,0
Metazoa,0,0,7,0
Chordata,0,0,7,0
Metazoa,0,7,0,0
root,0,7,0,0
root,0,7,0,0
root,0,7,0,0
Fungi,0,7,0,0
Chlorophyceae,0,7,0,0
root,0,7,0,0
Hyphomicrobiales,0,0,7,0
root,0,0,7,0
root,0,7,0,0
root,0,7,0,0
root,0,0,7,0
Ranoidea_aurea,0,6,0,0
Anas_chlorotis_or_gracilis,0,6,0,0
Trichosurus_vulpecula,0,0,0,6
Cervus_elaphus,0,6,0,0
Thermomonas,0,6,0,0
Rhizomicrobium,6,0,0,0
Haliscomenobacter,0,6,0,0
Nitzschia,0,0,6,0
Pararheinheimera,6,0,0,0
Pinnularia,0,0,0,6
Nais,0,0,6,0
Monomastix,0,6,0,0
Phacus,0,6,0,0
Tribonema,0,0,6,0
Asticcacaulis,0,6,0,0
Pedobacter,0,6,0,0
Vannella,0,6,0,0
Limnodrilus,0,0,6,0
Chaetonotus,6,0,0,0
Paratrimastix,0,0,6,0
Nephroselmis,0,0,6,0
Cryptomonas,0,0,6,0
Strombomonas,0,0,6,0
Cypretta,6,0,0,0
Bodo,6,0,0,0
Vannella,6,0,0,0
Phacus,6,0,0,0
Emticicia,0,0,6,0
Monomorphina,0,0,6,0
Litonotidae,0,0,0,6
Desulfuromonadaceae,0,6,0,0
Chlamydomonadaceae,6,0,0,0
Spongomonadidae,6,0,0,0
Pirellulaceae,6,0,0,0
Desulfovibrionaceae,0,6,0,0
Tobrilidae,6,0,0,0
Bacteroidaceae,0,6,0,0
Leptotrichiaceae,0,0,6,0
Chaetonotidae,6,0,0,0
Cytophagaceae,0,0,0,6
Lachnospiraceae,0,0,0,6
Chitinophagaceae,0,6,0,0
Campylobacteraceae,0,6,0,0
Acetobacteraceae,6,0,0,0
Chlamydomonadaceae,0,0,6,0
Hexamitinae,0,0,6,0
Amphileptidae,0,0,6,0
Peridiniaceae,0,6,0,0
Lachnospiraceae,0,0,6,0
Chaetonotidae,0,0,0,6
Oripodoidea,0,0,6,0
Hexamitinae,0,0,6,0
root,0,6,0,0
root,0,6,0,0
root,0,6,0,0
root,0,6,0,0
Metazoa,6,0,0,0
root,0,6,0,0
Metazoa,6,0,0,0
root,6,0,0,0
root,0,6,0,0
root,6,0,0,0
Cryptomycota_incertae_sedis,6,0,0,0
root,6,0,0,0
Eustigmatophyceae,0,0,6,0
root,6,0,0,0
root,6,0,0,0
Oomycota,6,0,0,0
root,0,0,0,6
root,0,6,0,0
root,6,0,0,0
Ploima,0,6,0,0
root,6,0,0,0
root,6,0,0,0
Chordata,0,0,6,0
root,6,0,0,0
Chordata,6,0,0,0
root,0,6,0,0
Myxococcales,0,0,6,0
unclassified_stramenopiles,6,0,0,0
root,6,0,0,0
root,0,6,0,0
Pterocystida,0,0,6,0
root,6,0,0,0
Metazoa,0,6,0,0
root,0,6,0,0
Chlorophyta,0,0,6,0
Metazoa,6,0,0,0
Fungi,6,0,0,0
Planctomycetia,0,0,6,0
Metazoa,6,0,0,0
Haplotaxida,0,0,6,0
root,0,0,6,0
Viridiplantae,0,0,6,0
root,6,0,0,0
root,0,0,6,0
root,6,0,0,0
Metazoa,6,0,0,0
root,0,0,6,0
root,6,0,0,0
root,0,0,6,0
root,6,0,0,0
root,0,0,6,0
Metazoa,6,0,0,0
root,0,0,6,0
root,0,6,0,0
Metazoa,6,0,0,0
root,6,0,0,0
root,6,0,0,0
Firmicutes,0,0,6,0
Metazoa,0,6,0,0
root,0,6,0,0
root,0,0,6,0
root,0,0,6,0
root,0,6,0,0
Metazoa,6,0,0,0
Metazoa,0,0,0,6
Chordata,0,0,0,6
root,0,0,0,6
Metazoa,0,6,0,0
Chordata,6,0,0,0
root,6,0,0,0
root,0,0,0,6
root,0,0,0,6
root,0,0,0,6
Insecta,0,6,0,0
Oomycota,0,6,0,0
root,6,0,0,0
root,6,0,0,0
root,6,0,0,0
Metazoa,6,0,0,0
Magnoliopsida,0,0,0,6
Viridiplantae,6,0,0,0
root,6,0,0,0
Ciliophora,6,0,0,0
root,0,6,0,0
root,0,0,0,6
root,0,0,0,6
root,0,0,0,6
Eubacteriales,0,0,0,6
root,0,0,0,6
Firmicutes,0,0,0,6
root,0,0,0,6
Eubacteriales,0,6,0,0
root,0,6,0,0
root,0,6,0,0
root,0,6,0,0
root,6,0,0,0
Bacteroidetes,6,0,0,0
root,6,0,0,0
root,6,0,0,0
root,0,0,0,6
root,6,0,0,0
root,6,0,0,0
root,0,0,0,6
Metazoa,0,6,0,0
Metazoa,0,6,0,0
root,0,0,6,0
Chordata,0,0,0,6
Metazoa,0,0,0,6
root,0,6,0,0
Metazoa,0,6,0,0
root,0,6,0,0
Sessilida,0,6,0,0
Chlorophyta,0,6,0,0
unclassified_stramenopiles,0,0,6,0
Ciliophora,6,0,0,0
root,0,0,0,6
root,0,6,0,0
root,0,6,0,0
Firmicutes,0,6,0,0
root,0,0,6,0
Fungi,0,6,0,0
root,0,6,0,0
root,0,6,0,0
root,0,0,6,0
Ciliophora,6,0,0,0
root,0,6,0,0
root,0,6,0,0
root,0,6,0,0
root,6,0,0,0
root,0,6,0,0
Metazoa,0,0,6,0
Chordata,0,0,0,6
Metazoa,0,0,0,6
Chordata,0,0,0,6
root,0,0,6,0
Chordata,0,0,6,0
root,0,6,0,0
root,0,6,0,0
root,0,0,6,0
Chordata,6,0,0,0
root,6,0,0,0
Chordata,6,0,0,0
Metazoa,6,0,0,0
Chordata,6,0,0,0
Chordata,6,0,0,0
Chordata,6,0,0,0
root,0,0,0,6
Metazoa,0,0,6,0
root,0,0,6,0
root,0,0,6,0
root,0,6,0,0
root,0,6,0,0
root,0,6,0,0
root,0,6,0,0
root,0,0,6,0
root,0,0,6,0
root,0,0,6,0
root,0,0,6,0
root,0,0,6,0
root,0,0,6,0
root,6,0,0,0
root,6,0,0,0
root,6,0,0,0
root,6,0,0,0
root,6,0,0,0
Cymbellales,6,0,0,0
root,6,0,0,0
root,6,0,0,0
root,6,0,0,0
root,6,0,0,0
root,6,0,0,0
root,6,0,0,0
Viridiplantae,0,0,6,0
Viridiplantae,6,0,0,0
root,0,0,0,6
root,0,0,0,6
root,0,0,0,6
Cestoda,0,0,0,6
root,0,0,6,0
Fungi,0,0,6,0
Gammaproteobacteria,0,0,6,0
Fungi,0,0,6,0
root,0,0,6,0
root,0,0,6,0
root,0,0,6,0
Hymenostomatida,0,0,6,0
root,0,6,0,0
root,0,0,6,0
root,0,0,6,0
root,6,0,0,0
root,6,0,0,0
root,0,0,0,6
root,0,0,0,6
root,0,0,0,6
Planctomycetia,0,0,0,6
root,0,0,0,6
root,0,0,0,6
Proteobacteria,0,0,0,6
root,0,0,6,0
root,0,0,6,0
root,0,0,6,0
root,0,0,6,0
root,0,0,6,0
Chloroflexi,0,0,6,0
root,0,0,6,0
Bacteroidales,0,6,0,0
root,0,6,0,0
root,0,0,6,0
root,0,0,6,0
Proteobacteria,0,0,6,0
Planctomycetia,6,0,0,0
Bacteroidetes,6,0,0,0
root,6,0,0,0
root,6,0,0,0
root,6,0,0,0
root,6,0,0,0
Bacteroidetes,6,0,0,0
root,6,0,0,0
Ploima,0,0,0,6
root,0,0,6,0
root,0,0,6,0
root,0,0,6,0
root,0,0,6,0
root,0,0,6,0
root,0,0,6,0
root,0,6,0,0
root,0,0,6,0
root,6,0,0,0
root,6,0,0,0
Chlorophyta,6,0,0,0
root,6,0,0,0
root,6,0,0,0
root,6,0,0,0
root,0,0,0,6
root,0,0,0,6
root,0,0,0,6
root,0,0,6,0
root,6,0,0,0
Rhopalomyia_sp_BIOUG23125_E04,0,5,0,0
Juncus,0,5,0,0
Metrosideros,0,5,0,0
Brevundimonas,0,0,0,5
Pythiogeton,0,5,0,0
Hymenobacter,0,0,0,5
Coleochaete,0,5,0,0
Pelobacter,5,0,0,0
Aquicella,0,0,0,5
Racopilum,5,0,0,0
Cryptomonas,0,0,0,5
Lumbriculidae,5,0,0,0
Pirellulaceae,5,0,0,0
Frontoniidae,0,0,0,5
root,0,0,0,5
root,0,5,0,0
root,0,5,0,0
root,0,5,0,0
Metazoa,5,0,0,0
Metazoa,5,0,0,0
root,0,5,0,0
Bacteroidetes,5,0,0,0
root,0,5,0,0
root,5,0,0,0
root,0,5,0,0
root,0,5,0,0
root,0,5,0,0
Metazoa,0,5,0,0
root,0,5,0,0
Oomycota,0,5,0,0
Alphaproteobacteria,0,5,0,0
root,0,5,0,0
root,0,0,0,5
root,0,0,0,5
Proteobacteria,0,0,0,5
root,0,5,0,0
root,0,0,5,0
root,0,0,0,5
Bacteroidetes,5,0,0,0
root,0,0,0,5
root,0,5,0,0
root,0,0,0,5
Chordata,0,0,0,5
Chordata,0,0,0,5
Metazoa,0,0,0,5
Chordata,0,0,0,5
Chordata,0,5,0,0
root,0,5,0,0
root,0,5,0,0
unclassified_Artystona,0,5,0,0
root,0,5,0,0
root,5,0,0,0
root,5,0,0,0
Metazoa,5,0,0,0
root,5,0,0,0
root,5,0,0,0
root,5,0,0,0
root,0,5,0,0
root,0,5,0,0
Ciliophora,0,5,0,0
root,5,0,0,0
root,0,0,0,5
Planctomycetia,0,0,0,5
Bacteroidetes,0,0,0,5
root,0,0,0,5
root,0,0,0,5
root,0,0,0,5
root,0,0,0,5
root,0,0,0,5
root,0,5,0,0
root,0,5,0,0
root,5,0,0,0
root,5,0,0,0
Oomycota,0,5,0,0
root,0,5,0,0
Chordata,0,5,0,0
Metazoa,0,5,0,0
Chordata,0,0,5,0
Chordata,0,0,5,0
Chordata,0,0,5,0
root,0,0,5,0
Metazoa,0,0,0,5
Chordata,5,0,0,0
root,0,5,0,0
root,0,5,0,0
root,0,5,0,0
Arthropoda,0,5,0,0
root,0,5,0,0
root,0,0,5,0
Metazoa,0,0,5,0
root,0,0,5,0
root,0,0,5,0
unclassified_stramenopiles,0,5,0,0
Evosea,0,0,5,0
root,0,0,5,0
root,0,0,5,0
Euglenales,5,0,0,0
root,0,5,0,0
root,0,0,5,0
root,0,0,5,0
root,0,0,0,5
root,0,0,0,5
Clostridia,0,0,0,5
root,5,0,0,0
root,0,5,0,0
Dinophyceae,0,5,0,0
Cercozoa,0,0,5,0
root,0,0,5,0
root,5,0,0,0
root,0,0,0,5
Paraphysomonas_sp,4,0,0,0
Emberiza_citrinella,0,0,4,0
Hydra_vulgaris,0,0,4,0
Epalxella,4,0,0,0
Epalxella,4,0,0,0
Arcicella,4,0,0,0
Cygnus,0,4,0,0
Tetrahymena,4,0,0,0
Desulfovibrio,0,0,4,0
Nitzschia,4,0,0,0
Rhizomicrobium,0,0,4,0
Azolla,4,0,0,0
Pseudocandona,0,0,4,0
Rotaria,0,0,0,4
Tubifex,0,4,0,0
Lotus,0,0,0,4
Trentepohlia,0,0,0,4
Elusimicrobium,0,0,0,4
Clostridium,4,0,0,0
Anas,0,0,0,4
Devosia,0,4,0,0
Chaetonotus,0,0,0,4
Amarygmus,0,0,4,0
Dinobryon,4,0,0,0
Simocephalus,4,0,0,0
Phacus,0,0,4,0
Porphyridium,0,0,4,0
Cercomonas,0,0,4,0
Singulisphaera,0,0,4,0
Emticicia,0,0,4,0
Lactobacillus,0,0,4,0
Treponema,4,0,0,0
Sorodiplophrys,0,4,0,0
Cryptomonadaceae,4,0,0,0
Monodopsidaceae,0,0,4,0
Desulfobacteraceae,0,0,0,4
Peranemidae,0,0,4,0
Apiaceae,0,0,0,4
Acidobacteriaceae,0,4,0,0
Chromatiaceae,0,0,4,0
Isosphaeraceae,0,4,0,0
Nitrososphaeraceae,0,0,0,4
Cytophagaceae,0,0,0,4
Oscillochloridaceae,0,0,4,0
Crocinitomicaceae,4,0,0,0
Ichthyobodonidae,0,0,0,4
unclassified_Strombidium,0,4,0,0
root,0,4,0,0
root,4,0,0,0
root,0,0,4,0
root,4,0,0,0
Chordata,0,0,4,0
root,0,0,4,0
root,0,4,0,0
root,4,0,0,0
Metazoa,4,0,0,0
root,0,4,0,0
Evosea,0,4,0,0
root,4,0,0,0
root,0,4,0,0
Eurotatoria,4,0,0,0
root,0,0,4,0
root,4,0,0,0
root,0,4,0,0
root,0,0,4,0
root,4,0,0,0
Chloroflexia,4,0,0,0
Metazoa,0,4,0,0
root,0,0,4,0
Ulotrichales,0,0,4,0
root,4,0,0,0
root,0,4,0,0
root,0,4,0,0
root,0,0,4,0
Chordata,0,0,0,4
root,4,0,0,0
unclassified_Oikomonas,0,4,0,0
root,0,4,0,0
root,0,4,0,0
root,0,0,4,0
root,0,4,0,0
root,0,4,0,0
root,4,0,0,0
root,0,4,0,0
Metazoa,0,4,0,0
root,0,4,0,0
root,0,0,4,0
Chordata,0,4,0,0
root,0,0,4,0
root,0,0,0,4
root,4,0,0,0
root,0,0,4,0
root,0,0,4,0
root,4,0,0,0
root,0,4,0,0
root,0,0,4,0
root,4,0,0,0
root,0,4,0,0
root,0,0,4,0
root,0,0,4,0
Bacteroidetes,0,4,0,0
root,0,0,4,0
root,0,4,0,0
root,0,0,4,0
root,4,0,0,0
root,4,0,0,0
Cercozoa,0,4,0,0
Metazoa,0,4,0,0
Metazoa,0,4,0,0
Metazoa,4,0,0,0
Metazoa,0,0,0,4
root,0,4,0,0
root,0,0,4,0
root,0,0,4,0
root,4,0,0,0
root,0,0,4,0
Bacteroidetes,0,4,0,0
Chordata,4,0,0,0
root,4,0,0,0
root,4,0,0,0
root,4,0,0,0
Chordata,4,0,0,0
Branchiopoda,0,0,4,0
root,4,0,0,0
root,4,0,0,0
root,4,0,0,0
root,0,4,0,0
root,4,0,0,0
root,0,4,0,0
Metazoa,0,0,0,4
root,4,0,0,0
root,4,0,0,0
root,4,0,0,0
root,0,4,0,0
root,4,0,0,0
root,0,4,0,0
root,0,0,0,4
Bacteroidetes,0,0,0,4
Planctomycetia,0,0,4,0
root,0,0,0,4
Viridiplantae,0,0,4,0
Fragilariophycidae,0,0,0,4
root,4,0,0,0
root,4,0,0,0
root,0,4,0,0
Metazoa,4,0,0,0
root,0,0,4,0
root,0,4,0,0
root,0,0,0,4
root,0,0,4,0
root,0,0,0,4
Metazoa,0,4,0,0
root,4,0,0,0
Bacteroidetes,0,0,0,4
root,4,0,0,0
root,0,4,0,0
Bacteroidales,0,4,0,0
root,0,4,0,0
root,0,0,0,4
root,4,0,0,0
root,0,0,4,0
root,4,0,0,0
root,4,0,0,0
root,4,0,0,0
root,0,4,0,0
root,0,4,0,0
Bacteroidetes,0,4,0,0
root,4,0,0,0
root,4,0,0,0
root,4,0,0,0
Metazoa,0,4,0,0
Metazoa,0,4,0,0
root,0,4,0,0
Metazoa,0,0,0,4
Chordata,4,0,0,0
Metazoa,4,0,0,0
root,4,0,0,0
Metazoa,4,0,0,0
root,0,0,4,0
root,0,4,0,0
Metazoa,0,4,0,0
root,0,4,0,0
root,0,4,0,0
Insecta,0,4,0,0
root,4,0,0,0
root,0,4,0,0
root,4,0,0,0
root,0,4,0,0
Chlorophyta,4,0,0,0
root,4,0,0,0
root,0,4,0,0
Ciliophora,0,0,0,4
Sessilida,0,0,0,4
root,0,0,0,4
Cercozoa,0,0,0,4
root,0,0,0,4
root,0,4,0,0
root,4,0,0,0
root,4,0,0,0
root,4,0,0,0
root,0,0,0,4
root,0,0,0,4
root,0,0,4,0
root,0,0,0,4
root,0,0,0,4
root,0,0,0,4
root,0,0,0,4
root,0,0,0,4
root,0,0,0,4
root,0,4,0,0
root,0,4,0,0
root,0,4,0,0
Bacteroidetes,0,4,0,0
root,4,0,0,0
root,4,0,0,0
Cytophagales,4,0,0,0
Bacteroidetes,4,0,0,0
Bacteroidetes,4,0,0,0
Thalassiosirales,4,0,0,0
Hymenostomatida,0,0,0,4
root,0,4,0,0
root,4,0,0,0
Metazoa,0,4,0,0
Metazoa,0,4,0,0
root,0,4,0,0
Metazoa,0,0,4,0
root,0,0,4,0
root,0,0,4,0
Chordata,0,0,4,0
Chordata,0,0,4,0
Chordata,0,0,4,0
Chordata,4,0,0,0
Chordata,4,0,0,0
Chordata,4,0,0,0
root,4,0,0,0
root,0,4,0,0
root,0,4,0,0
root,0,4,0,0
root,0,4,0,0
Metazoa,0,4,0,0
root,0,4,0,0
root,0,4,0,0
root,0,4,0,0
root,0,4,0,0
root,0,4,0,0
root,0,0,4,0
root,0,0,4,0
root,0,0,4,0
root,0,0,4,0
root,0,0,4,0
root,0,0,4,0
Metazoa,0,4,0,0
root,0,0,4,0
root,0,0,4,0
root,4,0,0,0
root,4,0,0,0
Insecta,4,0,0,0
root,0,4,0,0
root,0,4,0,0
Sessilida,0,4,0,0
root,0,4,0,0
root,0,4,0,0
unclassified_Strombidium,0,4,0,0
Eustigmatophyceae,0,0,4,0
root,0,4,0,0
root,0,0,4,0
Desulfovibrionales,0,0,0,4
root,0,0,0,4
root,4,0,0,0
root,4,0,0,0
root,4,0,0,0
Verrucomicrobia,4,0,0,0
root,4,0,0,0
root,4,0,0,0
root,0,4,0,0
root,0,4,0,0
root,4,0,0,0
root,0,4,0,0
root,0,4,0,0
root,0,4,0,0
root,0,4,0,0
root,0,4,0,0
root,0,0,0,4
Metazoa,0,0,4,0
root,0,4,0,0
root,4,0,0,0
root,4,0,0,0
root,4,0,0,0
Metazoa,4,0,0,0
Metazoa,0,0,4,0
Metazoa,0,0,4,0
Chordata,0,0,4,0
Chordata,0,0,4,0
Chordata,0,0,4,0
Chordata,0,4,0,0
root,0,0,4,0
Metazoa,0,0,4,0
Metazoa,0,0,4,0
Chordata,0,0,4,0
Metazoa,4,0,0,0
Metazoa,4,0,0,0
Chordata,4,0,0,0
Eurotatoria,0,0,0,4
root,0,0,0,4
root,0,0,0,4
root,0,0,0,4
root,0,0,0,4
root,0,0,4,0
root,0,0,4,0
root,0,0,4,0
root,0,0,4,0
Insecta,0,4,0,0
root,0,4,0,0
root,0,4,0,0
root,0,4,0,0
root,0,4,0,0
root,0,4,0,0
root,0,4,0,0
root,0,4,0,0
root,0,4,0,0
root,0,4,0,0
root,0,4,0,0
root,0,4,0,0
root,0,0,4,0
root,0,0,4,0
root,0,0,4,0
Metazoa,0,0,4,0
Metazoa,0,0,4,0
Metazoa,0,0,4,0
root,0,0,4,0
Metazoa,0,0,4,0
Metazoa,0,0,4,0
root,4,0,0,0
root,4,0,0,0
root,4,0,0,0
root,4,0,0,0
root,4,0,0,0
root,4,0,0,0
root,4,0,0,0
root,4,0,0,0
Metazoa,4,0,0,0
root,4,0,0,0
Metazoa,4,0,0,0
Metazoa,4,0,0,0
root,4,0,0,0
root,4,0,0,0
root,4,0,0,0
root,4,0,0,0
Metazoa,4,0,0,0
root,4,0,0,0
root,4,0,0,0
Metazoa,4,0,0,0
root,4,0,0,0
root,0,0,0,4
Streptophyta,0,0,4,0
Oomycota,0,0,0,4
root,0,0,0,4
root,0,0,0,4
root,0,0,0,4
root,0,0,0,4
Ciliophora,0,0,0,4
Naviculales,0,0,0,4
root,0,0,4,0
root,0,0,4,0
root,0,0,4,0
root,0,0,4,0
Fungi,0,0,4,0
root,0,0,4,0
root,0,0,4,0
root,0,0,4,0
root,0,0,4,0
root,0,0,4,0
root,0,0,4,0
root,0,4,0,0
root,0,4,0,0
root,0,0,4,0
root,0,0,4,0
Fungi,0,0,4,0
root,0,0,4,0
root,0,0,4,0
root,0,0,4,0
Chlorophyta,0,0,4,0
Ploima,0,0,4,0
root,4,0,0,0
root,4,0,0,0
root,4,0,0,0
root,4,0,0,0
Amphifilida,4,0,0,0
root,4,0,0,0
root,0,0,0,4
root,0,0,0,4
root,0,0,0,4
root,0,0,0,4
Bacteroidetes,0,0,0,4
Bacteroidetes,0,0,0,4
root,0,0,0,4
root,0,0,0,4
Proteobacteria,0,0,0,4
root,0,0,4,0
root,0,0,4,0
root,0,0,4,0
root,0,0,4,0
root,0,0,4,0
root,0,0,4,0
root,0,0,4,0
root,0,0,4,0
root,0,0,4,0
root,0,0,4,0
root,0,0,4,0
root,0,4,0,0
root,0,4,0,0
Bacteroidetes,0,0,4,0
root,0,0,4,0
Dehalococcoidia,0,0,4,0
root,0,0,4,0
root,0,0,4,0
Cytophagia,4,0,0,0
root,4,0,0,0
root,4,0,0,0
root,4,0,0,0
root,4,0,0,0
root,4,0,0,0
root,4,0,0,0
root,4,0,0,0
root,4,0,0,0
root,4,0,0,0
root,4,0,0,0
root,4,0,0,0
Cytophagales,4,0,0,0
root,4,0,0,0
root,0,0,0,4
root,0,0,0,4
root,0,0,0,4
root,0,0,0,4
Oomycota_incertae_sedis,0,0,0,4
root,0,0,4,0
root,0,0,4,0
root,0,0,4,0
root,0,0,4,0
root,0,0,4,0
root,0,0,4,0
root,0,0,4,0
root,0,0,4,0
root,0,0,4,0
root,0,0,4,0
Fungi,0,0,4,0
root,0,4,0,0
root,0,0,4,0
root,0,0,4,0
root,4,0,0,0
root,4,0,0,0
unclassified_Trentepohlia,4,0,0,0
root,4,0,0,0
root,4,0,0,0
root,0,0,0,4
root,0,0,0,4
root,0,0,4,0
root,0,0,4,0
root,0,0,4,0
root,0,0,4,0
root,0,4,0,0
root,0,0,4,0
root,4,0,0,0
