﻿tax_assignment,One,Two,Three,Four
Cochliopodiidae,4,0,0,0
Proteobacteria,4,0,0,0
Proteobacteria,0,0,4,0
Firmicutes,0,0,4,0
Firmicutes,0,0,0,4
Bacteroidetes,0,0,4,0
Bacteroidetes,0,0,0,4
Nevskiales,4,0,0,0
Hyphomicrobiales,0,0,0,4
Eubacteriales,0,0,0,4
Thiodictyon,4,0,0,0
Singulisphaera,0,0,0,4
Oligoflexus,0,0,4,0
Dehalogenimonas,0,0,4,0
Saprospiraceae,0,0,0,4
Saprospiraceae,0,0,0,4
Paenibacillaceae,0,0,4,0
Moraxellaceae,0,4,0,0
Hymenobacteraceae,0,4,0,0
Halothiobacillaceae,0,0,4,0
Endomicrobiaceae,4,0,0,0
Desulfuromonadaceae,4,0,0,0
Cytophagaceae,0,0,4,0
Crocinitomicaceae,0,4,0,0
Acetobacteraceae,0,4,0,0
Acetobacteraceae,0,0,0,4
Planctomycetia,0,0,0,4
Gammaproteobacteria,0,4,0,0
Clostridia,0,0,4,0
Bacteroidia,0,0,0,4
Actinomycetia,0,0,4,0
Actinomycetia,0,0,4,0
Rhipidura_fuliginosa,0,0,0,4
Sessilida,0,4,0,0
Euplotidae,4,0,0,0
Chytridiomycota,0,0,4,0
Hypocreales,4,0,0,0
Helotiales,4,0,0,0
Pseudotrichia,0,0,0,4
Nephroselmis,0,0,0,4
Chlorophyceae,0,0,0,4
Bacillariophyta,0,0,4,0
Bacillariophyta,4,0,0,0
Bacillariophyta,0,0,4,0
Bacillariophyta,0,0,0,4
Corynoneura_scutellata,0,0,4,0
Diptera,0,0,4,0
Psychoda,0,0,4,0
Stylommatophora,0,4,0,0
Oomycota_incertae_sedis,4,0,0,0
Phytophthora,4,0,0,0
Eukaryota,0,0,0,4
Heterolobosea,4,0,0,0
Chordata,4,0,0,0
Chordata,0,4,0,0
Chordata,0,4,0,0
Chordata,4,0,0,0
Chordata,0,4,0,0
Chordata,0,0,4,0
Chordata,4,0,0,0
Chordata,4,0,0,0
Chordata,0,0,4,0
Chordata,0,0,0,4
Chordata,0,0,0,4
Chordata,0,0,4,0
Chordata,4,0,0,0
Chordata,4,0,0,0
Chordata,0,4,0,0
Chordata,0,0,4,0
Chordata,4,0,0,0
Chordata,4,0,0,0
Chordata,4,0,0,0
Chordata,4,0,0,0
Chordata,0,4,0,0
Chordata,0,4,0,0
Chordata,0,4,0,0
Chordata,0,4,0,0
Chordata,0,4,0,0
Chordata,0,4,0,0
Chordata,0,4,0,0
Chlorophyta,0,0,4,0
Cercozoa,0,4,0,0
Euglenales,4,0,0,0
Euglenales,0,0,4,0
Euglenales,0,4,0,0
root,4,0,0,0
root,0,4,0,0
root,0,4,0,0
root,4,0,0,0
root,4,0,0,0
root,0,0,0,4
root,0,4,0,0
root,0,0,4,0
root,4,0,0,0
root,0,4,0,0
root,4,0,0,0
root,4,0,0,0
root,0,0,4,0
root,0,0,4,0
root,4,0,0,0
root,0,4,0,0
root,4,0,0,0
root,0,0,0,4
root,0,0,0,4
root,4,0,0,0
root,4,0,0,0
root,0,4,0,0
root,4,0,0,0
root,4,0,0,0
root,0,4,0,0
root,4,0,0,0
root,0,0,4,0
root,4,0,0,0
root,4,0,0,0
root,0,4,0,0
root,0,4,0,0
root,4,0,0,0
root,0,0,4,0
root,4,0,0,0
root,0,4,0,0
root,0,0,4,0
root,4,0,0,0
root,0,0,0,4
root,4,0,0,0
root,4,0,0,0
root,0,0,0,4
root,0,4,0,0
root,0,0,0,4
root,4,0,0,0
root,0,0,0,4
root,0,0,0,4
root,0,0,0,4
root,4,0,0,0
root,0,0,4,0
root,4,0,0,0
root,4,0,0,0
root,4,0,0,0
root,0,0,4,0
root,0,0,0,4
root,4,0,0,0
root,0,0,4,0
root,0,0,4,0
root,0,0,0,4
root,4,0,0,0
root,0,4,0,0
root,0,0,4,0
root,4,0,0,0
root,0,4,0,0
root,0,0,0,4
root,0,0,4,0
root,0,0,0,4
root,0,0,0,4
root,0,0,4,0
root,0,0,4,0
root,0,0,4,0
root,4,0,0,0
root,4,0,0,0
root,0,0,0,4
root,0,4,0,0
root,0,0,4,0
root,0,0,4,0
root,0,0,4,0
root,0,0,4,0
root,0,0,4,0
root,0,0,4,0
root,4,0,0,0
root,4,0,0,0
root,4,0,0,0
root,0,0,4,0
root,0,0,4,0
root,0,0,4,0
root,0,0,4,0
root,0,0,4,0
root,0,4,0,0
root,0,0,0,4
root,0,0,0,4
root,0,0,4,0
root,0,0,0,4
root,4,0,0,0
root,4,0,0,0
root,4,0,0,0
root,0,0,4,0
root,0,0,4,0
root,4,0,0,0
root,4,0,0,0
root,0,0,4,0
root,0,0,0,4
root,0,0,0,4
root,0,0,4,0
root,0,0,4,0
root,4,0,0,0
root,4,0,0,0
root,0,0,4,0
root,0,0,4,0
root,0,0,4,0
root,4,0,0,0
root,4,0,0,0
root,0,0,4,0
root,0,0,0,4
root,0,0,0,4
root,0,0,0,4
root,0,0,0,4
root,0,0,0,4
root,0,0,0,4
root,0,0,0,4
root,0,0,4,0
root,0,0,4,0
root,0,0,4,0
root,0,0,4,0
root,0,0,4,0
root,0,0,4,0
root,0,0,4,0
root,0,0,4,0
root,0,0,4,0
root,0,0,4,0
root,0,0,4,0
root,0,0,4,0
root,0,0,4,0
root,0,0,4,0
root,4,0,0,0
root,4,0,0,0
root,0,0,0,4
root,0,0,4,0
root,0,0,0,4
root,0,0,0,4
root,0,0,0,4
root,0,0,0,4
root,0,0,0,4
root,0,0,0,4
root,0,0,4,0
root,0,0,4,0
root,0,0,4,0
root,0,0,4,0
root,4,0,0,0
root,0,0,4,0
root,0,0,4,0
root,0,0,4,0
root,0,0,0,4
root,0,0,4,0
root,4,0,0,0
root,0,0,0,4
root,0,0,4,0
root,0,0,4,0
root,0,0,4,0
root,0,0,0,4
root,0,4,0,0
root,0,4,0,0
root,0,4,0,0
root,0,0,0,4
root,0,4,0,0
root,0,4,0,0
root,0,4,0,0
root,0,0,0,4
root,0,4,0,0
root,0,4,0,0
root,0,4,0,0
root,0,0,4,0
root,0,0,4,0
root,0,0,4,0
root,0,0,0,4
root,4,0,0,0
root,4,0,0,0
root,0,0,4,0
root,0,0,4,0
root,0,0,4,0
root,0,4,0,0
root,0,4,0,0
root,0,4,0,0
root,0,0,0,4
root,0,4,0,0
root,4,0,0,0
root,0,0,0,4
root,0,4,0,0
root,0,4,0,0
root,0,0,0,4
root,0,0,4,0
root,0,0,4,0
root,0,0,0,4
root,0,0,0,4
root,0,0,4,0
root,0,0,0,4
root,0,4,0,0
root,0,4,0,0
root,0,0,4,0
root,4,0,0,0
root,0,4,0,0
root,0,4,0,0
root,4,0,0,0
root,0,0,0,4
root,0,4,0,0
root,0,4,0,0
root,0,4,0,0
Viridiplantae,0,0,0,4
Viridiplantae,0,0,4,0
Viridiplantae,0,4,0,0
Metazoa,0,0,4,0
Metazoa,4,0,0,0
Metazoa,0,4,0,0
Metazoa,0,0,0,4
Metazoa,4,0,0,0
Metazoa,4,0,0,0
Metazoa,4,0,0,0
Metazoa,4,0,0,0
Metazoa,0,4,0,0
Metazoa,0,4,0,0
Metazoa,0,0,4,0
Metazoa,4,0,0,0
Metazoa,0,4,0,0
Metazoa,0,4,0,0
Metazoa,0,0,0,4
Metazoa,0,4,0,0
Metazoa,0,0,0,4
Metazoa,0,0,0,4
Metazoa,0,0,0,4
Metazoa,0,0,4,0
Metazoa,0,0,0,4
Metazoa,0,0,4,0
Metazoa,0,0,4,0
Metazoa,0,0,4,0
Metazoa,0,0,4,0
Metazoa,0,0,0,4
Metazoa,0,0,0,4
Metazoa,0,0,0,4
Metazoa,0,0,0,4
Metazoa,0,0,0,4
Metazoa,0,0,0,4
Metazoa,0,0,0,4
Metazoa,0,0,0,4
Metazoa,0,0,0,4
Metazoa,0,0,4,0
Metazoa,0,0,4,0
Metazoa,4,0,0,0
Metazoa,0,0,0,4
Metazoa,0,0,0,4
Metazoa,0,0,0,4
Metazoa,4,0,0,0
Metazoa,0,0,0,4
Metazoa,0,0,4,0
Metazoa,4,0,0,0
Metazoa,0,0,4,0
Metazoa,0,0,0,4
Metazoa,0,4,0,0
Metazoa,0,4,0,0
Metazoa,0,4,0,0
Metazoa,0,4,0,0
Metazoa,0,4,0,0
Metazoa,0,4,0,0
Metazoa,0,4,0,0
Metazoa,4,0,0,0
Metazoa,0,4,0,0
Metazoa,0,4,0,0
Metazoa,0,4,0,0
Metazoa,0,4,0,0
Metazoa,0,0,4,0
Metazoa,4,0,0,0
Fungi,4,0,0,0
Fungi,0,0,4,0
Fungi,0,0,4,0
Fungi,0,0,4,0
Fungi,0,0,4,0
Fungi,0,0,4,0
Fungi,0,0,0,4
Trachelomonas,0,0,4,0
Chaetonotus,0,0,0,4
Spongomonadidae,4,0,0,0
Euglenaceae,4,0,0,0
Chaetonotidae,4,0,0,0
Insecta,0,0,4,0
Phyllocladus,0,0,0,4
Juncus,0,0,0,4
Eurotatoria,0,0,0,4
Tubificinae,4,0,0,0
Lumbricinae,0,4,0,0
Ilyodrilus_templetoni,0,0,4,0
Dero_obtusa,0,0,0,4
Dero_digitata,0,0,0,4
Proteobacteria,0,0,5,0
Proteobacteria,0,5,0,0
Firmicutes,5,0,0,0
Firmicutes,0,0,5,0
Bacteroidetes,0,0,5,0
Actinobacteria,0,0,5,0
Rhodospirillales,0,0,0,5
Bacteroidales,0,0,5,0
Sphingomonas,0,5,0,0
Novosphingobium,0,5,0,0
Novosphingobium,5,0,0,0
Holophaga,0,0,5,0
Lachnospiraceae,0,0,0,5
Flavobacteriaceae,0,5,0,0
Crocinitomicaceae,5,0,0,0
Clostridiaceae,5,0,0,0
Chitinophagaceae,5,0,0,0
Caulobacteraceae,0,5,0,0
Gammaproteobacteria,0,0,0,5
Gammaproteobacteria,5,0,0,0
Betaproteobacteria,5,0,0,0
Zosterops_lateralis,0,5,0,0
Emberiza_citrinella,0,0,5,0
Dexiostoma,5,0,0,0
Cyclopoida,0,0,5,0
Cryptomonas,0,0,0,5
Cryptomonadaceae,0,0,5,0
Fragilariophycidae,0,0,5,0
Fragilariophycidae,0,0,0,5
Nitzschia_palea,0,0,5,0
Nitzschia_acidoclinata,5,0,0,0
Gobiomorphus,5,0,0,0
Stenostomum,0,0,5,0
Stigeoclonium,5,0,0,0
Ulvophyceae,0,0,5,0
Chlorophyceae,5,0,0,0
Pedinellales,5,0,0,0
unclassified_stramenopiles,5,0,0,0
Rattus_norvegicus,0,0,5,0
Bos_taurus,5,0,0,0
Ciliophora,0,0,5,0
Chordata,0,5,0,0
Chordata,0,5,0,0
Chordata,0,5,0,0
Chordata,0,5,0,0
Chordata,5,0,0,0
Chordata,5,0,0,0
Chordata,0,0,5,0
Chordata,0,0,0,5
Chordata,0,0,5,0
Chordata,5,0,0,0
Chordata,0,0,0,5
Chordata,0,5,0,0
Chordata,0,5,0,0
Chordata,0,5,0,0
Chordata,0,0,0,5
Chordata,0,5,0,0
Chordata,0,5,0,0
Chordata,0,5,0,0
Chlorophyta,5,0,0,0
Cercozoa,5,0,0,0
Euglenales,0,0,5,0
Euglenales,0,5,0,0
root,5,0,0,0
root,0,0,5,0
root,5,0,0,0
root,5,0,0,0
root,0,5,0,0
root,0,5,0,0
root,0,5,0,0
root,5,0,0,0
root,0,5,0,0
root,5,0,0,0
root,5,0,0,0
root,0,0,0,5
root,5,0,0,0
root,0,5,0,0
root,0,5,0,0
root,0,0,5,0
root,5,0,0,0
root,0,0,5,0
root,5,0,0,0
root,5,0,0,0
root,0,5,0,0
root,5,0,0,0
root,5,0,0,0
root,0,5,0,0
root,5,0,0,0
root,5,0,0,0
root,0,5,0,0
root,5,0,0,0
root,5,0,0,0
root,0,0,5,0
root,0,0,5,0
root,0,5,0,0
root,0,0,5,0
root,5,0,0,0
root,0,0,5,0
root,0,0,5,0
root,0,0,5,0
root,0,0,5,0
root,5,0,0,0
root,5,0,0,0
root,0,5,0,0
root,0,0,5,0
root,0,0,5,0
root,0,0,5,0
root,0,0,0,5
root,0,0,0,5
root,0,0,5,0
root,0,0,5,0
root,0,0,5,0
root,5,0,0,0
root,0,0,0,5
root,0,0,5,0
root,5,0,0,0
root,5,0,0,0
root,5,0,0,0
root,5,0,0,0
root,0,0,0,5
root,0,0,0,5
root,0,0,5,0
root,0,5,0,0
root,0,5,0,0
root,0,5,0,0
root,0,5,0,0
root,0,5,0,0
root,0,5,0,0
root,5,0,0,0
root,0,0,5,0
root,0,0,0,5
root,0,0,5,0
root,0,5,0,0
root,0,5,0,0
root,0,5,0,0
root,0,0,5,0
root,0,5,0,0
root,0,5,0,0
root,0,5,0,0
root,0,0,5,0
root,0,0,5,0
root,0,0,5,0
root,0,5,0,0
root,0,0,5,0
root,0,5,0,0
root,0,0,0,5
root,0,5,0,0
root,0,5,0,0
root,0,0,0,5
root,0,0,0,5
root,0,0,0,5
root,0,5,0,0
root,0,5,0,0
root,0,5,0,0
Viridiplantae,0,5,0,0
Metazoa,0,0,5,0
Metazoa,0,5,0,0
Metazoa,5,0,0,0
Metazoa,5,0,0,0
Metazoa,5,0,0,0
Metazoa,0,5,0,0
Metazoa,0,5,0,0
Metazoa,5,0,0,0
Metazoa,0,0,5,0
Metazoa,5,0,0,0
Metazoa,0,0,5,0
Metazoa,0,0,5,0
Metazoa,0,0,0,5
Metazoa,0,0,0,5
Metazoa,0,0,0,5
Metazoa,0,0,0,5
Metazoa,0,5,0,0
Metazoa,0,5,0,0
Metazoa,0,5,0,0
Metazoa,0,5,0,0
Metazoa,0,5,0,0
Fungi,0,5,0,0
Fungi,5,0,0,0
Fungi,0,0,5,0
Fungi,0,0,0,5
Fungi,5,0,0,0
Bodo,0,5,0,0
Euglenaceae,0,5,0,0
Chaetonotidae,0,0,5,0
Mammalia,0,0,5,0
Ranunculoideae,0,5,0,0
Caryophyllales,0,0,0,5
Eurotatoria,5,0,0,0
Parisotoma,0,0,5,0
Lumbriculidae,5,0,0,0
Clitellata,0,0,5,0
Proteobacteria,0,0,6,0
Proteobacteria,0,0,0,6
Proteobacteria,0,0,6,0
Planctomycetes,0,0,6,0
Planctomycetes,0,0,6,0
Firmicutes,0,0,0,6
Bacteroidetes,0,0,0,6
Bacteroidetes,0,0,6,0
Bacteroidetes,0,0,0,6
Bacteroidetes,0,0,6,0
Bacteroidetes,6,0,0,0
Eubacteriales,6,0,0,0
Actinomycetales,0,0,6,0
Roseiarcus,0,0,0,6
Oscillibacter,0,0,6,0
Marinoscillum,6,0,0,0
Clostridium,6,0,0,0
Aquicella,0,0,6,0
Acetobacteroides,6,0,0,0
Treponemataceae,6,0,0,0
Sphingomonadaceae,6,0,0,0
Rhodocyclaceae,6,0,0,0
Erythrobacteraceae,0,6,0,0
Desulfobulbaceae,0,0,0,6
Desulfobacteraceae,0,0,0,6
Azospirillaceae,6,0,0,0
Gammaproteobacteria,0,6,0,0
Gammaproteobacteria,0,6,0,0
Epsilonproteobacteria,0,0,0,6
Cytophagia,6,0,0,0
Clostridia,0,0,6,0
Alphaproteobacteria,0,0,6,0
Circus_approximans,0,0,0,6
Carduelis,6,0,0,0
Stichotrichia,6,0,0,0
Hymenostomatida,0,0,6,0
Vorticella,6,0,0,0
Coleps,0,0,6,0
Placidae,0,0,6,0
Litostomatea,0,0,0,6
Craspedacusta_sowerbii,0,0,0,6
Hexanauplia,0,0,6,0
Cryptomonas,6,0,0,0
Cryptomonas,0,0,6,0
Bacillariophyceae,0,0,6,0
Ulotrichales,6,0,0,0
Wislouchiella,0,0,6,0
Hazenia,0,0,6,0
Gonium,0,0,0,6
Chlamydomonas,6,0,0,0
Chlamydomonadaceae,0,6,0,0
Chlorophyceae,0,0,0,6
Oomycota,0,0,6,0
Bacillariophyta,0,0,6,0
Chrysophyceae,0,0,0,6
Lepidoptera,6,0,0,0
Limnophyes,0,6,0,0
Aphididae,0,0,0,6
Canis_lupus_familiaris,0,0,6,0
Sus_scrofa,6,0,0,0
Euglenozoa,0,0,6,0
Ciliophora,6,0,0,0
Ciliophora,0,0,6,0
Chordata,6,0,0,0
Chordata,0,6,0,0
Chordata,6,0,0,0
Chordata,6,0,0,0
Chordata,6,0,0,0
Chordata,6,0,0,0
Chordata,6,0,0,0
Chordata,0,0,6,0
Chordata,6,0,0,0
Chordata,6,0,0,0
Chordata,0,0,6,0
Chordata,0,0,6,0
Chordata,6,0,0,0
Chordata,6,0,0,0
Chordata,6,0,0,0
Chordata,0,0,0,6
Chordata,0,0,0,6
Chordata,0,6,0,0
Chordata,0,6,0,0
Chordata,0,6,0,0
Chordata,0,6,0,0
Chordata,0,6,0,0
Arthropoda,0,0,6,0
Arthropoda,0,0,6,0
root,0,6,0,0
root,6,0,0,0
root,0,0,0,6
root,6,0,0,0
root,0,6,0,0
root,0,0,6,0
root,0,0,6,0
root,6,0,0,0
root,0,0,0,6
root,0,0,0,6
root,6,0,0,0
root,6,0,0,0
root,0,0,6,0
root,0,6,0,0
root,0,0,6,0
root,6,0,0,0
root,6,0,0,0
root,6,0,0,0
root,0,0,6,0
root,0,0,6,0
root,0,6,0,0
root,0,6,0,0
root,6,0,0,0
root,6,0,0,0
root,6,0,0,0
root,0,0,6,0
root,0,0,0,6
root,0,0,6,0
root,0,0,6,0
root,0,6,0,0
root,0,0,6,0
root,6,0,0,0
root,6,0,0,0
root,0,0,6,0
root,0,0,6,0
root,6,0,0,0
root,0,6,0,0
root,0,0,0,6
root,6,0,0,0
root,0,0,6,0
root,6,0,0,0
root,0,0,6,0
root,0,0,6,0
root,0,0,0,6
root,0,0,6,0
root,0,0,6,0
root,0,0,6,0
root,6,0,0,0
root,0,0,6,0
root,0,0,0,6
root,0,0,0,6
root,0,0,6,0
root,0,0,6,0
root,6,0,0,0
root,0,6,0,0
root,0,0,0,6
root,0,0,0,6
root,0,0,0,6
root,0,0,0,6
root,0,0,6,0
root,0,0,6,0
root,0,0,0,6
root,0,0,0,6
root,0,0,0,6
root,0,0,0,6
root,0,0,0,6
root,0,0,6,0
root,0,0,6,0
root,0,0,6,0
root,0,0,6,0
root,0,0,6,0
root,0,0,6,0
root,0,0,6,0
root,0,0,6,0
root,0,0,6,0
root,0,0,6,0
root,6,0,0,0
root,6,0,0,0
root,6,0,0,0
root,0,0,0,6
root,0,0,0,6
root,0,0,0,6
root,0,0,0,6
root,0,0,6,0
root,0,0,6,0
root,0,0,6,0
root,0,0,0,6
root,0,0,0,6
root,0,0,0,6
root,0,0,6,0
root,6,0,0,0
root,0,0,0,6
root,0,0,6,0
root,6,0,0,0
root,0,0,6,0
root,0,0,6,0
root,0,0,6,0
root,0,0,6,0
root,0,6,0,0
root,0,0,6,0
root,0,0,6,0
root,0,0,6,0
root,0,0,6,0
root,0,6,0,0
root,0,6,0,0
root,0,6,0,0
root,0,0,6,0
root,0,6,0,0
root,0,0,6,0
root,0,0,0,6
root,0,0,0,6
root,0,6,0,0
root,0,6,0,0
root,0,6,0,0
root,0,6,0,0
root,0,6,0,0
root,0,6,0,0
root,0,6,0,0
root,0,6,0,0
root,0,6,0,0
root,0,6,0,0
root,0,6,0,0
Viridiplantae,6,0,0,0
Metazoa,6,0,0,0
Metazoa,6,0,0,0
Metazoa,0,0,6,0
Metazoa,0,0,0,6
Metazoa,0,6,0,0
Metazoa,0,0,6,0
Metazoa,6,0,0,0
Metazoa,6,0,0,0
Metazoa,0,6,0,0
Metazoa,0,0,0,6
Metazoa,0,0,0,6
Metazoa,0,0,6,0
Metazoa,0,0,6,0
Metazoa,0,0,6,0
Metazoa,0,0,0,6
Metazoa,0,0,0,6
Metazoa,0,0,0,6
Metazoa,6,0,0,0
Metazoa,6,0,0,0
Metazoa,6,0,0,0
Metazoa,0,0,6,0
Metazoa,0,0,6,0
Metazoa,0,0,6,0
Metazoa,0,0,6,0
Metazoa,0,0,6,0
Metazoa,0,0,6,0
Metazoa,0,6,0,0
Metazoa,0,6,0,0
Metazoa,0,6,0,0
Metazoa,0,0,0,6
Metazoa,6,0,0,0
Metazoa,0,6,0,0
Metazoa,0,6,0,0
Metazoa,0,6,0,0
Fungi,6,0,0,0
Trachelomonas,0,6,0,0
Insecta,0,0,6,0
Euglenida,0,0,6,0
Dinophyceae,0,0,0,6
Aves,6,0,0,0
Zingiberales,6,0,0,0
Myrtales,0,6,0,0
Ulex,0,0,0,6
Glycine,6,0,0,0
Magnoliopsida,0,0,0,6
Synchaeta,0,6,0,0
Eurotatoria,6,0,0,0
Limnodrilus_udekemianus,0,0,0,6
Henlea_ventriculosa,6,0,0,0
Naididae,6,0,0,0
Megascolecidae,0,0,6,0
Ranoidea_aurea,0,0,7,0
Proteobacteria,0,0,7,0
Thiothrix,0,0,7,0
Erwiniaceae,0,7,0,0
Caulobacteraceae,0,0,0,7
Turdus_merula,0,0,7,0
Metopida,7,0,0,0
Vorticellidae,7,0,0,0
Tetrahymenidae,0,0,7,0
Spirotrichea,0,0,7,0
Cryptomonas,0,0,7,0
Bovidae,0,0,7,0
Ciliophora,0,0,7,0
Ciliophora,7,0,0,0
Ciliophora,0,0,7,0
Ciliophora,7,0,0,0
Chordata,0,7,0,0
Chordata,0,0,0,7
Chordata,0,7,0,0
Chordata,0,0,7,0
Chordata,0,0,0,7
Chordata,7,0,0,0
Chordata,0,0,7,0
Chordata,7,0,0,0
Chordata,7,0,0,0
Chordata,0,0,0,7
Chordata,0,7,0,0
Chordata,0,7,0,0
Chordata,0,7,0,0
Chordata,0,7,0,0
Chordata,0,7,0,0
Chordata,0,7,0,0
Chordata,0,7,0,0
Euglenales,0,0,7,0
root,0,7,0,0
root,0,0,7,0
root,7,0,0,0
root,0,0,7,0
root,0,0,7,0
root,0,7,0,0
root,0,7,0,0
root,7,0,0,0
root,7,0,0,0
root,7,0,0,0
root,0,7,0,0
root,0,0,7,0
root,0,0,0,7
root,0,7,0,0
root,0,0,0,7
root,0,0,0,7
root,7,0,0,0
root,0,7,0,0
root,0,0,7,0
root,0,0,7,0
root,0,0,7,0
root,7,0,0,0
root,0,0,7,0
root,0,0,0,7
root,0,7,0,0
root,0,7,0,0
root,0,0,7,0
root,0,0,7,0
root,0,7,0,0
root,0,0,0,7
root,0,0,0,7
root,7,0,0,0
root,0,7,0,0
root,0,0,0,7
root,7,0,0,0
root,0,7,0,0
root,0,0,0,7
root,0,0,0,7
Metazoa,0,7,0,0
Metazoa,7,0,0,0
Metazoa,0,0,7,0
Metazoa,0,0,0,7
Metazoa,0,7,0,0
Metazoa,0,7,0,0
Metazoa,0,7,0,0
Fungi,0,7,0,0
Alphamonas,0,7,0,0
Chaetonotidae,7,0,0,0
Chaetonotidae,7,0,0,0
Insecta,0,0,7,0
Actinopteri,0,0,0,7
Actinopteri,0,0,0,7
Carex_subgen_Uncinia,0,7,0,0
Ploima,7,0,0,0
Naidinae,7,0,0,0
Henlea_perpusilla,0,0,7,0
Naididae,7,0,0,0
Arcella,8,0,0,0
Proteobacteria,0,0,8,0
Firmicutes,0,0,8,0
Bacteroidetes,0,0,0,8
Eubacteriales,8,0,0,0
Desulfuromonadales,0,8,0,0
Emticicia,8,0,0,0
Aeromonas,0,0,8,0
Spirochaetaceae,0,0,0,8
Nocardioidaceae,0,8,0,0
Microbacteriaceae,0,0,8,0
Ilumatobacteraceae,0,0,0,8
Bacillaceae,0,0,8,0
Acetobacteraceae,0,0,0,8
Planctomycetia,0,0,8,0
Negativicutes,0,0,0,8
Gammaproteobacteria,0,0,0,8
Deltaproteobacteria,0,0,8,0
Cytophagia,0,0,8,0
Clostridia,0,0,0,8
Actinomycetia,0,0,0,8
Todiramphus_sanctus_vagans,0,8,0,0
Fringilla_coelebs,0,4,0,4
Anas_platyrhynchos,0,8,0,0
Tintinnidae,0,0,0,8
Spirotrichea,0,0,0,8
Armophorea,0,0,8,0
Simocephalus,8,0,0,0
Branchiopoda,0,0,8,0
Cryptomonas,0,0,0,8
Cryptomonadaceae,8,0,0,0
Nitzschia,4,4,0,0
Oncorhynchus,0,0,8,0
Chlamydomonadales,0,0,8,0
Dangeardinia,0,8,0,0
Chlorophyceae,8,0,0,0
Poteriospumella_sp,8,0,0,0
Bacillariophyta,8,0,0,0
Mallomonadaceae,0,0,0,8
Smittia,0,0,8,0
Caprinae,0,0,0,8
Equus_caballus,0,0,0,8
Streptophyta,0,0,0,8
Ciliophora,0,0,8,0
Chordata,0,0,8,0
Chordata,0,0,8,0
Chordata,0,0,0,8
Chordata,0,0,8,0
Chordata,8,0,0,0
Chordata,0,8,0,0
Chordata,0,0,0,8
Chordata,0,8,0,0
Chordata,0,8,0,0
Chlorophyta,8,0,0,0
Chlorophyta,0,0,8,0
Arthropoda,0,0,4,4
root,8,0,0,0
root,0,0,8,0
root,0,0,0,8
root,8,0,0,0
root,8,0,0,0
root,8,0,0,0
root,8,0,0,0
root,0,0,0,8
root,8,0,0,0
root,8,0,0,0
root,8,0,0,0
root,4,0,4,0
root,4,0,0,4
root,8,0,0,0
root,8,0,0,0
root,0,0,8,0
root,0,4,4,0
root,0,0,8,0
root,8,0,0,0
root,8,0,0,0
root,0,0,0,8
root,0,8,0,0
root,8,0,0,0
root,8,0,0,0
root,0,0,8,0
root,0,0,0,8
root,0,0,8,0
root,0,0,8,0
root,0,0,8,0
root,0,0,8,0
root,0,0,8,0
root,0,0,8,0
root,0,0,8,0
root,0,0,0,8
root,0,0,0,8
root,0,0,8,0
root,8,0,0,0
root,0,0,8,0
root,0,0,8,0
root,0,0,8,0
root,8,0,0,0
root,0,0,0,8
root,0,0,0,8
root,0,0,8,0
root,8,0,0,0
root,0,0,0,8
root,0,0,0,8
root,0,0,0,8
root,0,0,8,0
root,0,0,8,0
root,0,0,8,0
root,8,0,0,0
root,8,0,0,0
root,0,8,0,0
root,0,8,0,0
root,0,0,8,0
root,0,8,0,0
root,0,0,8,0
root,0,8,0,0
root,0,8,0,0
root,0,0,8,0
root,0,0,0,8
root,0,8,0,0
root,0,0,0,8
root,0,8,0,0
root,0,8,0,0
root,0,8,0,0
Viridiplantae,0,0,8,0
Metazoa,8,0,0,0
Metazoa,0,8,0,0
Metazoa,0,0,8,0
Metazoa,0,0,8,0
Metazoa,8,0,0,0
Metazoa,8,0,0,0
Metazoa,0,0,8,0
Metazoa,0,0,0,8
Metazoa,0,0,0,8
Metazoa,0,0,0,8
Metazoa,0,0,0,8
Metazoa,0,0,0,8
Metazoa,0,0,0,8
Metazoa,0,0,8,0
Metazoa,0,0,8,0
Metazoa,0,0,8,0
Metazoa,0,0,8,0
Metazoa,0,0,0,8
Metazoa,0,0,0,8
Metazoa,0,8,0,0
Metazoa,0,8,0,0
Metazoa,0,8,0,0
Fungi,0,0,0,8
Fungi,0,8,0,0
Strombomonas,0,0,0,8
Phacus,8,0,0,0
Euglenaceae,8,0,0,0
Persicaria,0,0,0,8
Brassica,0,0,8,0
Brassicaceae,0,0,8,0
Ploima,0,0,0,8
Isotomurus_palustris,0,0,8,0
Chaetogaster_diastrophus,0,0,4,4
Micrococcales,0,0,9,0
Telmatobacter,0,0,0,9
Solibacteraceae,0,0,0,9
Oxalobacteraceae,0,0,0,9
Microbacteriaceae,0,9,0,0
Comamonadaceae,9,0,0,0
Gammaproteobacteria,4,0,5,0
Gammaproteobacteria,0,9,0,0
Chitinophagia,0,0,9,0
Betaproteobacteria,0,9,0,0
Actinomycetia,0,0,9,0
Turdus_philomelos,9,0,0,0
Tetmemena,9,0,0,0
Spirotrichea,0,0,9,0
Cryptomonas,0,9,0,0
Cryptomonas,0,0,9,0
Cryptomonas,9,0,0,0
Gobiomorphus_basalis,0,0,0,9
Chlamydomonadales,0,0,9,0
unclassified_Oedogonium,9,0,0,0
Chlorophyceae,0,0,9,0
Felis,9,0,0,0
Pythiaceae,0,0,9,0
Ciliophora,9,0,0,0
Ciliophora,0,0,0,9
Chordata,0,9,0,0
Chordata,0,9,0,0
Chordata,0,0,9,0
Chordata,0,0,9,0
Chordata,9,0,0,0
Chordata,0,9,0,0
Euglenales,0,9,0,0
root,0,9,0,0
root,0,9,0,0
root,0,4,0,5
root,0,0,9,0
root,0,0,0,9
root,0,9,0,0
root,4,5,0,0
root,0,9,0,0
root,0,0,9,0
root,0,0,0,9
root,0,0,0,9
root,0,0,9,0
root,0,0,0,9
root,0,0,0,9
root,0,0,0,9
root,0,0,9,0
root,0,0,9,0
root,0,0,9,0
root,0,0,4,5
root,0,0,9,0
root,0,0,4,5
root,9,0,0,0
root,0,0,0,9
root,0,0,5,4
root,0,0,0,9
root,9,0,0,0
root,9,0,0,0
root,0,9,0,0
root,0,9,0,0
root,0,9,0,0
root,0,0,0,9
root,0,9,0,0
root,0,9,0,0
Metazoa,0,0,9,0
Metazoa,0,9,0,0
Metazoa,0,0,0,9
Metazoa,0,0,0,9
Metazoa,0,0,9,0
Metazoa,0,0,0,9
Metazoa,9,0,0,0
Metazoa,0,0,5,4
Metazoa,0,9,0,0
Insecta,0,0,9,0
Rosoideae,9,0,0,0
Lamiales,0,9,0,0
Rotaria_rotatoria,9,0,0,0
Bacteroidetes,0,0,0,10
Bacteroidetes,0,0,0,10
Actinobacteria,0,0,0,10
Rhodospirillales,0,0,0,10
Flavobacteriales,0,0,10,0
Burkholderiales,0,10,0,0
Romboutsia,0,0,6,4
Methylobacterium,0,0,10,0
Labilithrix,0,0,0,10
Spirochaetaceae,0,5,0,5
Bacteroidaceae,0,0,0,10
Gammaproteobacteria,10,0,0,0
Prunella_modularis,0,0,10,0
Hymenostomatida,0,0,10,0
unclassified_Chaenea,0,0,10,0
Strobilidiidae,0,0,0,10
Oxytrichidae,10,0,0,0
Spirotrichea,0,0,10,0
Oedogonium_sp_Lake_Mendota,0,0,10,0
unclassified_Oedogonium,10,0,0,0
Pedinellales,10,0,0,0
Bigyra,0,0,0,10
Spumella_like_flagellate_JB,0,10,0,0
Diptera,0,0,10,0
Cervus_elaphus,0,0,10,0
Capra_hircus,0,0,0,10
Ciliophora,10,0,0,0
Chordata,10,0,0,0
Chordata,0,0,10,0
Chordata,0,0,10,0
Chordata,10,0,0,0
Chordata,10,0,0,0
Chordata,0,0,10,0
Chordata,0,10,0,0
Chordata,0,10,0,0
Chordata,0,10,0,0
Chlorophyta,0,10,0,0
Neobodonida,0,0,0,10
root,10,0,0,0
root,10,0,0,0
root,10,0,0,0
root,0,0,10,0
root,0,0,10,0
root,0,10,0,0
root,0,10,0,0
root,10,0,0,0
root,0,0,10,0
root,10,0,0,0
root,10,0,0,0
root,10,0,0,0
root,10,0,0,0
root,10,0,0,0
root,0,0,0,10
root,10,0,0,0
root,0,10,0,0
root,0,10,0,0
root,0,0,0,10
root,0,0,0,10
root,0,0,10,0
root,0,0,10,0
root,0,0,10,0
root,0,0,0,10
root,5,0,0,5
root,0,0,0,10
root,0,0,10,0
root,0,0,10,0
root,0,0,0,10
root,10,0,0,0
root,0,0,10,0
root,0,0,10,0
root,0,0,0,10
root,0,0,0,10
root,0,0,0,10
root,0,0,0,10
root,0,0,0,10
root,0,0,0,10
root,0,0,0,10
root,0,0,10,0
root,0,0,10,0
root,0,0,0,10
root,0,0,0,10
root,0,0,10,0
root,0,0,0,10
root,0,0,10,0
root,0,0,10,0
root,10,0,0,0
root,0,0,0,10
root,0,10,0,0
root,0,10,0,0
root,0,10,0,0
root,0,10,0,0
root,0,10,0,0
root,0,10,0,0
root,0,10,0,0
root,0,0,10,0
root,0,0,10,0
root,0,10,0,0
root,0,0,0,10
root,0,10,0,0
root,0,10,0,0
Viridiplantae,0,10,0,0
Viridiplantae,0,0,10,0
Metazoa,4,0,6,0
Metazoa,10,0,0,0
Metazoa,10,0,0,0
Metazoa,0,5,5,0
Metazoa,0,0,10,0
Metazoa,0,0,0,10
Metazoa,0,0,10,0
Metazoa,0,0,0,10
Metazoa,0,0,0,10
Metazoa,0,0,10,0
Metazoa,0,0,10,0
Metazoa,0,0,0,10
Metazoa,10,0,0,0
Metazoa,0,10,0,0
Metazoa,0,10,0,0
Fungi,0,0,10,0
Salpingoecidae,0,0,0,10
Chaetonotidae,0,0,10,0
Embryophyta,0,0,10,0
Galegeae,0,10,0,0
Cyperoideae,0,10,0,0
Carex,0,0,0,10
Poaceae,0,0,10,0
Lamiaceae,0,0,0,10
Geraniaceae,0,0,0,10
Cyatheaceae,0,10,0,0
Apiaceae,0,0,0,10
Marionina_filiformis,0,10,0,0
Enchytraeus_buchholzi_complex_sp_2_MK_2019,0,10,0,0
Chaetogaster_diastrophus,0,0,0,10
Lumbriculidae,10,0,0,0
Sorangiineae,0,4,7,0
Proteobacteria,5,0,0,6
Firmicutes,11,0,0,0
Firmicutes,0,0,0,11
Prevotella,6,0,5,0
Prolixibacteraceae,0,0,0,11
Meleagris_gallopavo,0,0,0,11
Plumatella,0,0,0,11
Protocyclidium,0,0,11,0
Simocephalus,11,0,0,0
Cryptomonas,11,0,0,0
Chytridiomycetes,0,0,11,0
Chlorophyceae,0,0,11,0
unclassified_Oikomonas,11,0,0,0
Chordata,11,0,0,0
Chordata,0,0,0,11
Chordata,11,0,0,0
Chordata,0,11,0,0
Chordata,0,11,0,0
root,11,0,0,0
root,11,0,0,0
root,0,11,0,0
root,0,11,0,0
root,0,11,0,0
root,11,0,0,0
root,11,0,0,0
root,0,11,0,0
root,0,11,0,0
root,0,11,0,0
root,0,0,0,11
root,0,0,0,11
root,0,0,11,0
root,0,0,0,11
root,0,0,0,11
root,0,0,0,11
root,0,0,0,11
root,0,11,0,0
root,0,0,0,11
root,0,11,0,0
root,0,11,0,0
Metazoa,0,11,0,0
Metazoa,0,11,0,0
Metazoa,0,11,0,0
Isachne_globosa,0,0,11,0
Geranium,0,0,11,0
Betula,11,0,0,0
Malvaceae,0,11,0,0
Proteobacteria,0,0,12,0
Actinobacteria,0,0,0,12
Hyphomicrobiales,7,0,0,5
Sulfuricurvum,12,0,0,0
Nocardioides,12,0,0,0
Lysinimonas,0,0,0,12
Flavobacterium,0,12,0,0
Diaminobutyricimonas,0,0,0,12
Hyphomicrobiaceae,0,0,0,12
Chlorobiaceae,12,0,0,0
Betaproteobacteria,0,12,0,0
Lobochlamys_segnis,0,0,12,0
Chlamydomonadales,12,0,0,0
Nephroselmis,0,0,12,0
unclassified_stramenopiles,12,0,0,0
Chrysophyceae,12,0,0,0
Pythiales,0,12,0,0
Oomycota_incertae_sedis,12,0,0,0
Ciliophora,12,0,0,0
Ciliophora,0,0,12,0
Chordata,0,0,0,12
Chordata,0,12,0,0
Chordata,12,0,0,0
Chordata,0,0,12,0
Chordata,12,0,0,0
Chordata,0,0,0,12
Chordata,0,0,12,0
Chordata,0,12,0,0
Chlorophyta,0,0,12,0
Chlorophyta,0,0,12,0
root,12,0,0,0
root,12,0,0,0
root,0,0,0,12
root,12,0,0,0
root,0,12,0,0
root,0,12,0,0
root,0,0,4,8
root,0,0,12,0
root,0,0,12,0
root,0,0,12,0
root,0,0,12,0
root,12,0,0,0
root,12,0,0,0
root,0,0,12,0
root,0,0,0,12
root,12,0,0,0
root,0,12,0,0
root,12,0,0,0
root,0,0,12,0
root,0,0,12,0
root,0,12,0,0
root,0,0,12,0
root,0,0,0,12
root,0,0,0,12
root,0,0,6,6
root,0,0,0,12
root,0,0,12,0
root,0,12,0,0
root,0,0,0,12
root,0,0,0,12
root,0,0,12,0
root,0,0,0,12
root,0,0,0,12
root,0,0,0,12
root,0,0,12,0
root,0,0,12,0
root,0,0,12,0
root,0,0,0,12
root,0,0,4,8
root,0,12,0,0
root,0,12,0,0
root,0,12,0,0
root,0,12,0,0
root,0,12,0,0
Metazoa,0,0,12,0
Metazoa,12,0,0,0
Metazoa,0,12,0,0
Metazoa,12,0,0,0
Metazoa,0,0,12,0
Metazoa,0,0,12,0
Metazoa,12,0,0,0
Fungi,6,0,6,0
Monomorphina,12,0,0,0
Insecta,0,0,12,0
Insecta,12,0,0,0
Apioideae,0,0,6,6
Sison_amomum,0,0,0,12
Pinopsida,0,0,12,0
Ploima,0,0,12,0
Eurotatoria,0,0,12,0
Lumbricus_rubellus,12,0,0,0
Acidobacteriaceae,0,0,0,13
Acetobacteraceae,0,0,0,13
Gammaproteobacteria,0,0,13,0
Tintinnida,0,0,0,13
Ameiurus,0,0,13,0
Wislouchiella,0,0,13,0
Chlamydomonas,0,13,0,0
Chlorococcaceae,0,13,0,0
Chlorophyceae,0,13,0,0
Bicosoecidae,0,13,0,0
Sciaridae,0,0,13,0
Chordata,0,13,0,0
Chordata,0,13,0,0
Chordata,0,13,0,0
Chordata,0,13,0,0
Chordata,0,0,13,0
Chordata,0,0,0,13
Chordata,0,0,7,6
Chordata,0,13,0,0
root,13,0,0,0
root,5,0,8,0
root,0,0,13,0
root,0,0,13,0
root,7,6,0,0
root,0,0,13,0
root,0,13,0,0
root,0,13,0,0
root,0,0,13,0
root,0,13,0,0
root,0,0,13,0
root,0,0,13,0
root,0,0,0,13
root,0,0,8,5
root,0,0,13,0
root,0,0,13,0
root,13,0,0,0
root,13,0,0,0
root,13,0,0,0
root,0,0,0,13
Metazoa,0,13,0,0
Metazoa,13,0,0,0
Metazoa,0,0,13,0
Metazoa,0,0,8,5
Metazoa,0,13,0,0
Metazoa,0,13,0,0
Phacus,0,0,13,0
Blechnoideae,0,13,0,0
Potentilla,5,0,0,8
campanulids,0,0,0,13
Ploima,0,0,13,0
Keratella,0,0,0,13
Amynthas_corticis,0,9,0,4
Bacteroidetes,0,0,14,0
Pirellulaceae,0,0,14,0
Eubacteriales_Family_XIII_Incertae_Sedis,0,0,14,0
Acetobacteraceae,6,8,0,0
Negativicutes,0,0,14,0
Gammaproteobacteria,0,0,14,0
Tetrahymena,0,0,14,0
Tetmemena,14,0,0,0
Coleps,14,0,0,0
Colepidae,14,0,0,0
Chydorus_brevilabris,0,0,14,0
Chlamydomonadales,0,0,14,0
Chlamydomonas,14,0,0,0
Scotinosphaeraceae,14,0,0,0
Chlorophyceae,14,0,0,0
Oomycota,0,0,14,0
Pedinellales,6,8,0,0
Ochrophyta,14,0,0,0
Streptophyta,0,0,0,14
Ciliophora,14,0,0,0
Ciliophora,0,0,0,14
Chordata,0,0,14,0
Chordata,0,0,14,0
Chordata,0,14,0,0
Chordata,0,14,0,0
Chlorophyta,0,0,0,14
root,0,0,14,0
root,14,0,0,0
root,14,0,0,0
root,0,14,0,0
root,0,0,14,0
root,14,0,0,0
root,0,0,10,4
root,0,0,0,14
root,0,0,14,0
root,14,0,0,0
root,0,14,0,0
root,0,0,14,0
root,0,0,14,0
root,0,0,14,0
root,0,0,14,0
root,0,0,0,14
root,0,0,9,5
root,0,0,0,14
root,0,0,14,0
root,0,0,14,0
root,0,0,0,14
root,0,0,0,14
root,0,0,6,8
root,0,14,0,0
root,0,14,0,0
root,0,0,0,14
root,0,14,0,0
root,0,14,0,0
Metazoa,10,4,0,0
Metazoa,8,0,6,0
Metazoa,0,14,0,0
Metazoa,0,0,0,14
Metazoa,0,0,14,0
Metazoa,14,0,0,0
Metazoa,14,0,0,0
Phacus,14,0,0,0
Coleochaete,14,0,0,0
Insecta,14,0,0,0
Solanaceae,0,0,14,0
Eurotatoria,0,0,14,0
Chamaedrilus,4,0,10,0
Pseudolabrys,0,0,0,15
Acinetobacter,0,0,0,15
Chitinophagaceae,0,0,0,15
Hymenostomatida,0,0,15,0
Stentor,0,0,15,0
Vitreochlamys,0,15,0,0
Microglena,15,0,0,0
Oomycota,0,0,15,0
Chordata,15,0,0,0
Chordata,0,0,0,15
Chordata,15,0,0,0
Chordata,0,0,15,0
root,0,15,0,0
root,0,0,15,0
root,15,0,0,0
root,15,0,0,0
root,0,5,10,0
root,0,0,15,0
root,0,0,15,0
root,0,15,0,0
root,15,0,0,0
root,0,0,15,0
root,0,15,0,0
root,0,0,7,8
root,0,0,0,15
root,0,0,15,0
root,15,0,0,0
root,0,15,0,0
root,0,15,0,0
root,0,0,15,0
root,0,15,0,0
Metazoa,15,0,0,0
Metazoa,0,15,0,0
Metazoa,9,6,0,0
Metazoa,0,15,0,0
Metazoa,4,11,0,0
Metazoa,0,15,0,0
Fungi,0,15,0,0
Phacus,0,15,0,0
Nasturtium_officinale,0,0,15,0
Asparagales,0,0,15,0
Rubiaceae,15,0,0,0
Proteobacteria,0,0,0,16
Hyphomicrobiales,0,0,16,0
Shinella,16,0,0,0
Clostridium,16,0,0,0
Prolixibacteraceae,0,0,12,4
Legionellaceae,0,0,16,0
Ilumatobacteraceae,0,0,7,9
Bacteroidaceae,0,0,16,0
Phasianus,0,0,16,0
Cyclopidae,0,0,0,16
Stenostomum_leucops,0,0,16,0
Oomycota,0,0,16,0
Chrysophyceae,16,0,0,0
Peronosporaceae,0,0,16,0
Ciliophora,16,0,0,0
Chordata,0,4,12,0
Chordata,0,0,0,16
Chordata,16,0,0,0
Chordata,16,0,0,0
Chordata,0,16,0,0
Chordata,0,16,0,0
Chlorophyta,0,16,0,0
Euglenales,16,0,0,0
root,16,0,0,0
root,16,0,0,0
root,0,0,16,0
root,16,0,0,0
root,0,16,0,0
root,8,8,0,0
root,16,0,0,0
root,0,16,0,0
root,0,16,0,0
root,0,16,0,0
root,16,0,0,0
root,16,0,0,0
root,0,0,16,0
root,0,8,8,0
root,0,0,16,0
root,0,0,16,0
root,0,0,16,0
root,0,0,0,16
root,0,0,0,16
root,0,0,0,16
root,0,0,0,16
root,0,0,0,16
root,0,0,16,0
root,0,0,0,16
root,0,0,16,0
root,0,0,0,16
root,0,0,0,16
Viridiplantae,0,0,16,0
Metazoa,16,0,0,0
Metazoa,7,9,0,0
Metazoa,0,0,0,16
Metazoa,0,0,0,16
Metazoa,0,0,0,16
Fungi,0,0,16,0
Poeae,0,0,16,0
Pooideae,0,0,16,0
Chamaecyparis_lawsoniana,0,0,0,16
Juncus,0,0,4,12
Rubiaceae,16,0,0,0
Musaceae,0,16,0,0
Amaranthaceae,0,0,0,16
Clitellata,0,0,16,0
Bacteroidetes,17,0,0,0
Rhodobacteraceae,0,0,0,17
Gammaproteobacteria,0,0,17,0
Cytophagia,0,0,17,0
Hazenia,0,0,17,0
Penthaleidae_sp_Q091,0,0,17,0
Peronosporaceae,0,0,17,0
Ciliophora,0,0,0,17
Chordata,13,4,0,0
Chordata,0,0,17,0
Chordata,17,0,0,0
Chordata,0,0,17,0
Chordata,17,0,0,0
Chordata,0,17,0,0
Euglenales,0,17,0,0
root,17,0,0,0
root,17,0,0,0
root,0,17,0,0
root,17,0,0,0
root,17,0,0,0
root,17,0,0,0
root,0,17,0,0
root,6,11,0,0
root,0,17,0,0
root,0,0,0,17
root,0,0,5,12
root,0,0,17,0
root,0,0,0,17
root,0,17,0,0
Metazoa,0,17,0,0
Metazoa,0,0,7,10
Metazoa,17,0,0,0
Triticeae,0,0,17,0
Spergularia,17,0,0,0
Erodium,0,0,0,17
Magnoliopsida,0,0,17,0
Eurotatoria,17,0,0,0
Bacteroidetes,0,0,0,18
Bacteroidetes,12,0,6,0
Micrococcales,18,0,0,0
Sediminibacterium,0,0,0,18
Mycobacteriaceae,0,0,18,0
Lachnospiraceae,0,0,18,0
Acidobacteriaceae,0,0,0,18
Saprospiria,0,0,6,12
Anas,18,0,0,0
Cryptomonadaceae,0,0,18,0
Nitzschia,0,0,18,0
Gambusia_affinis,8,0,10,0
Oomycota,0,0,18,0
Cervus_elaphus,0,0,0,18
Chordata,0,0,0,18
Chlorophyta,18,0,0,0
Chlorophyta,0,0,0,18
root,14,0,4,0
root,0,18,0,0
root,0,10,8,0
root,18,0,0,0
root,4,0,14,0
root,0,0,18,0
root,18,0,0,0
root,0,18,0,0
root,5,0,13,0
root,18,0,0,0
root,0,18,0,0
root,0,7,11,0
root,0,0,8,10
root,0,0,18,0
root,0,0,0,18
root,0,0,4,14
root,0,0,18,0
root,0,0,14,4
root,0,0,18,0
root,0,0,0,18
root,0,0,18,0
root,0,0,0,18
root,0,0,18,0
root,0,0,0,18
root,0,0,0,18
root,0,18,0,0
root,0,18,0,0
root,0,18,0,0
Metazoa,0,18,0,0
Metazoa,18,0,0,0
Metazoa,0,0,18,0
Metazoa,0,18,0,0
Metazoa,18,0,0,0
Metazoa,0,0,0,18
Metazoa,0,0,0,18
Metazoa,0,18,0,0
Metazoa,0,18,0,0
Chaetonotidae,14,0,4,0
Chaetonotidae,18,0,0,0
Chaetonotidae,0,0,18,0
Eiseniella_tetraedra,7,11,0,0
Proteobacteria,19,0,0,0
Sphingomonadales,0,0,19,0
Nitrosomonadales,19,0,0,0
Spirochaetaceae,19,0,0,0
unclassified_Oikomonas,19,0,0,0
Peronosporaceae,0,0,19,0
Ciliophora,0,0,19,0
Chordata,19,0,0,0
Chordata,0,19,0,0
Chordata,0,0,0,19
Chordata,0,19,0,0
root,19,0,0,0
root,19,0,0,0
root,19,0,0,0
root,19,0,0,0
root,0,0,0,19
root,19,0,0,0
root,0,0,19,0
root,0,19,0,0
root,0,19,0,0
root,0,19,0,0
root,0,0,4,15
root,0,19,0,0
root,0,19,0,0
root,0,19,0,0
root,0,19,0,0
root,0,19,0,0
Metazoa,6,0,0,13
Metazoa,0,0,0,19
Metazoa,0,0,8,11
Metazoa,0,0,0,19
Phacus,0,19,0,0
Philodendron_cordatum,0,0,0,19
Actinobacteria,0,0,20,0
Reyranella,0,0,20,0
Thiotrichaceae,0,0,5,15
Sphingobacteriaceae,0,0,20,0
Gambusia_affinis,0,0,20,0
Chytridiomycota,0,0,20,0
Vitreochlamys,0,20,0,0
Scotinosphaeraceae,0,6,14,0
Phacotaceae,0,0,20,0
Xanthophyceae,0,0,20,0
Cervus_elaphus,0,0,0,20
Chordata,20,0,0,0
Chordata,20,0,0,0
Chordata,0,20,0,0
Chlorophyta,20,0,0,0
Chlorophyta,0,20,0,0
Euglenales,13,7,0,0
root,0,20,0,0
root,0,20,0,0
root,20,0,0,0
root,0,13,7,0
root,20,0,0,0
root,0,20,0,0
root,12,0,8,0
root,0,0,20,0
root,0,0,20,0
root,0,0,20,0
root,0,0,0,20
root,0,0,0,20
root,0,0,20,0
root,20,0,0,0
root,20,0,0,0
root,0,20,0,0
root,0,0,0,20
root,0,0,20,0
root,0,0,0,20
root,20,0,0,0
root,0,20,0,0
root,0,20,0,0
root,0,0,12,8
Metazoa,0,0,0,20
Metazoa,0,0,0,20
Metazoa,0,20,0,0
Petrosaviidae,0,20,0,0
Machaerina,0,0,0,20
Ploima,0,0,20,0
Ploima,20,0,0,0
Bacteroidetes,0,21,0,0
Phasianus_colchicus,0,0,21,0
Vitreochlamys,0,21,0,0
Chlorophyceae,0,0,0,21
Bos_taurus,0,0,15,6
Bos_taurus,0,0,14,7
Chordata,0,21,0,0
root,21,0,0,0
root,0,8,0,13
root,0,21,0,0
root,21,0,0,0
root,0,21,0,0
root,0,17,4,0
root,0,5,5,11
root,0,0,10,11
root,0,0,0,21
root,0,0,21,0
root,0,0,21,0
root,21,0,0,0
root,0,0,21,0
root,0,21,0,0
root,0,0,21,0
Veronica,0,21,0,0
Firmicutes,18,4,0,0
Chlamydiae,13,0,9,0
Crocinitomicaceae,0,0,12,10
Carduelis_carduelis,0,22,0,0
Anatidae,22,0,0,0
Litostomatea,0,0,22,0
Oncorhynchus_tshawytscha,0,22,0,0
Neochanna_diversus,14,0,8,0
Ameiurus_nebulosus,0,22,0,0
Chlorophyceae,0,0,0,22
Apoikiospumella_mondseeiensis,12,0,10,0
Oomycota,0,0,22,0
Chrysophyceae,17,5,0,0
Chrysophyceae,22,0,0,0
Bos_taurus,0,0,14,8
Diprotodontia,0,0,0,22
Ciliophora,0,0,15,7
Chordata,0,0,22,0
Chordata,0,0,22,0
Chordata,0,0,0,22
Chordata,0,0,0,22
Euglenales,0,22,0,0
root,22,0,0,0
root,22,0,0,0
root,0,0,22,0
root,0,0,6,16
root,0,0,17,5
root,0,22,0,0
root,0,0,22,0
root,14,8,0,0
root,22,0,0,0
root,0,8,6,8
root,13,9,0,0
root,0,22,0,0
root,0,0,22,0
root,0,0,22,0
root,0,0,22,0
root,22,0,0,0
root,0,0,22,0
root,0,0,22,0
root,0,22,0,0
root,0,22,0,0
Metazoa,7,15,0,0
Coleochaete,22,0,0,0
Brassicaceae,0,22,0,0
Bimastos_rubidus,0,10,12,0
Ameiurus_nebulosus,0,0,23,0
Bacillariophyta,23,0,0,0
root,23,0,0,0
root,4,0,19,0
root,0,0,23,0
root,0,0,23,0
root,0,0,23,0
root,0,6,17,0
root,0,0,23,0
root,0,0,0,23
root,0,0,23,0
root,0,23,0,0
root,0,19,4,0
root,0,23,0,0
root,0,23,0,0
Metazoa,5,0,18,0
Metazoa,23,0,0,0
Metazoa,23,0,0,0
Metazoa,0,23,0,0
Osmunda_regalis,0,15,0,8
Myosotis_laxa,0,0,17,6
Fabaceae,0,23,0,0
Magnoliopsida,0,0,0,23
Mucilaginibacter,0,0,24,0
Alcaligenaceae,0,0,0,24
Anguilla,0,24,0,0
Anguilla,0,24,0,0
Chrysophyceae,0,18,6,0
Chrysophyceae,0,24,0,0
Ciliophora,0,0,0,24
Chordata,24,0,0,0
root,9,15,0,0
root,24,0,0,0
root,24,0,0,0
root,24,0,0,0
root,24,0,0,0
root,0,0,24,0
root,0,7,17,0
root,0,0,0,24
root,0,0,24,0
root,0,0,24,0
root,24,0,0,0
root,0,0,24,0
root,0,0,20,4
root,24,0,0,0
root,0,0,0,24
root,0,0,0,24
root,0,0,24,0
Metazoa,4,0,0,20
Mentha_pulegium,0,0,24,0
Ludwigia,24,0,0,0
Poaceae,24,0,0,0
Anas,25,0,0,0
Cypriniformes,0,0,25,0
Chlorophyceae,0,0,25,0
Chordata,25,0,0,0
Chordata,0,25,0,0
root,25,0,0,0
root,17,0,8,0
root,0,0,25,0
root,25,0,0,0
root,0,0,25,0
root,0,0,0,25
Metazoa,0,0,25,0
Metazoa,0,0,0,25
Chamaedrilus_aff_glandulosus_B_SM_2014,0,25,0,0
Hyphomicrobiales,0,0,0,26
Spirochaeta,6,4,16,0
Spirotrichea,26,0,0,0
Synura,0,0,0,26
Chordata,0,0,0,26
Chordata,0,0,0,26
root,0,26,0,0
root,26,0,0,0
root,0,0,12,14
root,0,0,26,0
root,0,0,0,26
root,0,0,0,26
Metazoa,4,16,6,0
Metazoa,9,0,17,0
Metazoa,0,26,0,0
Metazoa,0,0,26,0
Metazoa,0,0,0,26
Aves,0,0,26,0
Rorippa,0,0,0,26
Magnoliopsida,0,0,26,0
Mugil_cephalus,0,0,27,0
Chrysophyceae,0,27,0,0
Psychodidae_sp_BOLD_AAU4648,14,9,4,0
Psychodidae_sp_BOLD_AAU4648,8,10,4,5
Chordata,27,0,0,0
Chordata,27,0,0,0
Chordata,0,0,27,0
Chordata,0,0,27,0
root,5,0,11,11
root,0,0,9,18
root,0,27,0,0
root,0,15,12,0
root,27,0,0,0
root,0,27,0,0
root,27,0,0,0
root,0,0,12,15
root,0,0,27,0
root,0,0,19,8
apioid_superclade,0,27,0,0
Rhodospirillales,0,28,0,0
Vorticella,0,0,0,28
Chilodonellidae,28,0,0,0
Paraphysomonas_sp,13,15,0,0
Pedinellales,22,6,0,0
Bos_taurus,6,0,17,5
Chordata,0,28,0,0
root,28,0,0,0
root,0,28,0,0
root,0,0,0,28
root,0,0,0,28
root,0,0,0,28
root,0,0,28,0
root,0,0,28,0
Metazoa,28,0,0,0
Metazoa,28,0,0,0
Metazoa,0,4,24,0
Metazoa,0,0,18,10
Metazoa,0,0,28,0
Chaetonotidae,0,0,28,0
Asteraceae,28,0,0,0
Magnoliopsida,28,0,0,0
Sphingorhabdus,0,0,18,11
Planophila,4,0,25,0
Chlorophyceae,29,0,0,0
Pedinellales,0,29,0,0
Sus_scrofa,0,0,0,29
Chordata,29,0,0,0
Chordata,0,0,0,29
Chlorophyta,14,15,0,0
root,29,0,0,0
root,0,0,9,20
root,0,0,17,12
root,0,0,13,16
root,0,0,17,12
root,0,0,29,0
root,0,0,11,18
root,0,0,0,29
Metazoa,29,0,0,0
Metazoa,0,0,29,0
Alphamonas,0,29,0,0
Euglenaceae,10,0,19,0
Winteraceae,0,29,0,0
Nothofagaceae,29,0,0,0
Flabellinia,0,0,24,6
Bacteroidetes,30,0,0,0
Rhodobacterales,0,0,30,0
Arenimonas,0,0,25,5
Prolixibacteraceae,14,4,0,12
Litostomatea,30,0,0,0
Rhodomonas,0,0,0,30
Cryptomonadaceae,0,8,22,0
Anguilla_australis,0,0,30,0
Chlamydomonas,0,0,30,0
Chlorophyceae,30,0,0,0
Ciliophora,30,0,0,0
Chordata,30,0,0,0
Chordata,0,11,0,19
Chordata,0,30,0,0
root,0,30,0,0
root,24,6,0,0
root,0,0,30,0
root,0,0,30,0
root,30,0,0,0
root,0,0,30,0
root,0,0,30,0
root,0,0,0,30
root,0,30,0,0
Metazoa,17,13,0,0
Chaetonotidae,30,0,0,0
Eurotatoria,0,0,30,0
Crocinitomicaceae,0,0,24,7
Clostridiaceae,9,22,0,0
Gammaproteobacteria,9,0,0,22
Chordata,0,31,0,0
root,31,0,0,0
root,31,0,0,0
root,0,0,31,0
root,31,0,0,0
root,0,0,0,31
root,0,0,31,0
root,0,0,31,0
root,0,0,0,31
root,0,0,0,31
root,31,0,0,0
root,0,0,31,0
Alsineae,7,10,0,14
Octolasion_cyaneum,16,0,15,0
Chlamydomonadales,0,0,32,0
Chordata,0,0,32,0
root,32,0,0,0
root,32,0,0,0
root,16,16,0,0
root,0,32,0,0
root,0,0,0,32
root,0,32,0,0
root,0,0,0,32
root,0,0,32,0
root,0,0,32,0
root,0,0,32,0
root,0,0,32,0
root,0,32,0,0
root,0,32,0,0
Metazoa,32,0,0,0
Alsineae,0,0,32,0
Fuchsia_excorticata,0,32,0,0
Ranunculus,0,0,32,0
Piper,10,7,15,0
Spirotrichea,0,0,33,0
Litostomatea,33,0,0,0
root,27,6,0,0
root,33,0,0,0
root,0,0,33,0
root,0,0,16,17
root,0,0,8,25
root,0,0,0,33
root,33,0,0,0
Metazoa,19,0,14,0
Caulobacteraceae,0,0,29,5
Chlorophyceae,0,34,0,0
Chordata,26,0,0,8
root,0,7,27,0
root,34,0,0,0
root,0,34,0,0
root,0,0,34,0
root,6,28,0,0
root,7,27,0,0
root,0,0,30,4
root,0,0,0,34
root,0,0,0,34
root,0,0,0,34
root,0,34,0,0
Viridiplantae,0,11,12,11
Fungi,34,0,0,0
Senecioninae,0,0,34,0
Mentha,0,0,34,0
Eurotatoria,34,0,0,0
Cognettia_pseudosphagnetorum,0,0,25,9
Chitinophagaceae,10,0,25,0
Actinomycetia,0,0,16,19
Spirotrichea,35,0,0,0
root,35,0,0,0
root,5,30,0,0
root,15,20,0,0
root,0,0,6,29
root,0,0,35,0
root,0,0,35,0
root,0,35,0,0
Magnoliopsida,0,0,0,35
Oedogoniaceae,0,0,0,36
Chordata,0,0,36,0
Chordata,0,0,0,36
root,36,0,0,0
root,32,4,0,0
root,0,0,14,22
root,0,0,30,6
root,0,0,27,9
root,0,36,0,0
Metazoa,0,0,36,0
Metazoa,0,0,0,36
Poeae,36,0,0,0
Ploima,0,0,0,36
Tubifex_tubifex,0,0,0,36
Stentor,0,0,13,24
Xanthophyceae,0,0,37,0
Ciliophora,37,0,0,0
root,37,0,0,0
root,0,37,0,0
root,12,25,0,0
root,4,0,33,0
root,37,0,0,0
root,0,37,0,0
root,0,0,37,0
Viridiplantae,0,37,0,0
Stellaria_media,37,0,0,0
Cryptomonadaceae,0,38,0,0
Anguilla_australis,4,11,23,0
Physella_acuta,4,28,6,0
Chordata,38,0,0,0
root,38,0,0,0
root,0,30,8,0
root,38,0,0,0
root,0,17,17,4
root,0,38,0,0
root,0,0,0,38
Metazoa,13,25,0,0
Ploima,0,0,38,0
Synchaeta,0,10,28,0
Hyphomicrobiales,0,0,0,39
Clostridium,14,15,6,4
Coleps,0,0,39,0
Spirotrichea,39,0,0,0
Gambusia_affinis,39,0,0,0
Mugil,0,0,39,0
Chlorophyceae,0,0,11,28
Tribonema,0,0,39,0
Synura,0,0,0,39
Spumella_like_flagellate_JB,0,39,0,0
Chordata,0,0,39,0
Chordata,0,0,39,0
root,39,0,0,0
root,4,35,0,0
root,0,0,33,6
root,0,0,39,0
root,0,39,0,0
Metazoa,11,0,28,0
Eiseniella_tetraedra,0,0,17,22
Bacteroidetes,0,0,0,40
Alphaproteobacteria,0,11,24,5
Cryptomonadaceae,0,0,40,0
Chrysophyceae,0,40,0,0
root,17,0,10,13
root,40,0,0,0
root,40,0,0,0
root,0,40,0,0
root,0,12,24,4
root,0,0,0,40
root,0,40,0,0
root,0,40,0,0
Metazoa,0,22,18,0
Metazoa,29,4,7,0
Nais,0,0,40,0
Cryptomonadaceae,41,0,0,0
Gomphonema,41,0,0,0
Cyprinoidei,0,0,41,0
Echinodiopsis,0,41,0,0
Chordata,0,41,0,0
Chlorophyta,41,0,0,0
root,35,6,0,0
root,0,0,0,41
root,19,0,22,0
root,36,5,0,0
root,5,0,36,0
root,0,41,0,0
root,41,0,0,0
root,0,11,30,0
root,41,0,0,0
root,0,0,0,41
root,0,28,13,0
root,0,0,0,41
root,0,41,0,0
Bradyrhizobiaceae,0,0,7,35
Passer_domesticus,0,42,0,0
Australocirrus,0,0,42,0
Pinnularia,42,0,0,0
Chordata,0,0,0,42
Arthropoda,0,6,18,18
root,42,0,0,0
root,0,0,24,18
root,42,0,0,0
root,0,14,28,0
root,0,0,0,42
Metazoa,25,17,0,0
Crepidinae,0,0,0,42
Synchaeta,0,4,38,0
Tubifex_tubifex,0,0,30,12
Hydrogenophaga,43,0,0,0
Anas_rhynchotis,34,9,0,0
Euplotes,43,0,0,0
unclassified_Chloromonas,0,0,39,4
Chordata,0,43,0,0
root,0,43,0,0
root,0,0,27,16
root,0,0,43,0
root,0,0,22,21
root,43,0,0,0
Henlea_cf_andreae_PDW_2010,0,0,0,43
Anguilla,0,44,0,0
Trichosurus_vulpecula,0,0,44,0
root,0,0,29,15
root,35,9,0,0
root,44,0,0,0
root,0,10,34,0
root,0,0,0,44
root,44,0,0,0
root,17,27,0,0
root,0,0,0,44
root,8,0,30,6
root,6,0,38,0
root,0,0,36,8
Metazoa,44,0,0,0
Rubus,0,0,44,0
Magnoliopsida,0,0,0,44
Proteobacteria,0,0,34,11
Cryptomonadaceae,0,35,10,0
Chordata,0,0,15,30
root,45,0,0,0
root,0,45,0,0
root,25,20,0,0
root,0,45,0,0
root,0,0,0,45
root,0,0,0,45
root,0,0,45,0
root,0,0,45,0
Epilobieae,0,45,0,0
Asteroideae,0,45,0,0
Clostridium,30,16,0,0
Spirotrichea,0,0,46,0
Lampropholis_delicata,0,0,46,0
Chordata,0,21,25,0
Euglenales,0,0,46,0
root,36,5,5,0
root,0,0,46,0
root,46,0,0,0
root,0,0,46,0
root,0,0,38,8
root,0,0,46,0
root,0,0,46,0
root,0,0,46,0
root,0,0,46,0
Metazoa,0,0,17,29
Cenchrinae,8,6,0,32
Litonotidae,5,0,42,0
Bos_taurus,28,0,0,19
Physella_acuta,8,5,30,4
Chordata,0,0,32,15
root,29,0,18,0
root,4,29,14,0
root,0,0,0,47
root,20,11,16,0
root,38,9,0,0
root,0,0,47,0
root,0,0,47,0
root,0,0,11,36
Rikenellaceae,0,0,16,32
Ciliophora,0,0,29,19
root,48,0,0,0
root,5,0,23,20
root,0,0,0,48
root,0,0,42,6
root,0,0,0,48
Fungi,0,0,0,48
Quercus,48,0,0,0
Populus,0,26,22,0
Magnoliopsida,0,48,0,0
Oomycota,0,0,33,16
Chrysophyceae,0,49,0,0
Chordata,9,0,40,0
Chordata,0,0,21,28
Chordata,0,0,0,49
root,5,31,13,0
root,0,0,49,0
Limnodrilus,0,0,0,49
Anatidae,50,0,0,0
Planophila,10,11,29,0
Hypnales,0,50,0,0
Eukaryota,50,0,0,0
root,0,50,0,0
root,0,0,46,4
root,0,0,38,12
root,0,0,50,0
Firmicutes,5,0,46,0
Chlamydomonadales,0,51,0,0
Mus_musculus,0,51,0,0
root,0,0,27,24
root,0,0,47,4
root,0,40,0,11
Metazoa,0,0,0,51
Persicaria,0,0,33,18
Ovis_aries,0,0,27,25
Chordata,0,52,0,0
Chordata,52,0,0,0
root,0,21,31,0
root,0,0,6,46
root,52,0,0,0
root,52,0,0,0
Lamiales,0,0,0,52
Microbacteriaceae,0,0,31,22
Gruiformes,53,0,0,0
Mugil,0,0,53,0
Chlorophyceae,0,6,29,18
Limnodrilus_hoffmeisteri,0,0,41,12
Cryptomonadaceae,0,54,0,0
Ciliophora,54,0,0,0
root,0,0,50,4
root,0,0,14,40
root,0,54,0,0
Metazoa,54,0,0,0
Bacteroidetes,4,0,32,19
Mugil_cephalus,0,0,55,0
Euglenales,9,46,0,0
root,55,0,0,0
root,0,0,0,55
Coprosma,8,0,47,0
Phaeophyceae,19,37,0,0
Felis_catus,56,0,0,0
Chordata,0,0,13,43
Chlorophyta,22,34,0,0
Euglenales,0,31,20,5
root,56,0,0,0
root,35,21,0,0
root,0,21,35,0
root,0,0,0,56
Holophagaceae,34,23,0,0
Cryptomonas,0,11,46,0
Paraphysomonas_sp,0,0,31,26
root,57,0,0,0
root,57,0,0,0
root,0,0,57,0
root,17,40,0,0
Ranunculus_reptans,0,57,0,0
Solanaceae,57,0,0,0
Pristina,38,0,0,19
Tribonema,0,0,58,0
Tribonema,0,0,58,0
Rattus_rattus,0,41,12,5
Chordata,35,23,0,0
root,58,0,0,0
root,0,0,58,0
root,58,0,0,0
root,0,7,51,0
root,0,0,0,58
Oligoflexia,0,0,59,0
Vorticellidae,59,0,0,0
Rattus_norvegicus,59,0,0,0
Chordata,0,59,0,0
Chordata,0,0,34,25
Chlorophyta,39,20,0,0
root,0,59,0,0
root,0,0,59,0
Carpodetus_serratus,0,59,0,0
Ploima,59,0,0,0
Aporrectodea_trapezoides,4,0,11,44
Spirotrichea,0,0,60,0
Chordata,0,0,36,24
root,0,60,0,0
Cichorieae,60,0,0,0
Zosterops_lateralis,0,50,11,0
Oomycota,0,0,61,0
root,0,61,0,0
root,27,18,16,0
root,0,0,17,44
Metrosideros,0,0,61,0
Galium,0,48,0,13
Porphyrio_melanotus,62,0,0,0
Paraphysomonas_sp,0,0,8,54
root,62,0,0,0
root,0,62,0,0
root,0,62,0,0
Ploima,62,0,0,0
Spirotrichea,63,0,0,0
root,63,0,0,0
root,63,0,0,0
Metazoa,59,0,0,4
Metazoa,63,0,0,0
Anguilla_australis,10,44,6,4
Euglenales,0,31,33,0
root,0,52,12,0
root,16,8,40,0
root,0,0,34,30
root,0,0,64,0
Cryptomonas,34,31,0,0
root,65,0,0,0
root,28,9,28,0
root,0,65,0,0
root,65,0,0,0
Anguilla_australis,4,62,0,0
Anguilla,0,0,66,0
Ulvophyceae,10,0,56,0
Ciliophora,66,0,0,0
Chordata,66,0,0,0
root,66,0,0,0
root,0,23,43,0
root,0,0,0,66
root,66,0,0,0
root,0,66,0,0
root,0,0,66,0
root,0,0,54,12
Cryptomonas,24,39,4,0
Cyprinus_rubrofuscus,0,0,34,33
Scotinosphaeraceae,6,0,61,0
root,61,6,0,0
root,0,0,67,0
Anguilla,0,0,68,0
Ulvophyceae,8,47,13,0
root,58,0,10,0
root,58,0,10,0
Metazoa,0,0,0,68
unclassified_Chlamydomonas,69,0,0,0
Lampropholis_delicata,69,0,0,0
root,0,0,6,63
asterids,0,0,43,26
Cryptomonas,0,0,70,0
Xanthophyceae,0,70,0,0
root,0,0,46,24
root,0,17,24,29
root,0,0,35,35
Pooideae,0,0,70,0
Mallomonas,0,0,0,71
root,55,5,11,0
root,0,71,0,0
root,23,48,0,0
Lepidothamnus,0,71,0,0
Mugil_cephalus,0,0,37,35
Chlamydomonadaceae,0,72,0,0
root,0,72,0,0
root,0,0,54,18
Metazoa,0,0,14,58
Metazoa,0,72,0,0
Actinopteri,0,0,0,72
Gymnorhina_tibicen,40,0,0,33
root,0,73,0,0
root,56,5,12,0
root,0,0,23,50
root,0,0,65,8
root,67,0,0,6
root,0,73,0,0
root,0,73,0,0
root,0,73,0,0
Metazoa,33,11,13,16
Anthoxanthum,0,0,73,0
Geothrix,5,4,21,44
root,74,0,0,0
root,0,0,74,0
Metazoa,14,41,19,0
Cirsium_arvense,14,0,5,55
Novosphingobium,24,0,51,0
Chlorophyceae,62,0,13,0
Chordata,63,12,0,0
root,75,0,0,0
root,0,0,75,0
root,0,0,27,48
Bacteroidetes,40,12,0,24
Chordata,76,0,0,0
root,76,0,0,0
root,0,76,0,0
root,76,0,0,0
Astacopsidrilus_sp_n_MK_2019,0,0,16,60
Gambusia_affinis,0,29,48,0
Gobiomorphus,0,0,33,44
Paraphysomonas_sp,0,0,78,0
Oomycota,78,0,0,0
root,0,0,0,78
root,0,78,0,0
Chaetonotus,6,0,46,26
PACMAD_clade,0,6,26,46
Haptorida,79,0,0,0
root,0,79,0,0
root,48,31,0,0
root,0,79,0,0
root,0,79,0,0
root,0,79,0,0
Porphyrio_melanotus,45,23,0,12
Limnophyes,75,0,5,0
root,0,0,44,36
root,0,0,80,0
root,0,48,21,12
root,0,0,14,68
Metazoa,0,0,82,0
Litostomatea,83,0,0,0
Chordata,83,0,0,0
root,0,83,0,0
root,0,0,83,0
root,0,0,34,49
root,83,0,0,0
Lacrymariidae,84,0,0,0
Chrysophyceae,0,84,0,0
root,84,0,0,0
root,8,7,21,48
root,0,0,9,75
Tubifex_tubifex,0,0,0,84
Gammaproteobacteria,0,0,14,71
Sessilida,80,5,0,0
Ciliophora,85,0,0,0
root,0,58,14,13
root,0,0,8,77
Metazoa,0,0,0,85
Convolvulaceae,0,0,58,27
Ploima,0,0,85,0
Euplotes,86,0,0,0
root,0,70,0,16
root,0,0,0,86
rosids,0,0,0,86
Spirotrichea,87,0,0,0
Cryptomonadaceae,87,0,0,0
root,38,49,0,0
root,0,63,24,0
Rotaria_rotatoria,87,0,0,0
Retropinna_retropinna,0,0,0,88
root,0,0,47,41
root,88,0,0,0
root,0,0,0,88
Chlamydomonadales,53,36,0,0
root,0,76,13,0
root,0,0,12,77
root,0,89,0,0
Microglena,0,0,22,68
Chordata,0,0,29,61
Chordata,90,0,0,0
root,0,0,90,0
root,0,0,0,90
root,0,90,0,0
root,0,0,6,85
Paracyclops_fimbriatus,74,18,0,0
Chloromonas,7,68,17,0
root,45,47,0,0
root,0,83,0,9
root,0,0,92,0
root,0,0,0,92
Xanthophyceae,0,93,0,0
Chordata,0,0,0,93
root,77,8,8,0
root,4,0,68,21
root,0,0,0,93
Chordata,0,0,0,94
root,94,0,0,0
root,94,0,0,0
root,4,0,90,0
root,0,94,0,0
root,0,0,4,90
Chrysophyceae,17,78,0,0
Chrysophyceae,12,83,0,0
Euglenaceae,5,0,73,17
Synchaetidae,0,11,57,27
Bothrioneurum_vejdovskyanum,0,0,32,63
Spumella_like_flagellate_JB,46,50,0,0
root,0,0,0,96
root,0,0,44,52
root,0,0,96,0
root,0,0,96,0
Rhipidura_fuliginosa,98,0,0,0
Chrysophyceae,31,67,0,0
root,0,0,0,98
Poaceae,0,0,98,0
Chrysophyceae,99,0,0,0
Chordata,0,64,35,0
root,99,0,0,0
root,0,0,26,73
root,0,0,85,14
root,0,99,0,0
Methylophilaceae,30,5,16,49
Desulfuromonadales,0,0,0,101
Australocirrus,0,0,101,0
root,0,0,43,58
Anas_chlorotis_or_gracilis,68,12,4,18
Anguilla,102,0,0,0
Gammaproteobacteria,0,8,71,24
Cryptomonas,0,103,0,0
Ulotrichales,6,6,91,0
Chlamydomonadales,0,103,0,0
root,0,103,0,0
root,0,51,7,45
root,0,103,0,0
Chrysophyceae_sp,99,0,5,0
root,0,0,43,61
Amphileptidae,0,0,105,0
root,91,14,0,0
Oomycota,0,0,106,0
root,0,106,0,0
root,0,106,0,0
root,106,0,0,0
root,0,0,0,106
root,0,0,0,106
root,106,0,0,0
Metazoa,0,0,101,6
Ulotrichales,10,0,98,0
root,0,0,10,98
Insecta,57,0,51,0
Chitinophagaceae,0,0,13,96
Luna_1_subcluster,19,11,54,25
Chrysophyceae,0,109,0,0
root,0,103,0,6
root,83,27,0,0
Viridiplantae,110,0,0,0
Metazoa,110,0,0,0
Cryptomonas,0,92,19,0
root,111,0,0,0
root,18,93,0,0
root,0,101,10,0
root,0,0,66,45
Chordata,112,0,0,0
root,112,0,0,0
root,0,0,102,10
root,0,0,9,103
Phacus,0,108,4,0
Lamiaceae,0,21,15,76
Novosphingobium,0,0,71,42
root,113,0,0,0
root,0,0,67,46
Eukaryota,114,0,0,0
root,0,0,27,87
Metazoa,0,0,0,114
Chlamydomonadaceae,36,79,0,0
root,0,0,0,115
Rhodospirillales,63,53,0,0
Chlamydomonadales,0,86,30,0
root,100,16,0,0
root,0,116,0,0
Chaetonotus,35,0,49,32
unclassified_Vorticella,0,0,117,0
Chlamydomonadales,117,0,0,0
root,7,110,0,0
root,88,29,0,0
Chitinophagaceae,16,13,70,19
Nitzschia,113,5,0,0
root,118,0,0,0
root,0,88,30,0
Synurophyceae,0,69,50,0
Chordata,0,0,70,49
root,119,0,0,0
root,36,49,35,0
root,0,0,117,4
Paludibacter,85,8,16,13
root,122,0,0,0
Metazoa,0,42,63,17
Proteobacteria,62,14,33,14
Cercozoa,0,123,0,0
Chordata,0,0,77,47
Chordata,0,0,54,70
Rotaria_rotatoria,124,0,0,0
Passeriformes,45,59,0,21
Euglenales,0,120,5,0
root,15,110,0,0
root,4,122,0,0
Pinus_subgen_Pinus,8,15,103,0
Synchaetidae,0,21,54,51
Phalacrocorax_carbo,0,0,127,0
root,127,0,0,0
Ranunculus,0,88,21,18
Polygonaceae,9,0,78,40
root,0,0,128,0
root,0,128,0,0
root,0,0,24,105
Chromatiaceae,130,0,0,0
Metazoa,35,91,4,0
Xanthomonadales,0,0,62,69
Acanthocyclops_robustus,0,0,0,131
root,0,109,0,22
root,131,0,0,0
root,0,132,0,0
Gammaproteobacteria,50,0,0,83
root,133,0,0,0
root,0,0,133,0
Spumella_like_flagellate_JB,0,134,0,0
Chlorophyceae,110,25,0,0
root,0,0,70,65
root,0,0,135,0
Chrysophyceae,0,136,0,0
Chordata,136,0,0,0
Euglenaceae,0,136,0,0
Chlamydomonadaceae,34,103,0,0
root,0,0,56,81
Metazoa,90,36,0,11
Plantago,62,0,22,53
Arthropoda,56,50,32,0
root,80,58,0,0
root,0,0,106,32
Turdus,93,46,0,0
Litonotidae,0,0,139,0
Ovis_aries,0,0,14,126
Chordata,0,140,0,0
root,65,75,0,0
Culex,141,0,0,0
root,0,141,0,0
Scardinius_erythrophthalmus,0,0,0,143
Sus_scrofa,74,0,19,50
root,0,143,0,0
root,0,0,58,86
root,0,0,19,125
root,0,0,83,61
root,145,0,0,0
Thiodictyon,146,0,0,0
Typhaceae,18,0,37,91
Hyphomicrobiales,8,78,62,0
Anas_platyrhynchos,52,53,12,31
root,46,103,0,0
Felis_catus,0,0,150,0
Gobiomorphus,0,0,0,151
root,0,0,0,151
root,30,6,86,31
Euglenales,12,135,7,0
Chlorophyceae,33,123,0,0
Chrysophyceae,0,157,0,0
root,0,0,95,62
root,157,0,0,0
root,157,0,0,0
Chitinophagaceae,0,0,51,107
root,146,12,0,0
Reichenbachiellaceae,34,27,34,64
Gammaproteobacteria,122,38,0,0
root,144,6,10,0
Cedrus,160,0,0,0
Halothiobacillaceae,161,0,0,0
Retropinna_retropinna,0,0,22,139
Embryophyta,0,0,38,123
Chloromonas,9,98,55,0
Ferribacterium,103,6,23,31
Oomycota,163,0,0,0
root,15,134,14,0
root,10,27,126,0
root,0,163,0,0
Rubioideae,38,40,0,85
Araceae,0,0,163,0
Rhodobacteraceae,14,20,38,92
Myriophyllum,15,8,28,113
Flavobacterium,24,0,80,61
Chordata,33,133,0,0
root,0,0,23,143
root,166,0,0,0
Spirotrichea,82,0,85,0
root,169,0,0,0
root,0,158,0,12
root,0,0,170,0
Alnus,31,71,50,18
Prunella_modularis,0,0,171,0
root,0,0,0,171
Metazoa,71,95,5,0
Anguilla,172,0,0,0
Chlamydomonadaceae,37,136,0,0
Ciliophora,0,0,97,76
root,0,0,173,0
Persicaria_thunbergii,0,16,43,114
Podocarpaceae,173,0,0,0
Crocinitomicaceae,0,0,125,50
Ciliophora,0,0,90,85
Euglenales,0,163,13,0
Phacus,0,176,0,0
Luna_1_subcluster,0,0,101,76
root,0,177,0,0
root,0,0,65,113
root,0,0,166,13
root,0,0,15,164
Sturnus_vulgaris,180,0,0,0
Metazoa,6,174,0,0
Theaceae,180,0,0,0
Ciliophora,0,0,87,94
Ploima,0,0,181,0
Hyphomicrobiales,0,26,90,67
Chrysophyceae,183,0,0,0
root,28,94,27,34
root,0,165,18,0
root,75,109,0,0
root,8,17,153,6
root,0,0,51,133
Chlorococcaceae,120,60,5,0
root,186,0,0,0
root,10,177,0,0
root,0,0,134,53
Pedinellales,0,188,0,0
Chordata,0,0,130,58
root,0,0,0,189
Cytophagaceae,12,75,103,0
Mugil_cephalus,0,0,138,52
Nitzschia,113,16,63,0
Mallomonadaceae,0,0,65,127
Xanthophyceae,0,0,193,0
root,0,193,0,0
Oomycota,9,14,171,0
root,0,195,0,0
root,0,169,26,0
Fabaceae,81,5,37,72
Todiramphus_sanctus_vagans,0,197,0,0
Trachelius,0,0,190,7
root,0,0,17,180
root,0,0,0,198
Limnodrilus,0,0,58,140
root,22,155,24,0
Trichosurus_vulpecula,0,0,72,130
root,0,0,16,186
Nephroselmis,0,7,192,4
Mallomonas,0,0,0,203
Lemna_minor,203,0,0,0
Aulodrilus_pluriseta,5,0,31,167
Chlorophyceae,0,204,0,0
Ciliophora,204,0,0,0
root,0,0,201,4
root,0,0,206,0
root,0,206,0,0
Magnoliopsida,0,106,57,43
root,207,0,0,0
root,126,75,6,0
Emberiza_citrinella,0,0,209,0
Simocephalus,0,0,138,71
root,6,0,203,0
Chilodonellidae,210,0,0,0
root,16,97,40,57
root,164,46,0,0
root,210,0,0,0
Polygonoideae,101,33,63,16
root,0,0,0,214
root,0,0,115,100
Oxytricha,217,0,0,0
Microglena_monadina,141,76,0,0
root,134,75,8,0
root,0,51,154,12
root,0,0,172,46
Mallomonadaceae,0,0,83,136
Dinophyceae,0,186,0,33
Asterales,0,219,0,0
Vannella,220,0,0,0
Chilodonellidae,221,0,0,0
root,0,0,0,222
Xanthophyceae,0,0,223,0
root,203,20,0,0
Gobiomorphus_cotidianus_basalis_dinae,0,0,0,225
Caulobacteraceae,0,0,74,153
Spirotrichea,0,0,227,0
Chrysophyceae,222,5,0,0
root,0,15,122,90
Dinophyceae,0,155,23,49
Fagales,0,59,150,18
Lumbriculus_variegatus,199,4,24,0
Embryophyta,0,0,141,89
Oomycota,0,0,218,13
Viridiplantae,34,109,42,46
Bidens_pilosa,193,22,16,0
Bacteroidetes,0,0,128,104
root,0,228,0,4
root,0,0,217,15
Oleaceae,232,0,0,0
Rhodoblastus,124,16,34,60
Chordata,0,234,0,0
Iris,230,0,6,0
root,0,0,237,0
root,0,0,237,0
root,0,0,149,89
Gammaproteobacteria,72,29,60,78
Colepidae,7,232,0,0
root,51,27,163,0
Metazoa,0,0,99,143
Actinopteri,244,0,0,0
root,0,0,169,80
Metazoa,0,0,158,91
Viridiplantae,188,0,65,0
Chlorophyceae,0,236,13,6
Ciliophora,255,0,0,0
root,179,76,0,0
root,0,113,143,0
Vorticella,0,0,90,168
root,241,0,17,0
root,0,258,0,0
root,0,0,0,261
root,234,0,28,0
Aristotelia_serrata,0,264,0,0
root,8,14,231,13
root,0,0,128,140
Tubifex_tubifex,0,14,42,212
Chlorophyceae,269,0,0,0
Sulfuricurvum,223,0,41,6
Gambusia_affinis,0,62,0,208
Alphaproteobacteria,0,0,90,183
root,255,19,0,0
Lauraceae,0,18,259,0
Betaproteobacteria,112,58,86,22
Myriophyllum,0,0,0,280
Limnodrilus_hoffmeisteri,0,13,28,241
root,0,0,249,35
Trachelius,0,0,285,0
root,0,0,274,12
root,0,287,0,0
root,0,0,256,32
root,0,0,89,200
root,0,260,29,0
Spirotrichea,132,0,159,0
Ciliophora,293,0,0,0
Nephroselmidaceae,90,125,66,13
Ciliophora,295,0,0,0
Chordata,0,0,210,85
Panicoideae,281,0,17,0
Asteraceae,0,18,65,218
Chordata,302,0,0,0
root,0,33,270,0
Bacteroidetes,0,0,120,184
root,276,31,0,0
root,0,0,307,0
Chordata,0,0,223,85
root,4,77,144,83
Euglenaceae,0,310,0,0
Asteraceae,292,18,0,0
Magnoliopsida,0,0,310,0
root,312,0,0,0
Ciliophora,0,0,166,147
root,184,117,14,0
root,238,78,0,0
root,18,0,103,195
root,0,0,104,213
root,0,0,318,0
Coprosma,0,239,28,52
root,0,52,269,0
Araliaceae,0,322,0,0
Chaetogaster_diaphanus,0,0,107,216
root,28,296,0,0
Chrysophyceae,322,0,4,0
root,152,44,112,18
root,150,54,124,0
Ciliophora,0,0,189,141
root,330,0,0,0
root,0,0,308,26
root,0,4,330,0
Metazoa,33,4,291,6
Bacteroidetes,30,211,88,6
Nephroselmidaceae,93,124,79,40
root,150,54,136,0
root,333,8,0,0
Polygonoideae,0,0,50,291
Polygoneae,0,157,129,56
Fungi,237,106,0,0
root,0,4,248,92
root,344,0,0,0
root,142,206,0,0
Cytophagaceae,0,0,178,171
Phasianus_colchicus,0,0,325,24
Oxytricha,349,0,0,0
root,255,96,0,0
Bacteroidetes,187,31,69,69
root,4,112,240,0
root,0,0,335,21
Haptorida,359,0,0,0
Bacteroidetes,4,0,200,156
Felis_catus,0,0,362,0
root,0,0,106,258
Plantago,31,0,291,42
Phytophthora,0,0,332,33
root,360,5,0,0
Metazoa,0,0,31,336
Mugil_cephalus,0,0,355,15
root,4,366,0,0
root,221,114,0,36
Ranoidea_aurea,172,123,36,41
Poeae,373,0,0,0
Chordata,0,0,100,274
root,0,0,344,31
root,39,130,206,0
Cryptomonadaceae,212,166,0,0
root,380,0,0,0
root,0,0,67,313
root,338,0,37,6
Colepidae,57,326,0,0
Holcus_lanatus,0,0,310,74
root,0,0,318,67
Carchesium,377,0,9,0
Magnoliopsida,0,332,27,27
root,160,167,55,6
Ciliophora,0,0,314,76
Chrysophyceae,388,0,4,0
Chordata,0,0,229,163
Flavobacterium,0,0,200,197
Bos_taurus,0,0,397,0
root,47,350,0,0
root,398,0,0,0
root,401,0,0,0
Scardinius_erythrophthalmus,0,0,222,188
root,160,72,178,0
Fringilla_coelebs,86,215,71,39
root,33,378,0,0
Viridiplantae,0,0,418,0
root,0,0,417,4
Spumella_like_flagellate_JB,265,161,0,0
root,0,0,16,411
Paspalum,300,7,120,0
Glyceria,41,23,53,310
root,0,0,408,22
root,0,0,278,157
root,325,54,60,0
Cervus_elaphus,0,0,145,298
root,365,78,0,0
root,136,253,50,5
Cryptomonadaceae,257,188,0,0
root,244,116,88,0
Coriaria,0,452,0,0
Rhopalosiphum_padi,29,291,105,30
Luna_1_subcluster,0,0,202,257
Trichosurus_vulpecula,0,64,122,273
Asparagaceae,0,29,81,349
Bosmina_longirostris,0,6,120,334
Flavobacterium,239,171,56,0
root,56,0,410,0
root,78,368,20,0
root,0,0,0,466
root,0,0,407,61
root,0,0,34,434
Poeae,245,0,55,170
root,0,38,361,75
Prumnopitys_ferruginea,0,478,0,0
root,60,421,0,0
root,0,0,288,196
Gammaproteobacteria,0,0,169,318
root,481,0,6,0
root,52,303,132,0
Dama_dama,0,0,200,289
root,6,479,6,0
root,0,34,446,15
root,491,0,5,0
Betaproteobacteria,0,32,279,186
Cyclopidae,0,109,183,210
root,503,0,0,0
Holcus,330,9,31,134
root,5,383,16,108
root,251,64,83,117
Trichosurus_vulpecula,15,42,86,374
root,342,177,0,0
Insecta,17,6,499,0
Eukaryota,0,0,482,41
root,0,0,198,325
Chitinophagaceae,73,182,232,38
root,201,267,50,10
root,0,500,8,20
Branta_canadensis,10,5,69,445
root,530,0,0,0
root,0,0,120,410
Neochanna_diversus,175,49,131,178
root,535,0,0,0
root,0,538,0,0
Aporrectodea_caliginosa,0,0,206,332
root,43,443,49,16
Retropinna_retropinna,0,0,80,473
Viridiplantae,541,0,0,14
Scardinius_erythrophthalmus,0,0,58,500
root,8,552,0,0
root,0,0,562,0
root,283,290,0,0
root,574,0,0,0
root,0,576,0,0
root,465,0,112,6
Rosales,0,0,583,0
Stentor_roeselii,0,0,559,28
root,252,336,0,0
Trichosurus_vulpecula,0,0,172,418
root,303,290,0,0
Eukaryota,469,4,113,12
root,545,58,0,0
root,97,507,0,0
root,402,206,0,0
Vorticella,597,0,14,0
Cryptomeria_japonica,586,0,6,24
Mallomonas,0,0,269,350
Firmicutes,0,0,305,316
Chrysophyceae,277,346,0,0
Burkholderiales_genera_incertae_sedis,32,5,312,279
Lumbricus_rubellus,0,0,440,190
root,609,15,7,0
root,538,96,0,0
root,309,171,111,43
Solanoideae,560,56,22,0
Chlamydomonadales,543,100,0,0
Eukaryota,591,4,52,0
root,0,0,519,130
Mallomonas,0,0,250,401
root,651,0,0,0
root,438,62,156,0
root,643,9,9,0
root,493,168,0,0
campanulids,0,661,0,0
Metazoa,0,0,175,495
root,0,0,516,164
Chrysophyceae,331,351,0,0
Ranunculus,35,0,311,337
Chlorophyceae,120,567,0,0
Spumella_like_flagellate_JB,499,188,0,0
root,690,0,0,0
Scardinius_erythrophthalmus,0,0,296,395
Pedinellales,107,597,0,0
root,8,345,354,0
root,22,33,305,351
Rubioideae,12,0,52,647
Dechloromonas,125,13,448,127
Euglenales,193,489,19,12
Cochliopodium,57,0,511,154
root,0,0,590,142
root,0,346,325,64
Nais_communis,736,0,0,0
Cyclopoida,632,7,16,85
Mallomonadaceae,743,0,0,0
Dero,51,4,129,566
Malikia,458,194,102,0
Mugil,0,52,591,116
Mallomonadaceae,0,0,433,327
Ameiurus_nebulosus,0,187,536,38
unclassified_Vorticella,59,0,671,44
Mallomonadaceae,0,0,334,448
root,12,777,0,0
Apiaceae,784,0,0,5
Rubiaceae,46,172,212,361
root,7,790,0,0
Mallomonadaceae,22,459,322,0
Paraphysomonas_sp,398,137,280,0
Chordata,0,0,362,460
Mallomonadaceae,71,547,211,0
Pooideae,761,71,0,0
Hexanauplia,332,292,126,93
Poeae,0,0,423,422
root,0,675,115,61
Cygnus_atratus,230,376,121,144
root,631,240,0,0
Chromulinales,6,873,0,0
Euglenales,252,635,0,0
Ameiurus_nebulosus,0,240,296,354
Asparagales,155,0,232,505
Ciliophora,0,0,523,376
root,258,146,441,55
Chordata,416,342,81,69
Cyperoideae,804,0,51,55
Gammaproteobacteria,601,173,0,140
Chrysophyceae,180,738,0,0
Pooideae,0,0,579,365
root,0,0,10,935
Poeae,347,129,119,354
Ciliophora,0,0,570,382
Cryptomonadaceae,734,219,0,0
root,628,327,0,0
Typha,0,0,619,338
Crocinitomicaceae,0,0,696,269
Asteraceae,0,35,930,0
root,354,620,0,0
Chlamydomonadales,0,982,0,0
root,0,0,396,588
unclassified_Cyclops,840,42,0,107
Polygonoideae,49,106,395,447
Synchaeta,0,11,816,184
Neochanna_diversus,489,188,108,234
Polynucleobacter,118,118,394,396
Chordata,1029,0,0,0
Chrysophyceae,205,846,0,0
Halteria,113,419,403,123
Chromulinospumella_sphaerica,721,341,0,0
Limnodrilus_hoffmeisteri,20,47,273,728
root,393,679,0,0
Persicaria,510,0,153,411
root,0,904,149,23
Ranunculus,579,45,78,378
Ameiurus_nebulosus,0,377,573,133
root,0,0,14,1071
Metazoa,841,214,15,26
Crocinitomicaceae,0,24,647,431
Cryptomonadaceae,825,292,10,0
root,497,631,0,0
root,421,716,0,0
Persicaria,0,154,453,532
Paratanytarsus_grimmii,364,60,539,178
Eukerria_saltensis,19,0,382,743
root,0,0,53,1104
root,88,449,631,0
root,0,0,1007,186
Pyrenomonadaceae,0,86,1087,37
Halteria,138,479,539,108
root,160,199,144,766
root,1229,85,0,0
root,45,973,269,74
Coprosma,25,124,286,950
root,1278,125,0,0
Nais,0,0,1040,367
Hexanauplia,508,533,223,170
Flavobacterium,0,6,1113,333
Chlorophyta,37,1343,101,0
Chlorophyta,1199,74,14,194
Polaromonas,700,508,188,91
Cygnus_atratus,500,747,118,141
Anguilla_australis,325,930,245,7
root,60,49,369,1036
Chamaedrilus,191,911,308,120
root,0,13,770,754
root,1329,0,175,42
Lumbricus_rubellus,101,22,661,791
Dinobryon,0,0,0,1588
root,995,608,0,0
Chlorophyceae,1351,122,16,167
root,0,0,0,1682
Dinobryon,0,0,5,1678
Cryptomonas,257,1022,414,0
Dinobryon,0,0,40,1654
Limnodrilus_hoffmeisteri,100,23,511,1067
Betaproteobacteria,330,215,738,468
Pooideae,867,129,235,546
root,203,1238,350,0
root,15,35,92,1672
Podocarpus,1666,127,0,39
Tintinnopsis,0,0,88,1765
Poales,0,40,1464,368
root,0,1874,0,0
Ilyodrilus,0,0,821,1057
Chordata,18,0,889,988
root,274,216,1271,143
Arthropoda,1844,15,55,0
Cryptomonas,363,1167,346,87
Onagraceae,206,159,332,1273
Tintinnopsis,0,0,165,1813
Gambusia_affinis,362,93,1319,220
Rumex,1429,41,179,371
root,1912,0,103,6
Synura,23,0,1016,1009
Lumbricus_castaneus,26,0,657,1424
Ameiurus_nebulosus,0,909,627,650
root,0,0,1851,391
root,1574,666,10,0
root,929,1299,25,0
root,366,1939,10,0
Phasianus_colchicus,168,0,2160,0
root,0,0,1218,1122
Metazoa,37,0,2158,151
Flavobacterium,269,239,1242,641
Synura,90,14,1062,1237
Cupressaceae,2410,0,0,0
Ranoidea_aurea,2000,445,109,27
root,0,0,514,2078
Chlorophyceae,2374,221,0,0
Chlorophyceae,2738,0,0,0
Comamonadaceae,638,684,1085,385
Pinus,1273,567,552,419
Metazoa,140,742,786,1147
root,946,1814,41,16
Mallomonas_sp,0,62,1629,1165
root,0,786,1295,784
Vitreochlamys_aulata,0,2942,0,0
Betaproteobacteria,504,1036,1325,132
root,2981,0,22,0
Chrysophyceae,1895,1152,0,0
Geobacter,943,1061,890,171
Poeae,685,931,714,742
root,1218,227,1121,580
Carassius_auratus,0,1512,1412,236
Cyatheaceae,3226,0,0,0
Metazoa,3014,21,44,149
root,238,1716,690,611
Chrysophyceae,1925,1351,0,0
Bos_taurus,0,0,1629,1651
root,3378,4,12,0
Anas_chlorotis_or_gracilis,3404,45,0,0
Poaceae,2640,705,0,157
root,0,7,1260,2247
Cryptomonas,213,1056,1646,630
root,298,2042,1250,0
Cryptomonas,232,1188,1604,614
50_kb_inversion_clade,98,17,1972,1563
root,3074,4,565,111
root,0,0,702,3199
Porphyrio_melanotus,3211,594,16,106
Carassius_auratus,0,2084,1614,231
Malpighiales,48,0,1766,2222
Metazoa,0,170,1728,2246
Carassius_auratus,62,2363,1690,213
root,187,111,3331,707
Araceae,4337,0,47,36
Metazoa,449,3112,620,330
root,0,0,28,4550
root,16,3439,672,848
Loteae,3584,122,298,1148
Leptospermum_scoparium,0,0,5200,12
root,2498,1818,201,704
root,241,2701,2204,108
Gambusia_affinis,3015,436,1509,315
Macromonas,4932,608,0,0
Spirotrichea,0,0,3639,2089
Mallomonadaceae,0,0,186,5552
Bos_taurus,174,11,2111,3504
Mesocyclops_leuckarti,0,0,3307,2646
Anas_platyrhynchos,4232,982,344,473
Spirotrichea,0,0,4028,2138
Carchesium,6184,0,8,12
Chordata,0,70,2938,3222
root,885,2837,2595,6
Mallomonadaceae,0,0,164,6738
Trichosurus_vulpecula,0,346,2381,4239
Saliceae,1321,442,1429,3940
Chlamydomonadales,3441,3860,0,0
root,921,4751,782,944
Burkholderiales,1117,1236,3415,1754
Neochanna_diversus,3921,1333,0,2360
root,5858,1911,111,8
root,7910,240,20,0
Chlamydomonadales,5679,2911,0,0
Chordata,0,0,4245,4508
Spirotrichea,0,2527,4809,1459
Glyceria,248,3394,4078,1217
unclassified_Strombidium,0,87,5328,4042
Spirotrichea,4,2151,5894,1444
Anguilla_australis,680,5630,2665,696
Chordata,0,176,6864,2648
Cyclopidae,7451,761,650,1157
Podocarpaceae,9712,367,0,0
unclassified_Strombidium,0,31,6257,4238
Bos_taurus,487,41,3860,6628
root,9116,2345,213,1062
root,8893,5308,0,0
Metazoa,0,0,2260,12054
root,0,0,632,14526
Octolasion_lacteum,3496,4484,4759,2537
Metazoa,14,32,10917,4438
root,2024,3268,9708,833
Anserinae,8318,4179,1761,2470
Metazoa,14331,1682,1201,16
Nais_communis_variabilis_complex_sp_A1,17419,5,0,0
Chlorophyceae,423,10926,3627,2507
Cyprinus_rubrofuscus,16,5220,4697,9384
root,21773,0,0,0
Betaproteobacteria,14149,7251,582,22
Acanthocyclops_robustus,9090,5417,7436,1988
root,1172,632,18845,5499
Ludwigia,0,0,8053,18325
Cyprinus_rubrofuscus,55,9001,9763,7813
Cyprinus_rubrofuscus,109,9240,6780,10724
Ludwigia,1708,2595,5840,16738
Lumbriculus_variegatus,23515,3094,1365,823
root,21382,1481,2846,4451
Anguilla_australis,12260,16052,6051,1804
root,0,0,2841,40216
root,0,0,31714,12708
Chordata,21,717,22247,22937
Bos_taurus,8749,244,30345,40664
