﻿tax_assignment,UID525631,UID525715,UID525726,UID525586,UID525628,UID525684,UID525644,UID525643,UID525601,UID525641,UID525679,UID525559,UID525595,UID525555,UID525596
Anas_chlorotis_or_gracilis,0,0,4,0,0,0,0,0,0,0,0,0,0,0,0
Psychodidae_sp_BOLD_AAU4648,4,0,0,0,0,0,0,0,0,0,0,0,0,0,0
Psychodidae_sp_BOLD_AAU4648,0,0,4,0,0,0,0,0,0,0,0,0,0,0,0
Corynoneura_scutellata,0,0,4,0,0,0,0,0,0,0,0,0,0,0,0
Chaetogaster_diastrophus,0,4,0,0,0,0,0,0,0,0,0,0,0,0,0
Ilyodrilus_templetoni,4,0,0,0,0,0,0,0,0,0,0,0,0,0,0
Hydra_vulgaris,0,0,0,0,0,0,0,4,0,0,0,0,0,0,0
Chrysophyceae_sp,0,0,0,5,0,0,0,0,0,0,0,0,0,0,0
Dero_obtusa,0,0,0,0,0,0,0,0,0,0,0,5,0,0,0
Rattus_norvegicus,0,0,0,5,0,0,0,0,0,0,0,0,0,0,0
Dero_digitata,0,0,0,0,0,0,0,0,0,0,0,0,0,7,0
Osmunda_regalis,0,0,0,0,0,0,0,0,0,0,0,0,7,0,0
Turdus_merula,0,7,0,0,0,0,0,0,0,0,0,0,0,0,0
Henlea_perpusilla,0,0,7,0,0,0,0,0,0,0,0,0,0,0,0
Ranoidea_aurea,0,7,0,0,0,0,0,0,0,0,0,0,0,0,0
Neochanna_diversus,0,0,8,0,0,0,0,0,0,0,0,0,0,0,0
Isotomurus_palustris,4,4,0,0,0,0,0,0,0,0,0,0,0,0,0
Pennantia_corymbosa,0,0,0,0,0,0,0,0,0,0,8,0,0,0,0
Emberiza_citrinella,0,0,0,0,5,0,4,0,0,0,0,0,0,0,0
Monochroa_hornigi,0,0,0,0,0,0,0,0,0,0,9,0,0,0,0
Apoikiospumella_mondseeiensis,10,0,0,0,0,0,0,0,0,0,0,0,0,0,0
Cervus_elaphus,10,0,0,0,0,0,0,0,0,0,0,0,0,0,0
Prunella_modularis,0,0,0,0,10,0,0,0,0,0,0,0,0,0,0
Aporrectodea_trapezoides,0,0,11,0,0,0,0,0,0,0,0,0,0,0,0
Isachne_globosa,0,0,0,11,0,0,0,0,0,0,0,0,0,0,0
Rattus_rattus,12,0,0,0,0,0,0,0,0,0,0,0,0,0,0
Bimastos_rubidus,12,0,0,0,0,0,0,0,0,0,0,0,0,0,0
Lobochlamys_segnis,0,0,0,12,0,0,0,0,0,0,0,0,0,0,0
Asparagus_officinalis,0,0,0,0,0,0,0,0,0,0,0,12,0,0,0
Cryptomeria_japonica,0,0,6,0,0,0,0,0,0,0,0,0,0,8,0
Bos_taurus,14,0,0,0,0,0,0,0,0,0,0,0,0,0,0
Bos_taurus,0,5,0,0,9,0,0,0,0,0,0,0,0,0,0
Chydorus_sphaericus_complex_sp_A1,0,0,0,0,0,0,0,0,0,14,0,0,0,0,0
Octolasion_cyaneum,0,0,0,15,0,0,0,0,0,0,0,0,0,0,0
Porphyrio_melanotus,0,0,16,0,0,0,0,0,0,0,0,0,0,0,0
Anas_platyrhynchos,12,0,0,0,0,0,4,0,0,0,0,0,0,0,0
Astacopsidrilus_sp_n_MK_2019,16,0,0,0,0,0,0,0,0,0,0,0,0,0,0
Stenostomum_leucops,0,0,0,0,16,0,0,0,0,0,0,0,0,0,0
Eiseniella_tetraedra,0,6,11,0,0,0,0,0,0,0,0,0,0,0,0
Bos_taurus,0,0,17,0,0,0,0,0,0,0,0,0,0,0,0
Penthaleidae_sp_Q091,0,0,0,17,0,0,0,0,0,0,0,0,0,0,0
Sus_scrofa,0,0,0,19,0,0,0,0,0,0,0,0,0,0,0
Tubifex_tubifex,0,0,0,0,0,0,0,0,0,0,19,0,0,0,0
Bos_taurus,0,0,0,11,4,0,0,0,0,0,0,5,0,0,0
Bidens_pilosa,0,0,16,0,0,0,0,0,0,0,5,0,0,0,0
Pandorina_morum,0,0,0,0,0,0,0,0,0,0,0,0,0,21,0
Phasianus_colchicus,16,0,0,0,5,0,0,0,0,0,0,0,0,0,0
Nasturtium_officinale,0,0,0,10,5,0,0,0,0,0,6,0,0,0,0
Retropinna_retropinna,0,0,22,0,0,0,0,0,0,0,0,0,0,0,0
Ameiurus_nebulosus,0,0,0,0,23,0,0,0,0,0,0,0,0,0,0
Mentha_pulegium,0,0,0,0,24,0,0,0,0,0,0,0,0,0,0
Cognettia_pseudosphagnetorum,0,13,12,0,0,0,0,0,0,0,0,0,0,0,0
Chaetogaster_diaphanus,0,0,0,0,0,6,6,0,14,0,0,0,0,0,0
Mugil_cephalus,0,0,14,13,0,0,0,0,0,0,0,0,0,0,0
Limnodrilus_hoffmeisteri,0,0,28,0,0,0,0,0,0,0,0,0,0,0,0
Anguilla_australis,30,0,0,0,0,0,0,0,0,0,0,0,0,0,0
Tubifex_tubifex,0,0,30,0,0,0,0,0,0,0,0,0,0,0,0
Paraphysomonas_sp,12,0,10,9,0,0,0,0,0,0,0,0,0,0,0
Aulodrilus_pluriseta,0,21,10,0,0,0,0,0,0,0,0,0,0,0,0
Anguilla_australis,18,0,0,0,5,8,0,0,0,0,0,0,0,0,0
Gambusia_affinis,6,0,0,4,0,18,0,0,0,0,0,4,0,0,0
Ranoidea_aurea,8,14,0,9,5,0,0,0,0,0,0,0,0,0,0
Mugil_cephalus,20,0,0,0,17,0,0,0,0,0,0,0,0,0,0
Oryctolagus_cuniculus,0,0,0,0,0,0,0,0,0,0,0,0,0,40,0
Limnodrilus_hoffmeisteri,14,15,0,12,0,0,0,0,0,0,0,0,0,0,0
Persicaria_thunbergii,0,0,24,0,19,0,0,0,0,0,0,0,0,0,0
Ovis_aries,0,0,0,21,6,0,0,0,0,0,0,0,0,18,0
Lampropholis_delicata,46,0,0,0,0,0,0,0,0,0,0,0,0,0,0
Gambusia_affinis,0,48,0,0,0,0,0,0,0,0,0,0,0,0,0
Branta_canadensis,18,13,5,14,19,0,0,0,0,0,0,0,0,0,0
Nitzschia_palea,0,0,0,5,0,14,8,14,18,10,0,0,0,0,0
Capra_hircus,0,0,0,0,0,0,0,70,0,0,0,0,0,0,0
Fringilla_coelebs,0,71,0,0,0,0,0,0,0,0,0,0,0,0,0
Trichosurus_vulpecula,0,0,0,41,31,0,0,0,0,0,0,0,0,0,0
Eubosmina_coregoni,0,0,0,0,0,76,0,0,0,0,0,0,0,0,0
Paraphysomonas_sp,8,13,10,26,21,0,0,0,0,0,0,0,0,0,0
Zosterops_lateralis,0,0,0,0,11,0,0,0,0,0,20,0,0,49,0
Retropinna_retropinna,0,0,80,0,0,0,0,0,0,0,0,0,0,0,0
Physella_acuta,0,0,0,0,0,12,14,0,0,8,0,16,15,7,8
Cyprinus_rubrofuscus,20,7,0,0,7,0,0,0,19,0,0,15,4,5,6
Scardinius_erythrophthalmus,0,0,0,0,0,84,0,0,0,0,0,0,0,0,0
Trichosurus_vulpecula,14,12,24,0,36,0,0,0,0,0,0,0,0,0,0
Trichosurus_vulpecula,38,6,0,0,0,0,0,0,0,52,0,0,0,0,0
Rhopalosiphum_padi,40,22,15,15,13,0,0,0,0,0,0,0,0,0,0
Ranoidea_aurea,14,0,16,58,21,0,0,0,0,0,0,0,0,0,0
Physella_acuta,0,0,0,0,0,10,18,0,0,0,4,31,26,11,13
Porcellio_scaber,0,0,0,0,0,0,0,0,0,0,119,0,0,0,0
Trichosurus_vulpecula,0,10,20,52,40,0,0,0,0,0,0,0,0,0,0
Cygnus_atratus,74,6,15,0,26,0,0,0,0,0,0,4,0,0,0
Phalacrocorax_carbo,24,79,0,24,0,0,0,0,0,0,0,0,0,0,0
Gambusia_affinis,20,0,0,0,0,12,98,0,0,0,0,0,0,0,0
Neochanna_diversus,74,0,19,38,0,0,0,0,0,0,0,0,0,0,0
Ovis_aries,0,0,0,0,14,0,0,0,0,0,10,56,0,46,9
Felis_catus,0,0,0,150,0,0,0,0,0,0,0,0,0,0,0
Phytophthora_riparia,0,0,0,0,0,0,0,0,0,0,15,38,23,26,52
Chaetogaster_diaphanus,50,18,17,22,0,12,24,0,0,0,0,0,0,14,0
Prunella_modularis,0,0,0,0,171,0,0,0,0,0,0,0,0,0,0
Trichosurus_vulpecula,84,5,50,33,0,0,0,0,0,0,0,0,0,5,0
Chlamydomonas_sp_KSA1,0,0,0,0,0,0,20,58,50,54,0,0,0,0,0
Ceratophysella_aff_denticulata_L3,0,0,0,0,0,0,0,0,188,0,0,0,0,0,0
Aporrectodea_caliginosa,68,61,35,18,24,0,0,0,0,0,0,0,0,0,0
Cervus_elaphus,104,0,16,0,25,0,58,0,0,0,0,0,0,0,50
Gobiomorphus_cotidianus,0,0,0,0,0,0,0,0,0,0,0,0,0,0,289
Dama_dama,114,47,26,13,0,0,0,0,0,0,0,0,104,0,0
Cygnus_atratus,0,78,36,4,0,128,0,0,22,44,0,0,0,0,0
Ameiurus_nebulosus,82,84,14,110,6,0,0,0,0,0,0,4,8,5,0
Phasianus_colchicus,114,96,24,36,55,0,0,0,0,0,0,0,0,0,0
Limnodrilus_udekemianus,0,0,0,0,0,0,0,0,0,0,0,339,0,0,0
Scardinius_erythrophthalmus,150,0,19,28,25,30,82,0,0,10,0,0,0,0,0
Neochanna_diversus,58,0,6,44,0,72,0,0,0,0,0,73,0,109,0
Felis_catus,0,0,0,362,0,0,0,0,0,0,0,0,0,0,0
Physella_acuta,24,0,0,0,6,52,46,0,40,0,42,120,18,0,17
Anguilla_australis,156,76,0,5,8,0,74,28,5,16,0,0,0,0,0
Paraphysomonas_sp,118,15,26,50,71,0,0,0,4,0,8,17,13,28,24
Eukerria_saltensis,172,67,44,35,64,0,0,0,0,0,0,0,0,0,0
Bos_taurus,0,157,0,141,99,0,0,0,0,0,0,0,0,0,0
Passer_domesticus,0,0,0,0,0,138,0,202,0,0,0,83,0,0,0
Vitreochlamys_aulata,0,0,0,0,0,214,44,120,34,18,0,0,0,0,0
Lumbricus_rubellus,0,133,199,57,51,0,0,0,0,0,0,0,0,0,0
Microcarbo_melanoleucos,0,0,0,0,0,0,0,0,0,0,37,97,103,91,143
Neochanna_diversus,0,0,0,0,0,0,0,300,0,0,0,0,0,0,175
Limnodrilus_hoffmeisteri,252,101,133,25,0,12,0,0,0,0,0,0,0,0,15
Ameiurus_nebulosus,366,0,0,145,25,0,0,0,0,0,0,0,13,0,0
Physella_acuta,0,6,0,0,0,34,24,28,44,20,22,121,97,78,95
Tetraspora_sp_UTEX_LB_234,0,0,0,0,0,30,108,436,9,0,0,0,0,0,0
Mugil_cephalus,44,0,0,0,11,86,222,0,26,216,0,0,0,0,0
Tubifex_tubifex,0,0,42,0,0,8,0,0,0,0,578,0,0,0,0
Lumbricus_castaneus,194,150,145,85,83,0,0,0,0,0,0,0,0,0,0
Lumbricus_rubellus,190,162,144,88,77,0,0,0,0,0,0,5,0,0,0
Paraphysomonas_sp,0,0,0,0,8,0,0,0,0,0,89,174,147,175,99
Eubosmina_coregoni,0,0,0,0,0,92,152,236,190,28,0,10,0,5,148
Ameiurus_nebulosus,318,0,13,246,50,0,0,0,0,0,0,33,0,297,0
Mugil_cephalus,14,50,8,0,66,348,0,250,0,282,0,0,0,0,0
Stentor_roeselii,310,67,62,69,51,198,154,150,17,92,0,0,0,0,0
Mugil_cephalus,0,0,231,0,124,248,0,0,101,494,0,0,0,0,0
Anas_chlorotis_or_gracilis,0,0,0,0,0,154,0,248,0,890,0,0,0,0,0
Limnodrilus_hoffmeisteri,40,61,20,96,56,6,18,0,0,0,101,884,30,0,22
Gambusia_affinis,484,339,141,237,118,28,36,4,0,0,0,9,9,0,22
Ameiurus_nebulosus,208,23,125,49,168,0,0,0,116,0,0,95,560,0,87
Mallomonas_sp,462,150,246,518,253,0,0,0,0,0,0,0,0,0,0
Bos_taurus,432,231,151,646,169,0,0,0,0,0,0,0,15,8,0
Anguilla_australis,0,6,0,0,0,560,282,364,599,240,0,0,0,0,0
Bos_taurus,674,213,222,796,206,0,0,0,0,0,0,0,0,0,0
Phasianus_colchicus,768,418,201,396,377,0,0,0,0,0,0,0,0,0,0
Paratanytarsus_grimmii,228,71,48,75,117,592,316,164,405,142,0,0,6,0,0
Gambusia_affinis,0,0,0,0,0,1520,0,0,0,542,0,477,0,0,0
Anguilla_australis,1074,580,425,343,243,12,34,0,0,0,0,4,7,6,0
Trichosurus_vulpecula,798,466,215,560,342,0,0,124,12,136,121,0,0,177,21
Emberiza_citrinella,0,0,0,0,209,606,582,872,665,750,0,0,0,0,0
Bothrioneurum_vejdovskyanum,0,0,0,32,0,0,0,0,0,0,886,67,2146,673,49
Bos_taurus,1410,365,330,1337,418,0,0,0,0,0,0,0,0,16,0
Daphnia_galeata,0,0,0,0,0,0,0,0,0,0,91,804,281,1119,1623
Scardinius_erythrophthalmus,0,0,0,0,0,822,72,392,1290,1454,0,0,0,0,0
Lumbriculus_variegatus,10,6,0,0,8,32,22,8,13,6,984,1072,1367,374,276
Anas_platyrhynchos,102,45,40,109,48,482,672,518,306,936,57,172,640,7,103
Octolasion_lacteum,1156,1225,976,863,539,10,14,0,0,0,37,0,118,32,119
Leptospermum_scoparium,5200,0,0,0,0,0,0,0,0,0,0,0,0,0,0
Cyprinus_rubrofuscus,1976,788,909,572,452,62,38,6,17,0,16,144,121,191,213
Carassius_auratus,830,13,119,492,160,882,606,204,369,690,62,129,473,297,455
Bosmina_longirostris,28,0,35,29,28,1300,1608,442,370,42,5,113,17,424,2974
Gambusia_affinis,594,113,235,430,137,1006,1048,2058,981,1022,103,0,404,133,396
Scardinius_erythrophthalmus,0,0,0,0,58,2538,4242,2790,755,1078,0,0,0,0,0
Mesocyclops_leuckarti,158,448,461,779,1461,1684,678,804,519,3042,526,121,382,1654,3805
Carassius_auratus,714,138,187,448,203,3102,1516,1854,1068,2032,241,585,2176,1473,866
Acanthocyclops_robustus,3792,635,903,911,1195,1480,884,556,750,1448,721,656,1260,977,1646
Scardinius_erythrophthalmus,54,62,33,31,116,4438,5792,5144,2442,3992,0,0,0,0,0
Cyprinus_rubrofuscus,4038,366,1547,2283,1529,2918,3192,2652,1287,1582,685,551,234,1228,1428
Anguilla_australis,2436,1031,424,1380,780,5508,3902,6512,3225,4626,123,218,198,301,0
Bos_taurus,9030,4674,3525,7002,6114,270,48,0,28,16,39,223,404,1026,460
Cyprinus_rubrofuscus,1966,995,551,1465,1803,4264,3312,4624,4435,5054,908,2293,2688,2673,3075
Lumbriculus_variegatus,468,299,165,299,134,30,52,0,4,0,8912,7695,11435,7166,3728
Chydorus_brevilabris,14,0,0,0,0,18600,20696,8678,3972,3650,0,0,0,0,789
Arcicella,0,0,0,0,0,0,0,0,0,0,0,0,0,4,0
Pinnularia,0,0,0,0,0,0,0,0,0,4,0,0,0,0,0
Pinnularia,0,0,0,0,0,0,4,0,0,0,0,0,0,0,0
Desulfovibrio,0,0,0,0,0,0,0,0,0,4,0,0,0,0,0
Methylobacterium,0,0,0,0,0,0,0,0,4,0,0,0,0,0,0
Rhizomicrobium,0,0,0,0,0,0,0,0,0,4,0,0,0,0,0
Pseudocandona,0,0,0,0,0,0,4,0,0,0,0,0,0,0,0
Cura,0,0,0,0,0,0,0,0,0,0,0,0,0,4,0
Psychoda,0,0,0,4,0,0,0,0,0,0,0,0,0,0,0
Amarygmus,0,0,0,0,0,4,0,0,0,0,0,0,0,0,0
Phacus,0,0,0,0,0,0,0,4,0,0,0,0,0,0,0
Porphyridium,0,0,0,0,0,0,0,4,0,0,0,0,0,0,0
Cercomonas,0,0,0,0,0,0,4,0,0,0,0,0,0,0,0
Dehalogenimonas,4,0,0,0,0,0,0,0,0,0,0,0,0,0,0
Oligoflexus,4,0,0,0,0,0,0,0,0,0,0,0,0,0,0
Singulisphaera,0,0,0,0,0,0,0,0,0,4,0,0,0,0,0
Emticicia,0,0,0,0,0,0,0,4,0,0,0,0,0,0,0
Lactobacillus,0,0,0,0,0,4,0,0,0,0,0,0,0,0,0
Trachelomonas,4,0,0,0,0,0,0,0,0,0,0,0,0,0,0
Mesocyclops,0,0,0,0,0,0,0,0,0,0,0,0,0,4,0
Rhodomonas,0,0,0,0,0,0,0,0,0,0,4,0,0,0,0
Dinobryon,0,0,0,0,5,0,0,0,0,0,0,0,0,0,0
Pristina,0,0,0,0,0,0,0,0,0,0,0,5,0,0,0
Limnophyes,0,0,0,0,5,0,0,0,0,0,0,0,0,0,0
Psychoda,0,0,0,0,0,0,0,0,0,0,0,0,0,0,5
Juncus,0,0,0,0,0,0,0,0,0,0,0,0,0,0,5
Stenostomum,0,0,0,0,5,0,0,0,0,0,0,0,0,0,0
Parisotoma,0,0,0,0,5,0,0,0,0,0,0,0,0,0,0
Holophaga,0,0,5,0,0,0,0,0,0,0,0,0,0,0,0
Adriamonas,0,0,0,0,0,0,0,0,0,0,0,0,0,0,5
Aptinothrips,0,0,0,0,0,0,0,0,0,0,0,0,0,0,5
Coleps,0,6,0,0,0,0,0,0,0,0,0,0,0,0,0
Romboutsia,6,0,0,0,0,0,0,0,0,0,0,0,0,0,0
Strombomonas,0,0,0,0,0,6,0,0,0,0,0,0,0,0,0
Nitzschia,0,0,0,0,0,0,0,6,0,0,0,0,0,0,0
Tribonema,0,0,0,0,0,0,0,0,6,0,0,0,0,0,0
Wislouchiella,0,0,0,0,6,0,0,0,0,0,0,0,0,0,0
Cryptomonas,0,0,0,0,6,0,0,0,0,0,0,0,0,0,0
Limnodrilus,0,0,0,0,0,6,0,0,0,0,0,0,0,0,0
Paratrimastix,0,0,0,0,0,0,0,0,0,6,0,0,0,0,0
Nephroselmis,0,0,0,0,0,6,0,0,0,0,0,0,0,0,0
Cryptomonas,0,0,0,0,0,6,0,0,0,0,0,0,0,0,0
Aquicella,6,0,0,0,0,0,0,0,0,0,0,0,0,0,0
Emticicia,0,0,0,0,0,0,0,0,0,6,0,0,0,0,0
Monomorphina,0,0,0,0,0,0,6,0,0,0,0,0,0,0,0
Hazenia,0,0,6,0,0,0,0,0,0,0,0,0,0,0,0
Oscillibacter,0,0,6,0,0,0,0,0,0,0,0,0,0,0,0
Oedogonium,0,0,0,0,0,0,0,0,0,0,0,0,6,0,0
Stephanocyclus,0,0,0,0,0,0,0,0,0,0,0,0,6,0,0
Vorticella,0,0,0,0,0,0,0,0,0,0,0,0,0,0,6
Vannella,0,0,0,0,0,0,0,0,7,0,0,0,0,0,0
Galium,0,0,0,0,0,0,0,0,0,0,0,0,0,0,7
Potentilla,0,0,0,0,0,0,0,0,0,0,0,7,0,0,0
Paludibacter,0,0,0,0,0,0,0,0,0,0,0,0,7,0,0
Cryptomonas,0,0,0,0,7,0,0,0,0,0,0,0,0,0,0
Chaetonotus,0,0,0,0,0,0,0,0,0,0,0,0,7,0,0
Chaetonotus,0,0,0,0,0,0,0,0,0,0,0,0,7,0,0
Nais,0,0,0,0,0,0,0,0,0,0,0,0,7,0,0
Flectobacillus,0,0,0,0,0,0,0,0,0,0,0,0,7,0,0
Histriculus,0,0,0,0,0,0,0,0,0,0,0,0,0,0,7
Carchesium,0,0,0,8,0,0,0,0,0,0,0,0,0,0,0
Smittia,8,0,0,0,0,0,0,0,0,0,0,0,0,0,0
Lepocinclis,0,0,0,0,0,0,0,0,0,8,0,0,0,0,0
Methanobacterium,0,0,0,0,0,0,0,8,0,0,0,0,0,0,0
Dileptus,0,0,0,0,0,0,0,0,0,0,0,8,0,0,0
Cryptomonas,0,0,0,0,0,0,8,0,0,0,0,0,0,0,0
Rhizomicrobium,0,0,0,0,0,8,0,0,0,0,0,0,0,0,0
Paludibaculum,0,0,0,0,0,0,8,0,0,0,0,0,0,0,0
Methanosarcina,0,0,0,0,0,0,4,4,0,0,0,0,0,0,0
Bolboschoenus,0,0,0,0,0,0,0,0,0,0,8,0,0,0,0
Oncorhynchus,8,0,0,0,0,0,0,0,0,0,0,0,0,0,0
Euglena,0,0,0,0,0,8,0,0,0,0,0,0,0,0,0
Methanospirillum,0,0,0,0,0,8,0,0,0,0,0,0,0,0,0
Lepocinclis,0,0,0,0,0,0,0,0,0,8,0,0,0,0,0
Monomorphina,0,0,0,0,0,0,8,0,0,0,0,0,0,0,0
Cercomonas,0,0,0,0,0,0,8,0,0,0,0,0,0,0,0
Carchesium,0,0,0,0,9,0,0,0,0,0,0,0,0,0,0
Synura,0,0,10,0,0,0,0,0,0,0,0,0,0,0,0
Methylobacterium,0,0,10,0,0,0,0,0,0,0,0,0,0,0,0
Chaenea,10,0,0,0,0,0,0,0,0,0,0,0,0,0,0
Limnodrilus,0,0,0,0,0,0,10,0,0,0,0,0,0,0,0
Zoogloea,0,0,0,0,0,0,0,0,0,10,0,0,0,0,0
Ethanoligenens,0,0,0,0,0,0,0,0,0,10,0,0,0,0,0
Curcuma,0,0,0,0,0,0,10,0,0,0,0,0,0,0,0
Euglena,0,0,0,0,0,0,10,0,0,0,0,0,0,0,0
Platyreta,0,0,0,0,0,0,10,0,0,0,0,0,0,0,0
Nocardioides,0,0,0,0,0,0,0,0,0,10,0,0,0,0,0
Anaeromyxobacter,0,0,0,0,0,10,0,0,0,0,0,0,0,0,0
Salpingoeca,0,0,0,0,0,0,10,0,0,0,0,0,0,0,0
Limnodrilus,0,0,0,0,0,0,0,0,0,0,0,0,0,0,10
Brachionus,0,0,0,0,0,0,0,0,0,0,10,0,0,0,0
Vorticella,0,0,0,0,0,0,0,0,0,0,0,0,0,0,11
Protocyclidium,0,0,11,0,0,0,0,0,0,0,0,0,0,0,0
Phytocercomonas,0,0,0,0,0,0,0,0,11,0,0,0,0,0,0
Goniomonas,0,0,0,0,0,0,0,0,0,0,0,0,0,0,11
Acyrthosiphon,0,0,0,0,0,0,0,0,12,0,0,0,0,0,0
Methanospirillum,0,0,0,0,0,0,0,12,0,0,0,0,0,0,0
Rhizomicrobium,0,0,0,0,0,0,12,0,0,0,0,0,0,0,0
Nephroselmis,12,0,0,0,0,0,0,0,0,0,0,0,0,0,0
Aptinothrips,0,0,0,0,0,0,0,0,0,0,0,0,0,0,12
Aspergillus,0,0,0,0,0,0,0,0,0,0,0,13,0,0,0
Juncus,0,0,0,0,4,0,0,0,0,0,9,0,0,0,0
Phacus,0,0,0,13,0,0,0,0,0,0,0,0,0,0,0
Ameiurus,0,0,13,0,0,0,0,0,0,0,0,0,0,0,0
Wislouchiella,0,0,13,0,0,0,0,0,0,0,0,0,0,0,0
Flavobacterium,0,0,0,0,0,0,0,0,0,0,0,14,0,0,0
Aeromonas,8,0,0,0,0,0,6,0,0,0,0,0,0,0,0
Nocardioides,0,0,0,0,0,0,0,0,0,14,0,0,0,0,0
Tetrahymena,14,0,0,0,0,0,0,0,0,0,0,0,0,0,0
Pythium,0,0,0,0,0,0,0,0,0,0,0,0,0,14,0
Chaetonotus,0,0,0,0,0,14,0,0,0,0,0,0,0,0,0
Piper,0,0,15,0,0,0,0,0,0,0,0,0,0,0,0
Stentor,0,0,15,0,0,0,0,0,0,0,0,0,0,0,0
Cura,0,0,0,0,0,0,0,0,0,0,0,0,16,0,0
Physella,0,0,0,0,0,0,0,0,0,16,0,0,0,0,0
Phasianus,0,16,0,0,0,0,0,0,0,0,0,0,0,0,0
Chloromonas,0,0,0,17,0,0,0,0,0,0,0,0,0,0,0
Hazenia,0,17,0,0,0,0,0,0,0,0,0,0,0,0,0
Flectobacillus,0,0,0,0,0,0,0,0,0,0,11,0,0,0,6
Nais,0,0,0,0,0,0,0,0,0,0,0,0,17,0,0
Phacus,0,0,0,0,0,0,18,0,0,0,0,0,0,0,0
Phacus,0,0,0,0,4,14,0,0,0,0,0,0,0,0,0
Geranium,0,0,0,0,11,0,0,0,0,0,0,0,0,0,7
Sphingorhabdus,0,0,18,0,0,0,0,0,0,0,0,0,0,0,0
Neobodo,0,0,0,0,0,18,0,0,0,0,0,0,0,0,0
Anacardium,0,0,0,0,0,0,18,0,0,0,0,0,0,0,0
Nitzschia,18,0,0,0,0,0,0,0,0,0,0,0,0,0,0
Mastigella,0,0,0,0,0,0,18,0,0,0,0,0,0,0,0
Hypotrichidium,0,0,0,0,0,0,0,0,0,0,0,19,0,0,0
Roseiarcus,0,0,0,0,0,20,0,0,0,0,0,0,0,0,0
Bodo,0,0,0,0,0,0,0,20,0,0,0,0,0,0,0
Nitzschia,0,0,0,0,0,0,0,0,0,20,0,0,0,0,0
Anguilla,0,0,0,0,0,20,0,0,0,0,0,0,0,0,0
Ranunculus,0,21,0,0,0,0,0,0,0,0,0,0,0,0,0
Clostridium,0,0,0,0,0,0,16,0,0,0,5,0,0,0,0
Hydrogenophaga,0,0,0,0,0,0,0,22,0,0,0,0,0,0,0
Monosiga,0,0,0,0,0,16,6,0,0,0,0,0,0,0,0
Microglena,22,0,0,0,0,0,0,0,0,0,0,0,0,0,0
Populus,0,0,22,0,0,0,0,0,0,0,0,0,0,0,0
Phytocercomonas,0,0,0,0,0,0,0,22,0,0,0,0,0,0,0
Stentor,0,0,13,0,0,0,0,0,10,0,0,0,0,0,0
Spumella,14,9,0,0,0,0,0,0,0,0,0,0,0,0,0
Trichodina,0,0,0,0,0,0,0,0,0,0,23,0,0,0,0
Oedogonium,10,0,0,0,0,0,0,0,14,0,0,0,0,0,0
Mucilaginibacter,0,14,10,0,0,0,0,0,0,0,0,0,0,0,0
Pythium,0,0,0,0,0,0,0,0,0,0,0,0,12,12,0
Stichotricha,0,0,0,0,0,0,24,0,0,0,0,0,0,0,0
Chaetonotus,0,0,0,0,0,24,0,0,0,0,0,0,0,0,0
Chaetonotus,0,0,0,0,0,0,0,0,0,0,0,0,24,0,0
Pisidium,8,5,0,12,0,0,0,0,0,0,0,0,0,0,0
Arenimonas,20,5,0,0,0,0,0,0,0,0,0,0,0,0,0
Plantago,0,0,0,0,0,0,0,0,25,0,0,0,0,0,0
Paraphysomonas,0,0,0,0,0,0,0,0,0,0,0,0,25,0,0
Myosotis,0,0,0,0,17,0,0,0,0,0,10,0,0,0,0
Nitzschia,0,0,0,0,0,0,6,0,9,12,0,0,0,0,0
Ulex,0,0,0,0,0,0,28,0,0,0,0,0,0,0,0
Adriamonas,0,0,0,0,0,0,0,0,0,0,5,8,0,15,0
Phytocercomonas,0,0,0,0,0,0,28,0,0,0,0,0,0,0,0
Phytocercomonas,0,0,0,0,0,0,28,0,0,0,0,0,0,0,0
Cryptomonas,12,0,0,7,0,0,0,0,0,0,0,5,0,5,0
Spirogyra,0,0,0,0,0,0,0,30,0,0,0,0,0,0,0
Reyranella,20,0,0,0,0,10,0,0,0,0,0,0,0,0,0
Desulfovibrio,0,0,0,0,0,30,0,0,0,0,0,0,0,0,0
Holcus,0,0,0,0,31,0,0,0,0,0,0,0,0,0,0
Rhodobacter,0,0,0,0,0,0,10,0,5,16,0,0,0,0,0
Spumella,0,22,9,0,0,0,0,0,0,0,0,0,0,0,0
Cryptomonas,0,0,4,0,0,0,28,0,0,0,0,0,0,0,0
Clostridium,0,0,0,0,0,0,0,32,0,0,0,0,0,0,0
Planophila,20,0,0,5,0,0,0,0,0,0,0,0,7,0,0
Ranunculus,32,0,0,0,0,0,0,0,0,0,0,0,0,0,0
Candidatus_Rhabdochlamydia,0,9,0,0,0,8,0,6,0,0,0,0,0,10,0
Persicaria,24,0,0,9,0,0,0,0,0,0,0,0,0,0,0
Mentha,0,0,0,34,0,0,0,0,0,0,0,0,0,0,0
Desulfosporosinus,0,0,0,0,0,28,0,0,0,0,8,0,0,0,0
Planophila,0,0,15,14,0,0,0,0,0,0,0,0,0,7,0
Tetrahymena,30,6,0,0,0,0,0,0,0,0,0,0,0,0,0
Clostridium,6,0,0,0,0,20,12,0,0,0,0,0,0,0,0
Tetrahymena,16,6,0,9,7,0,0,0,0,0,0,0,0,0,0
Iris,0,0,0,6,0,0,22,6,0,0,5,0,0,0,0
Coleps,24,0,15,0,0,0,0,0,0,0,0,0,0,0,0
Tribonema,0,0,39,0,0,0,0,0,0,0,0,0,0,0,0
Mugil,0,0,39,0,0,0,0,0,0,0,0,0,0,0,0
Dinobryon,12,4,4,7,13,0,0,0,0,0,0,0,0,0,0
Brachionus,0,0,0,0,0,0,0,0,0,0,10,30,0,0,0
Metopus,0,0,0,0,0,0,0,0,0,42,0,0,0,0,0
Australocirrus,30,0,0,0,12,0,0,0,0,0,0,0,0,0,0
Chaetonotus,0,0,0,0,0,0,0,38,5,0,0,0,0,0,0
Bromus,0,0,0,0,0,0,0,0,0,0,0,0,22,23,0
Cryptomonas,30,0,16,0,0,0,0,0,0,0,0,0,0,0,0
Bacteroides,0,0,0,0,0,30,16,0,0,0,0,0,0,0,0
Tribonema,0,0,0,0,0,0,0,0,0,48,0,0,0,0,0
Chaetonotus,0,0,0,0,0,40,0,0,9,0,0,0,0,0,0
Alnus,0,0,34,12,4,0,0,0,0,0,0,0,0,0,0
Gobiomorphus,0,33,0,0,0,0,0,0,0,0,0,0,0,14,4
Anguilla,0,0,0,0,0,0,0,0,51,0,0,0,0,0,0
Keratella,0,0,0,0,0,0,0,0,0,0,0,23,0,21,8
Synura,36,9,0,0,8,0,0,0,0,0,0,0,0,0,0
Glyceria,0,0,0,0,53,0,0,0,0,0,0,0,0,0,0
Mugil,0,53,0,0,0,0,0,0,0,0,0,0,0,0,0
Chloromonas,26,11,0,11,7,0,0,0,0,0,0,0,0,0,0
Flavobacterium,40,0,0,0,16,0,0,0,0,0,0,0,0,0,0
Bodo,0,0,0,0,0,0,0,40,16,0,0,0,0,0,0
Neobodo,0,0,0,0,0,40,0,0,16,0,0,0,0,0,0
Tribonema,0,22,0,24,12,0,0,0,0,0,0,0,0,0,0
Novosphingobium,44,0,0,0,7,0,0,0,0,0,0,0,9,0,0
Cryptomonas,0,0,0,0,0,0,38,8,8,6,0,0,0,0,0
Lamprocystis,0,0,0,0,0,0,22,38,0,0,0,0,0,0,0
Anguilla,0,0,0,0,0,0,0,0,0,0,0,0,60,0,0
Metrosideros,0,0,0,61,0,0,0,0,0,0,0,0,0,0,0
Muehlenbeckia,34,0,0,9,20,0,0,0,0,0,0,0,0,0,0
Coprosma,0,0,0,28,0,0,36,0,0,0,0,0,0,0,0
Metopus,0,0,0,0,0,30,30,0,4,0,0,0,0,0,0
Fuscospora,0,0,0,0,0,0,64,0,0,0,0,0,0,0,0
Cryptomonas,0,9,0,0,0,0,28,28,0,0,0,0,0,0,0
Synchaeta,0,0,0,28,0,0,0,0,0,0,24,0,14,0,0
Anguilla,0,0,0,66,0,0,0,0,0,0,0,0,0,0,0
Nevskia,0,0,0,0,0,20,6,20,0,0,7,5,0,9,0
Culex,0,0,0,0,0,0,0,0,0,0,0,7,50,11,0
Chaetonotus,0,0,0,0,0,0,28,0,0,40,0,0,0,0,0
Chlamydomonas,0,20,10,0,0,0,0,38,0,0,0,0,0,0,0
Lobomonas,0,0,0,0,0,0,68,0,0,0,0,0,0,0,0
Anguilla,0,0,0,68,0,0,0,0,0,0,0,0,0,0,0
Brachionus,0,0,0,0,0,0,0,0,0,0,29,41,0,0,0
Novosphingobium,54,17,0,0,0,0,0,0,0,0,0,0,0,0,0
Chaetonotus,0,0,0,0,0,0,40,0,0,32,0,0,0,0,0
Myriophyllum,0,0,0,0,28,0,48,0,0,0,0,0,0,0,0
Cryptomonas,0,0,0,0,0,0,30,0,5,42,0,0,0,0,0
Cryptomonas,0,0,30,0,40,0,0,0,0,0,0,0,0,0,9
Alphamonas,0,0,0,0,0,52,18,0,0,10,0,0,0,0,0
Trifolium,0,0,0,7,30,0,32,0,0,0,7,0,0,0,4
Bodo,0,0,0,0,0,0,46,34,0,0,0,0,0,0,0
Tribonema,58,0,0,0,0,22,0,0,0,0,0,0,0,0,0
Daphnia,0,0,0,0,0,0,0,0,0,0,0,57,13,12,0
Ferribacterium,0,23,0,0,0,0,0,0,0,62,0,0,0,0,0
Phytocercomonas,0,0,0,0,0,28,58,0,0,0,0,0,0,0,0
Vorticella,64,26,0,0,0,0,0,0,0,0,0,0,0,0,0
Ruminiclostridium,0,0,0,0,0,90,0,0,0,0,0,0,0,0,0
Metopus,0,0,0,0,0,20,56,0,15,0,0,0,0,0,0
Daphnia,0,0,0,0,0,0,0,0,0,0,18,67,6,0,0
Tintinnopsis,50,14,6,7,11,0,0,0,0,0,0,4,0,0,0
Anguilla,0,0,0,0,0,0,0,92,0,0,0,0,0,0,0
Physella,0,0,0,0,0,0,0,0,0,0,0,0,100,0,0
Australocirrus,26,44,31,0,0,0,0,0,0,0,0,0,0,0,0
Ranunculus,0,0,0,8,70,0,0,0,0,0,0,0,0,9,16
Emticicia,48,16,9,10,20,0,0,0,0,0,0,0,0,0,0
Turdus,0,0,0,0,0,0,0,0,0,0,0,104,0,0,0
Keratella,0,0,0,0,0,0,0,0,0,0,27,38,23,18,0
Pinnularia,0,0,0,0,0,34,6,14,35,28,0,0,0,0,0
Chaetonotus,20,18,4,0,4,20,38,14,0,0,0,0,0,0,0
Anguilla,0,0,0,0,0,124,0,0,0,0,0,0,0,0,0
Spirostomum,0,0,0,0,0,0,0,56,0,70,0,0,0,0,0
Thiodictyon,0,0,0,0,0,90,42,0,0,0,0,0,0,0,0
Nitzschia,38,0,9,11,5,26,28,0,25,0,0,0,0,0,0
Sphingomonas,0,0,0,0,0,36,60,14,13,30,0,0,0,0,0
Nais,28,0,0,0,12,16,8,0,0,0,0,8,0,0,81
Alphamonas,0,0,0,0,0,0,62,26,0,68,0,0,0,0,0
Limnobacter,0,0,0,0,0,66,30,14,13,0,11,6,13,10,0
Anguilla,0,0,0,0,0,0,168,0,0,0,0,0,0,0,0
Tintinnopsis,132,9,10,4,10,0,0,0,0,0,0,5,0,0,0
Thiothrix,0,0,7,0,0,56,32,30,9,36,0,0,0,0,0
Limnodrilus,20,0,11,27,0,0,16,0,0,0,13,25,10,37,26
Trachelius,106,19,24,23,18,0,0,0,0,0,0,0,0,0,0
Pandorina,0,0,0,0,0,0,0,0,0,0,46,41,40,66,0
Spirochaeta,16,0,0,0,0,80,0,0,47,26,11,0,12,0,5
Flavobacterium,118,33,0,23,26,0,0,0,0,0,0,0,0,0,0
Chaetonotus,34,4,7,0,4,44,84,26,0,0,0,0,0,0,0
Nais,0,0,0,0,0,0,0,0,6,0,0,0,199,0,0
Nephroselmis,86,0,0,81,25,0,0,0,0,24,0,0,0,0,0
Brassica,0,0,0,8,0,0,0,0,0,0,0,0,215,0,0
Rhopalosiphum,0,0,0,0,0,10,0,4,0,212,0,0,0,0,0
Flavobacterium,44,12,0,0,24,0,0,0,0,0,28,16,21,67,20
Daphnia,0,0,0,0,0,0,0,0,0,0,11,48,0,36,148
Spirostomum,0,0,0,0,0,0,0,114,0,132,0,0,0,0,0
Mallomonas,78,57,45,42,28,0,0,0,0,0,0,0,0,0,0
Prevotella,0,0,0,0,5,108,50,64,7,18,0,0,0,0,0
Rhodoblastus,34,0,0,0,0,30,12,48,0,82,0,16,31,0,0
Urocentrum,0,0,0,0,0,0,0,0,0,0,19,72,47,69,48
Rhodoluna,0,0,0,0,0,10,16,22,0,0,51,44,33,51,34
Mallomonas,98,46,49,29,47,0,0,0,0,0,0,0,0,0,0
Trachelius,192,19,0,74,0,0,0,0,0,0,0,0,0,0,0
Rumex,0,0,0,0,179,0,18,14,0,0,33,42,0,0,0
Urocentrum,0,0,0,0,0,0,0,0,0,0,38,55,72,66,58
Frontonia,0,0,0,0,0,0,0,0,0,0,18,60,104,59,63
Pseudoflavonifractor,120,63,9,39,74,0,0,0,0,0,0,0,0,0,0
Ranunculus,50,121,47,38,55,0,0,0,0,0,0,0,0,0,16
Chilodonella,0,0,0,0,0,0,108,72,32,0,9,28,28,26,26
Geothrix,16,0,0,5,0,90,48,88,27,70,6,0,0,12,0
Holcus,242,0,0,32,36,54,0,0,0,0,0,0,0,0,0
Vorticella,0,0,0,0,14,0,0,0,0,0,39,95,89,92,55
Frontonia,0,0,0,0,0,0,0,0,0,0,44,89,120,71,73
Sulfuricurvum,0,0,0,0,0,102,80,66,46,140,0,0,0,0,0
Paspalum,0,0,0,120,0,0,318,0,0,0,0,0,0,0,0
Paludibacter,12,4,0,0,0,88,96,88,38,60,17,11,7,18,7
Chilodonella,0,0,0,0,0,0,168,78,37,0,38,30,31,38,28
Halteria,138,62,68,62,73,0,0,0,0,0,0,24,0,0,26
Malikia,42,18,12,13,17,0,0,0,0,0,84,73,86,84,32
Persicaria,0,0,292,0,161,32,0,0,0,0,18,0,0,9,0
Halteria,204,86,104,91,54,0,0,0,0,0,0,0,0,0,0
Rhodoluna,30,0,11,0,13,12,0,0,0,0,115,83,103,107,66
Synchaeta,0,0,0,0,38,0,0,0,0,0,28,37,216,168,98
Dero,44,16,20,43,6,0,0,0,0,0,0,26,20,411,5
Poa,0,0,0,0,0,0,0,0,0,472,0,0,0,80,52
Urotricha,0,31,14,27,18,0,0,0,0,0,63,68,133,123,130
Typha,186,131,178,34,90,0,0,0,0,0,0,0,0,0,0
Persicaria,0,43,21,10,79,118,20,134,45,128,0,17,0,0,6
Polaromonas,80,27,24,21,36,100,64,120,38,122,0,0,0,0,0
Anthoxanthum,40,0,0,0,33,0,0,0,0,0,55,181,145,148,91
Polynucleobacter,178,79,23,60,54,0,0,0,0,0,98,73,61,73,47
Ilyodrilus,268,189,183,109,72,0,0,0,0,0,0,0,0,0,0
Synchaeta,92,41,49,227,407,0,0,0,0,0,0,17,0,0,0
Plantago,0,0,5,8,9,0,56,60,0,0,249,84,115,134,201
Bothrioneurum,366,119,152,24,121,0,82,0,0,0,0,0,0,53,12
Cochliopodium,212,63,58,54,124,160,90,50,113,30,0,0,7,4,0
Stentor,198,70,62,80,72,296,136,88,22,22,0,0,0,0,0
Synura,388,177,228,118,151,0,12,0,0,0,0,13,22,27,35
Synura,262,239,239,174,102,0,0,0,0,0,10,47,40,41,38
Quercus,0,0,0,0,0,0,0,0,0,1246,0,0,0,0,0
Lotus,0,0,8,27,263,64,0,54,15,570,27,12,38,166,60
Chamaedrilus,0,0,0,0,10,0,0,0,0,0,812,294,144,4,54
Nais,434,92,129,248,137,12,38,0,9,0,6,22,0,10,451
Flavobacterium,574,171,146,90,261,0,0,0,14,0,108,50,67,84,54
Mugil,410,181,0,0,0,0,8,472,0,608,0,0,0,0,0
Plantago,246,0,19,0,26,48,38,198,0,238,149,178,201,190,187
Bothrioneurum,550,291,212,144,98,62,0,0,9,0,0,0,0,0,375
Cryptomonas,142,78,70,70,54,382,474,188,178,272,0,0,0,0,0
Cryptomonas,470,254,222,240,460,0,0,0,0,0,25,80,94,94,43
Cryptomonas,428,259,282,316,319,0,0,0,0,0,54,68,93,103,80
Cryptomonas,62,86,67,72,59,422,576,306,127,276,0,12,15,9,0
Pinus,0,0,483,69,0,0,762,0,0,830,0,0,0,0,0
Sulfuricurvum,16,0,7,6,12,748,622,1138,266,1138,0,0,0,0,0
Phytophthora,96,37,32,106,61,0,0,0,0,0,409,778,938,771,875
Podocarpus,0,0,0,0,0,66,0,0,96,4110,0,0,0,0,0
Gonium,1146,518,891,655,417,112,0,0,0,0,83,161,404,279,15
Chamaedrilus,44,74,17,51,122,0,0,0,0,0,2741,853,812,12,338
Glyceria,0,0,1331,2747,0,96,1898,28,0,0,0,0,0,0,0
Ludwigia,3066,1371,1536,956,1124,0,0,0,0,0,0,0,15,0,0
Ludwigia,0,0,16,0,5824,0,0,16,2124,0,43,27,25,18,0
Simocephalus,64,12,14,27,21,2896,1024,12148,5630,11458,64,75,140,119,140
