﻿tax_assignment,UID525720,UID525630,UID525729,UID525629,UID525723,UID525557,UID525560,UID525638,UID525639,UID525602,UID525681,UID525680,UID525636,UID525682,UID525635
Dero_digitata,0,0,0,4,0,0,0,0,0,0,0,0,0,0,0
Anguilla_australis,0,0,0,4,0,0,0,0,0,0,0,0,0,0,0
Fringilla_coelebs,0,0,0,4,0,0,0,0,0,0,0,0,0,0,0
Amynthas_corticis,0,0,4,0,0,0,0,0,0,0,0,0,0,0,0
Rhipidura_fuliginosa,0,0,0,4,0,0,0,0,0,0,0,0,0,0,0
Lumbriculus_variegatus,0,0,0,0,0,0,0,0,0,0,0,0,0,0,5
Psychodidae_sp_BOLD_AAU4648,0,0,0,0,5,0,0,0,0,0,0,0,0,0,0
Rattus_rattus,5,0,0,0,0,0,0,0,0,0,0,0,0,0,0
Bos_taurus,0,0,0,5,0,0,0,0,0,0,0,0,0,0,0
Limnodrilus_udekemianus,6,0,0,0,0,0,0,0,0,0,0,0,0,0,0
Bos_taurus,0,6,0,0,0,0,0,0,0,0,0,0,0,0,0
Craspedacusta_sowerbii,0,0,6,0,0,0,0,0,0,0,0,0,0,0,0
Circus_approximans,0,0,6,0,0,0,0,0,0,0,0,0,0,0,0
Trichosurus_vulpecula,0,0,0,0,0,0,0,0,0,0,0,0,6,0,0
Eiseniella_tetraedra,0,0,0,0,0,0,0,0,0,0,6,0,0,0,0
Anguilla_australis,7,0,0,0,0,0,0,0,0,0,0,0,0,0,0
Bos_taurus,0,0,0,7,0,0,0,0,0,0,0,0,0,0,0
Turdus_merula,0,0,0,0,0,0,0,0,0,0,0,0,0,7,0
Cervus_elaphus,0,0,0,0,0,0,0,0,0,0,7,0,0,0,0
Bos_taurus,0,0,8,0,0,0,0,0,0,0,0,0,0,0,0
Equus_caballus,0,0,8,0,0,0,0,0,0,0,0,0,0,0,0
Cognettia_pseudosphagnetorum,0,0,0,4,5,0,0,0,0,0,0,0,0,0,0
Gobiomorphus_basalis,0,0,0,0,9,0,0,0,0,0,0,0,0,0,0
Gambusia_affinis,0,0,0,0,0,0,0,0,0,0,0,0,10,0,0
Capra_hircus,0,0,0,10,0,0,0,0,0,0,0,0,0,0,0
Meleagris_gallopavo,0,0,0,0,11,0,0,0,0,0,0,0,0,0,0
Leptospermum_scoparium,0,12,0,0,0,0,0,0,0,0,0,0,0,0,0
Bidens_pilosa,0,0,0,0,0,0,0,0,0,0,0,12,0,0,0
Porphyrio_melanotus,0,12,0,0,0,0,0,0,0,0,0,0,0,0,0
Tubifex_tubifex,0,12,0,0,0,0,0,0,0,0,0,0,0,0,0
Sison_amomum,0,0,0,0,12,0,0,0,0,0,0,0,0,0,0
Mugil_cephalus,0,0,15,0,0,0,0,0,0,0,0,0,0,0,0
Eiseniella_tetraedra,0,0,0,0,0,0,0,0,0,0,0,15,0,0,0
Scotinosphaera_sp_NIES_154,0,0,0,0,0,0,0,0,16,0,0,0,0,0,0
Chamaecyparis_lawsoniana,0,0,16,0,0,0,0,0,0,0,0,0,0,0,0
Cervus_elaphus,0,0,18,0,0,0,0,0,0,0,0,0,0,0,0
Bos_taurus,0,0,0,0,19,0,0,0,0,0,0,0,0,0,0
Philodendron_cordatum,0,0,0,0,19,0,0,0,0,0,0,0,0,0,0
Potamothrix_bavaricus,0,0,0,0,0,0,0,0,0,0,0,5,14,0,0
Physella_acuta,0,4,0,0,0,0,0,16,0,0,0,0,0,0,0
Cervus_elaphus,0,20,0,0,0,0,0,0,0,0,0,0,0,0,0
Rattus_norvegicus,0,0,0,0,0,0,0,0,0,0,21,0,0,0,0
Eiseniella_tetraedra,8,14,0,0,0,0,0,0,0,0,0,0,0,0,0
Anas_chlorotis_or_gracilis,0,18,0,0,0,0,0,0,0,0,0,0,0,0,5
Cryptomeria_japonica,0,0,24,0,0,0,0,0,0,0,0,0,0,0,0
Phasianus_colchicus,0,24,0,0,0,0,0,0,0,0,0,0,0,0,0
Physella_acuta,0,0,0,0,0,0,0,14,10,0,0,0,0,0,0
Paraphysomonas_sp,0,8,0,10,8,0,0,0,0,0,0,0,0,0,0
Ranoidea_aurea,0,0,0,23,4,0,0,0,0,0,0,0,0,0,0
Stentor_roeselii,0,20,8,0,0,0,0,0,0,0,0,0,0,0,0
Sus_scrofa,0,0,0,0,29,0,0,0,0,0,0,0,0,0,0
Limnodrilus_hoffmeisteri,0,0,0,0,0,0,0,0,0,0,0,29,0,0,0
Rhopalosiphum_padi,0,14,0,16,0,0,0,0,0,0,0,0,0,0,0
Cyprinus_rubrofuscus,0,18,4,11,0,0,0,0,0,0,0,0,0,0,0
Gymnorhina_tibicen,7,0,0,26,0,0,0,0,0,0,0,0,0,0,0
Turdus_philomelos,0,0,0,0,0,0,0,0,0,0,0,34,0,0,0
Mugil_cephalus,0,0,10,12,13,0,0,0,0,0,0,0,0,0,0
Chaetogaster_diastrophus,0,0,4,0,0,0,0,0,0,0,6,0,0,25,0
Tubifex_tubifex,0,0,0,36,0,0,0,0,0,0,0,0,0,0,0
Paraphysomonas_sp,0,0,0,0,0,0,0,0,0,0,0,0,27,11,0
Ameiurus_nebulosus,0,0,0,0,38,0,0,0,0,0,0,0,0,0,0
Fringilla_coelebs,0,0,8,0,31,0,0,0,0,0,0,0,0,0,0
Ranoidea_aurea,5,0,12,24,0,0,0,0,0,0,0,0,0,0,0
Henlea_cf_andreae_PDW_2010,0,36,0,7,0,0,0,0,0,0,0,0,0,0,0
Aporrectodea_trapezoides,0,22,10,12,0,0,0,0,0,0,0,0,0,0,0
Chaetogaster_diastrophus,0,10,0,0,0,0,0,0,0,0,0,0,23,6,8
Hydra_vulgaris,0,0,0,0,0,0,0,0,0,0,0,4,15,23,6
Porcellio_scaber,0,0,0,0,0,0,0,0,0,0,0,0,50,0,0
Mugil_cephalus,0,40,0,0,12,0,0,0,0,0,0,0,0,0,0
Physella_acuta,0,0,0,0,0,0,10,12,6,0,0,0,10,4,11
Anas_platyrhynchos,0,6,6,8,11,0,0,0,0,0,0,4,22,0,0
Astacopsidrilus_sp_n_MK_2019,0,0,56,0,4,0,0,0,0,0,0,0,10,0,0
Zosterops_lateralis,0,0,0,0,0,0,0,0,0,0,0,0,72,0,0
Trichosurus_vulpecula,0,0,0,0,0,0,0,0,0,0,0,0,0,75,0
Sus_scrofa,0,0,0,21,29,0,15,0,0,0,0,12,0,0,0
Ovis_aries,0,4,8,13,0,0,0,0,0,0,8,6,0,45,0
Tubifex_tubifex,0,50,0,25,9,0,0,0,0,0,0,0,0,0,0
Retropinna_retropinna,0,28,14,39,7,0,0,0,0,0,0,0,0,0,0
Neochanna_diversus,0,0,0,0,0,93,0,0,0,0,0,0,0,0,0
Porphyrio_melanotus,61,18,0,27,0,0,0,0,0,0,0,0,0,0,0
Osmunda_regalis,0,0,0,0,8,0,0,0,0,0,26,13,0,35,29
Persicaria_thunbergii,0,66,0,0,48,0,0,0,0,0,0,0,14,0,0
Trichosurus_vulpecula,0,0,0,44,86,0,0,0,0,0,0,0,0,0,0
Acanthocyclops_robustus,0,0,0,131,0,0,0,0,0,0,0,0,0,0,0
Eubosmina_coregoni,0,0,0,0,0,9,0,38,30,0,0,0,35,0,23
Chaetogaster_diaphanus,0,0,0,0,0,10,45,54,20,8,0,0,0,0,0
Retropinna_retropinna,0,84,26,0,29,0,0,0,0,0,0,0,0,0,0
Limnodrilus_hoffmeisteri,0,0,12,0,0,0,0,0,0,0,0,34,36,0,59
Anas_chlorotis_or_gracilis,0,0,0,0,0,45,102,0,0,0,0,0,0,0,0
Paraphysomonas_sp,0,30,0,24,0,0,0,0,0,0,10,12,50,15,6
Cygnus_atratus,8,80,10,40,6,0,0,0,0,0,0,0,12,0,0
Lumbricus_rubellus,0,106,57,0,27,0,0,0,0,0,0,0,0,0,0
Cygnus_atratus,9,14,33,85,0,0,11,0,10,0,0,34,0,0,0
Neochanna_diversus,71,70,9,0,28,0,0,0,0,0,9,0,0,19,0
Gambusia_affinis,28,108,0,34,38,0,0,0,0,0,0,0,0,0,0
Dero_obtusa,0,4,0,0,0,0,4,8,210,0,0,0,0,0,0
Retropinna_retropinna,0,0,0,0,0,0,0,0,0,0,0,0,0,227,0
Tubifex_tubifex,59,126,22,0,5,0,0,0,0,0,6,0,19,0,0
Neochanna_diversus,14,82,11,32,95,7,28,0,0,0,0,0,0,0,0
Dama_dama,26,136,29,98,0,0,0,0,0,0,0,0,0,0,0
Ovis_aries,0,76,0,46,4,0,0,0,0,0,0,24,0,0,139
Cervus_elaphus,0,162,42,48,46,0,11,0,0,6,0,0,0,0,0
Aporrectodea_caliginosa,51,134,41,78,28,0,0,0,0,0,0,0,0,0,0
Trichosurus_vulpecula,6,92,56,71,48,0,6,0,0,0,0,6,5,43,0
Lemna_minor,0,0,0,0,0,0,5,0,362,0,0,0,0,0,0
Paratanytarsus_grimmii,25,58,22,58,15,15,70,98,14,32,0,0,0,0,0
Ameiurus_nebulosus,46,88,180,19,21,0,0,0,0,0,35,0,20,0,0
Trichosurus_vulpecula,6,342,0,29,41,0,0,0,0,0,4,0,0,0,0
Aulodrilus_pluriseta,32,98,20,17,0,0,0,0,0,0,89,4,102,42,49
Ameiurus_nebulosus,61,32,8,0,32,0,0,0,0,0,0,0,161,0,173
Branta_canadensis,6,332,6,84,17,0,0,0,0,0,0,6,7,12,0
Retropinna_retropinna,0,214,259,0,0,0,0,0,0,0,0,0,0,0,0
Gambusia_affinis,14,78,31,76,21,0,0,0,0,0,26,8,191,16,76
Chaetogaster_diaphanus,29,46,33,50,58,27,39,34,8,0,36,32,31,80,38
Bothrioneurum_vejdovskyanum,0,0,0,63,0,0,0,0,0,0,0,578,0,24,40
Anguilla_australis,76,266,209,109,36,0,0,0,0,0,9,0,9,42,0
Daphnia_galeata,0,0,0,0,0,0,0,0,0,0,59,84,159,165,333
Lumbricus_rubellus,161,376,85,93,76,0,0,0,0,0,25,0,0,0,0
Pandorina_morum,0,0,0,0,0,0,0,0,0,0,20,0,538,219,113
Limnodrilus_hoffmeisteri,46,42,62,81,10,0,0,0,0,0,61,158,67,402,42
Ameiurus_nebulosus,41,342,39,19,209,0,0,0,0,0,0,0,0,81,276
Trichosurus_vulpecula,31,210,0,101,32,26,216,0,356,56,28,0,37,0,63
Mallomonas_sp,92,382,280,289,122,0,0,0,0,0,0,0,0,0,0
Limnodrilus_hoffmeisteri,103,292,136,173,24,0,0,0,0,0,14,39,367,91,65
Lumbricus_castaneus,182,560,293,287,102,0,0,0,0,0,0,0,4,0,0
Bos_taurus,109,816,266,359,101,0,0,0,0,0,0,0,0,35,0
Anas_platyrhynchos,36,234,50,90,63,77,0,0,54,10,208,42,220,178,447
Limnodrilus_hoffmeisteri,298,234,234,221,80,0,0,0,0,0,294,109,120,137,65
Scardinius_erythrophthalmus,0,0,0,0,0,0,0,1852,0,0,0,0,0,0,0
Lumbriculus_variegatus,71,460,106,149,37,0,0,0,0,0,186,280,131,278,351
Carassius_auratus,13,86,25,107,0,64,27,0,82,8,149,84,1244,131,270
Anguilla_australis,295,674,117,536,182,0,0,0,0,0,78,92,349,113,112
Neochanna_diversus,0,774,953,0,633,267,40,0,320,0,0,0,163,0,0
Bos_taurus,217,1742,509,727,309,0,0,0,0,0,0,0,0,0,0
Gambusia_affinis,58,116,0,110,31,0,0,0,0,0,147,44,2754,417,0
Eukerria_saltensis,247,188,145,82,81,0,0,0,0,0,59,47,3054,225,257
Octolasion_lacteum,365,824,560,576,212,0,0,0,0,0,226,164,667,663,363
Trichosurus_vulpecula,751,2002,320,374,792,74,435,4,238,110,0,17,41,88,56
Carassius_auratus,22,0,0,137,54,180,256,0,64,63,1086,510,1622,1148,1447
Bos_taurus,567,3070,933,1471,587,0,0,0,0,0,12,32,29,43,0
Bosmina_longirostris,32,200,33,53,16,123,26,160,72,0,0,4,2633,9,6016
Cyprinus_rubrofuscus,1071,2760,1387,1466,1129,10,147,0,22,0,198,40,400,11,796
Scardinius_erythrophthalmus,12,54,41,42,39,86,89,9174,32,4,19,37,0,9,0
Cyprinus_rubrofuscus,1953,2820,2373,1456,782,6,0,0,0,0,141,51,55,82,256
Acanthocyclops_robustus,173,1246,127,133,309,347,1173,1848,942,657,556,1047,777,768,814
Cyprinus_rubrofuscus,1470,3382,1302,2608,1962,35,229,0,284,60,330,101,625,108,1627
Mesocyclops_leuckarti,127,1746,210,386,177,1220,944,1548,624,207,798,874,1578,690,4826
Chydorus_brevilabris,0,0,0,0,0,1582,6813,6276,8852,1462,0,46,0,0,0
Scardinius_erythrophthalmus,82,136,83,199,0,1361,2024,11896,7446,4242,0,66,0,0,0
Bos_taurus,4623,13500,6465,9658,6418,8,5,0,142,10,419,167,1245,696,499
Scardinius_erythrophthalmus,0,12,82,45,4,2574,4045,28904,4492,4415,28,72,0,0,0
Scardinius_erythrophthalmus,0,128,72,67,128,6553,6587,29084,17950,13859,46,98,99,0,193
Euplotes,0,0,0,0,0,0,0,0,0,0,4,0,0,0,0
Phyllocladus,0,0,0,0,4,0,0,0,0,0,0,0,0,0,0
Nephroselmis,0,0,4,0,0,0,0,0,0,0,0,0,0,0,0
Chaetonotus,0,0,0,0,0,4,0,0,0,0,0,0,0,0,0
Clostridium,0,0,4,0,0,0,0,0,0,0,0,0,0,0,0
Juncus,0,4,0,0,0,0,0,0,0,0,0,0,0,0,0
Stenostomum,0,0,0,0,0,4,0,0,0,0,0,0,0,0,0
Paludibaculum,0,0,0,0,0,0,0,0,4,0,0,0,0,0,0
Plagioselmis,0,0,0,0,4,0,0,0,0,0,0,0,0,0,0
Romboutsia,0,4,0,0,0,0,0,0,0,0,0,0,0,0,0
Chaetonotus,0,0,0,0,0,0,0,4,0,0,0,0,0,0,0
Rotaria,0,0,0,0,0,0,0,4,0,0,0,0,0,0,0
Lotus,0,0,0,0,0,4,0,0,0,0,0,0,0,0,0
Trentepohlia,0,0,0,0,0,4,0,0,0,0,0,0,0,0,0
Elusimicrobium,0,0,0,0,0,0,4,0,0,0,0,0,0,0,0
Anas,0,0,0,0,0,0,0,0,0,4,0,0,0,0,0
Chaetonotus,0,0,4,0,0,0,0,0,0,0,0,0,0,0,0
Pseudotrichia,0,0,4,0,0,0,0,0,0,0,0,0,0,0,0
Singulisphaera,0,0,4,0,0,0,0,0,0,0,0,0,0,0,0
Nephroselmis,0,0,4,0,0,0,0,0,0,0,0,0,0,0,0
Porcellio,0,0,0,0,0,0,0,0,0,0,0,0,4,0,0
Oxalis,0,0,0,0,0,0,0,0,0,0,0,0,4,0,0
Limnophyes,0,0,0,0,0,0,0,0,0,0,0,0,5,0,0
Thiothrix,0,0,0,0,0,0,5,0,0,0,0,0,0,0,0
Clostridium,0,0,0,0,0,0,0,0,0,0,5,0,0,0,0
Aeromonas,0,0,0,0,0,0,5,0,0,0,0,0,0,0,0
Arenimonas,0,0,0,0,5,0,0,0,0,0,0,0,0,0,0
Brevundimonas,0,0,0,0,0,0,5,0,0,0,0,0,0,0,0
Hymenobacter,0,0,0,0,0,0,0,0,0,5,0,0,0,0,0
Aquicella,0,0,0,0,0,0,5,0,0,0,0,0,0,0,0
Cryptomonas,0,0,0,0,0,0,0,0,0,5,0,0,0,0,0
Cryptomonas,0,0,5,0,0,0,0,0,0,0,0,0,0,0,0
Gonium,0,0,0,0,6,0,0,0,0,0,0,0,0,0,0
Roseiarcus,0,0,6,0,0,0,0,0,0,0,0,0,0,0,0
Synchaeta,0,0,0,0,0,0,0,0,0,0,0,6,0,0,0
Coleochaete,0,0,0,0,0,0,0,0,0,0,0,0,6,0,0
Ulex,0,0,0,0,6,0,0,0,0,0,0,0,0,0,0
Paludibacter,0,0,0,0,0,0,0,0,0,0,6,0,0,0,0
Lacihabitans,0,0,0,0,0,0,6,0,0,0,0,0,0,0,0
Pinnularia,0,0,0,0,0,0,0,6,0,0,0,0,0,0,0
Trachelius,0,0,0,0,7,0,0,0,0,0,0,0,0,0,0
Metschnikowia,0,0,0,0,0,7,0,0,0,0,0,0,0,0,0
Spirochaeta,0,0,0,0,0,0,0,0,0,0,0,0,0,0,7
Strombomonas,0,8,0,0,0,0,0,0,0,0,0,0,0,0,0
Tetrahymena,0,8,0,0,0,0,0,0,0,0,0,0,0,0,0
Cryptomonas,0,8,0,0,0,0,0,0,0,0,0,0,0,0,0
Persicaria,0,0,8,0,0,0,0,0,0,0,0,0,0,0,0
Flavobacterium,0,0,0,0,0,0,0,0,0,0,0,0,0,8,0
Frontonia,0,0,0,0,0,0,0,0,0,0,0,0,0,5,4
Carex,0,10,0,0,0,0,0,0,0,0,0,0,0,0,0
Methylobacterium,0,0,0,0,0,6,0,0,0,0,0,0,0,0,4
Paralcaligenes,0,0,0,0,0,0,0,10,0,0,0,0,0,0,0
Methylomonas,0,0,0,0,0,0,0,0,0,0,0,0,0,10,0
Desulfovibrio,0,0,0,0,0,5,0,0,0,5,0,0,0,0,0
Desulfovibrio,0,0,0,0,0,0,0,0,10,0,0,0,0,0,0
Leptolegnia,0,0,0,0,0,0,10,0,0,0,0,0,0,0,0
Labilithrix,10,0,0,0,0,0,0,0,0,0,0,0,0,0,0
Phacus,0,0,0,0,0,0,0,0,0,0,0,0,11,0,0
Sphingorhabdus,0,0,0,0,11,0,0,0,0,0,0,0,0,0,0
Plumatella,0,0,0,11,0,0,0,0,0,0,0,0,0,0,0
Chrysanthemum,0,0,0,0,0,0,0,0,0,0,0,0,0,0,11
Reyranella,0,0,0,0,0,0,0,12,0,0,0,0,0,0,0
Candidatus_Solibacter,0,0,0,0,0,0,0,0,12,0,0,0,0,0,0
Tetrahymena,0,12,0,0,0,0,0,0,0,0,0,0,0,0,0
Juncus,0,0,0,0,12,0,0,0,0,0,0,0,0,0,0
Diaminobutyricimonas,0,0,0,0,12,0,0,0,0,0,0,0,0,0,0
Lysinimonas,0,0,0,12,0,0,0,0,0,0,0,0,0,0,0
Chaetonotus,0,0,0,0,0,0,0,0,12,0,0,0,0,0,0
Cryptomonas,0,0,0,0,0,0,0,0,12,0,0,0,0,0,0
Keratella,0,0,0,13,0,0,0,0,0,0,0,0,0,0,0
Nitella,0,0,0,0,0,5,0,0,8,0,0,0,0,0,0
Fuscospora,0,0,0,0,0,0,0,0,0,14,0,0,0,0,0
Potentilla,0,8,0,0,0,0,0,0,0,0,0,0,6,0,0
Coleochaete,0,0,0,0,0,0,0,0,14,0,0,0,0,0,0
Emticicia,0,0,0,0,0,0,0,0,14,0,0,0,0,0,0
Acinetobacter,0,6,0,9,0,0,0,0,0,0,0,0,0,0,0
Pseudolabrys,15,0,0,0,0,0,0,0,0,0,0,0,0,0,0
Muehlenbeckia,0,16,0,0,0,0,0,0,0,0,0,0,0,0,0
Anthoxanthum,0,0,0,0,0,0,0,0,0,0,0,0,0,16,0
Cryptomonas,0,0,0,0,0,0,0,6,10,0,0,0,0,0,0
Carchesium,0,0,0,0,0,0,0,0,0,0,0,17,0,0,0
Erodium,0,0,0,17,0,0,0,0,0,0,0,0,0,0,0
Sediminibacterium,18,0,0,0,0,0,0,0,0,0,0,0,0,0,0
Alnus,0,0,18,0,0,0,0,0,0,0,0,0,0,0,0
Ranunculus,0,18,0,0,0,0,0,0,0,0,0,0,0,0,0
Cellvibrio,0,0,0,0,0,0,0,0,0,0,6,0,0,12,0
Telmatobacter,0,0,9,0,0,0,0,0,10,0,0,0,0,0,0
Frontonia,0,0,0,0,0,0,0,0,0,0,8,0,0,0,11
Ligustrum,0,0,0,0,0,0,0,0,0,0,0,19,0,0,0
Flavobacterium,0,0,0,0,0,0,0,0,0,0,20,0,0,0,0
Machaerina,0,20,0,0,0,0,0,0,0,0,0,0,0,0,0
Brassica,0,0,0,0,0,0,0,0,0,0,0,0,0,21,0
Iris,0,0,0,0,0,0,0,0,0,22,0,0,0,0,0
Metschnikowia,0,0,0,0,0,0,0,22,0,0,0,0,0,0,0
Pristina,0,14,0,5,0,0,0,0,0,0,0,0,0,0,4
Galium,0,0,13,0,0,0,0,0,0,0,0,0,0,10,0
Stentor,0,0,0,0,0,23,0,0,0,0,0,0,0,0,0
Sphingomonas,0,0,0,0,0,23,0,0,0,0,0,0,0,0,0
Synura,0,26,0,0,0,0,0,0,0,0,0,0,0,0,0
Bromus,0,0,0,0,0,0,0,0,0,0,0,0,0,0,28
Stenostomum,0,0,0,0,0,0,0,0,20,0,0,0,8,0,0
Ludwigia,0,0,0,0,0,0,0,0,0,0,0,0,0,30,0
Ferribacterium,10,0,0,21,0,0,0,0,0,0,0,0,0,0,0
Sideroxydans,0,0,0,0,0,0,0,0,32,0,0,0,0,0,0
Stentor,0,16,8,0,0,0,0,0,0,0,10,0,0,0,0
Arcobacter,0,0,0,0,0,7,0,18,0,11,0,0,0,0,0
Chaetonotus,0,16,5,5,0,12,0,0,0,0,0,0,0,0,0
Hydrogenophaga,0,0,0,0,0,0,0,0,20,7,0,0,0,11,0
Synura,0,0,0,0,39,0,0,0,0,0,0,0,0,0,0
Frontonia,0,0,0,0,0,0,0,0,0,0,0,17,0,0,23
Arcicella,0,0,0,0,0,0,0,0,0,0,40,0,0,0,0
Stentor,0,20,11,10,0,0,0,0,0,0,0,0,0,0,0
Chlamydomonas,0,0,0,0,0,0,0,0,0,0,5,0,16,14,6
Persicaria,0,0,0,18,0,0,0,0,0,0,0,0,0,0,23
Spirogyra,0,0,0,0,0,18,0,0,28,0,0,0,0,0,0
Paspalum,0,0,0,0,0,0,0,0,0,47,0,0,0,0,0
Poa,0,0,0,0,0,0,0,0,0,0,0,0,0,47,0
Filinia,0,0,0,0,0,0,0,0,0,0,5,0,0,0,43
Limnodrilus,0,38,0,0,11,0,0,0,0,0,0,0,0,0,0
Gobiomorphus,0,0,44,0,0,0,0,0,0,0,0,0,6,0,0
Rorippa,0,26,0,0,0,0,0,0,0,0,0,0,0,13,14
Novosphingobium,7,0,0,35,0,12,0,0,0,0,0,0,0,0,0
Rhodobacter,0,0,0,0,0,0,0,24,12,20,0,0,0,0,0
Urocentrum,0,0,0,0,0,0,0,0,0,0,0,13,14,0,29
Carchesium,12,0,0,0,0,0,0,0,0,0,0,0,20,0,25
Myosotis,0,0,0,0,6,0,0,0,0,0,0,18,16,0,19
Tolumonas,0,0,0,0,0,0,0,0,0,0,14,12,10,4,19
Chaetonotus,6,26,0,0,0,0,0,30,0,0,0,0,0,0,0
Chaetogaster,0,0,0,0,0,0,0,58,0,4,0,0,0,0,0
Rhodomonas,0,26,0,0,4,0,0,0,0,0,25,0,0,5,5
Coprosma,0,0,0,0,52,0,0,0,0,0,0,0,15,0,0
Microglena,7,48,0,0,13,0,0,0,0,0,0,0,0,0,0
Mallomonas,0,0,24,0,47,0,0,0,0,0,0,0,0,0,0
Novosphingobium,0,0,0,0,0,0,0,0,0,0,31,17,0,17,7
Holcus,0,58,0,0,16,0,0,0,0,0,0,0,0,0,0
Volvox,0,0,0,0,0,23,23,28,0,0,0,0,0,0,0
Chaetogaster,0,0,0,0,0,11,13,46,0,5,0,0,0,0,0
Emticicia,0,0,0,0,0,0,9,26,18,19,8,0,0,0,0
Nevskia,0,0,0,0,0,10,10,36,32,0,0,0,0,0,0
Filinia,0,0,0,0,0,0,0,0,0,0,4,10,8,0,68
Urocentrum,0,0,0,0,0,0,0,0,0,0,0,0,29,42,20
Flavobacterium,0,0,0,0,0,21,0,0,28,42,0,0,0,0,0
Volvox,0,0,0,0,0,22,18,20,34,0,0,0,0,0,0
Spirochaeta,0,0,0,0,0,0,15,36,0,11,20,0,4,8,4
Rhodoblastus,0,60,0,0,0,0,44,0,0,0,0,0,0,0,0
Cryptomonas,0,0,0,0,0,12,33,54,10,0,0,0,0,0,0
Flavobacterium,0,0,0,0,0,0,0,0,0,0,20,0,15,55,21
Mugil,0,52,0,0,64,0,0,0,0,0,0,0,0,0,0
Sulfuricurvum,0,6,0,0,0,12,15,26,52,13,0,0,0,0,0
Halteria,32,44,23,9,0,0,0,0,0,0,0,0,11,0,11
Myriophyllum,0,100,0,0,13,0,0,0,0,0,18,0,0,0,0
Holcus,0,82,0,0,52,0,0,0,0,0,0,0,0,0,0
Trifolium,0,42,0,0,30,0,0,0,0,9,0,27,6,0,27
Candidatus_Rhabdochlamydia,0,0,0,0,0,10,15,30,62,0,15,0,0,11,0
Gobiomorphus,0,0,151,0,0,0,0,0,0,0,0,0,0,0,0
Plantago,0,16,0,26,0,0,0,0,0,0,36,12,33,0,30
Cochliopodium,17,54,27,42,14,0,0,0,0,0,0,0,0,0,0
Flavobacterium,0,0,0,0,0,0,0,0,0,0,18,31,32,58,23
Vorticella,19,86,34,9,20,0,0,0,0,0,0,0,0,0,0
Halteria,11,72,15,10,15,0,0,0,0,0,0,0,30,0,24
Synchaeta,0,0,0,0,0,0,0,0,0,0,24,0,115,0,45
Mallomonas,13,86,28,48,28,0,0,0,0,0,0,0,0,0,0
Phytophthora,0,14,0,15,4,4,15,30,6,0,15,32,42,14,15
Limnodrilus,52,14,30,26,18,0,0,0,0,0,0,40,11,20,0
Cryptomonas,0,78,0,9,0,0,19,70,34,4,0,0,0,0,0
Flavobacterium,0,100,0,64,33,0,0,0,0,0,0,0,0,0,19
Synchaeta,0,32,11,141,0,0,0,0,0,0,0,0,38,0,0
Gobiomorphus,127,0,98,0,0,0,0,0,0,0,0,0,0,0,0
Hypotrichidium,0,0,0,0,0,0,0,0,0,0,20,38,63,17,97
Vorticella,0,0,0,0,0,0,0,0,0,0,7,225,10,16,0
Plantago,0,38,0,0,15,0,0,0,0,0,140,0,25,30,28
Hypotrichidium,0,0,0,0,0,0,0,0,0,0,46,67,59,35,78
Chamaedrilus,16,24,5,56,19,0,6,0,0,0,0,24,46,80,10
Myriophyllum,39,102,77,0,62,0,0,0,0,0,0,0,22,0,0
Rhodoluna,0,0,0,0,0,26,11,10,0,7,69,42,48,55,38
Glyceria,0,206,0,0,104,0,0,0,0,0,0,0,0,0,0
Flavobacterium,0,0,10,51,0,0,0,0,0,61,43,51,31,64,0
Pseudoflavonifractor,14,150,36,78,38,0,0,0,0,0,0,0,0,0,0
Spirostomum,0,0,0,0,0,0,30,266,18,33,0,0,0,0,0
Mallomonas,57,136,58,59,40,0,0,0,0,0,0,0,0,0,0
Typha,18,162,51,51,56,30,0,0,0,0,0,0,0,0,0
Nais,14,144,41,100,68,0,0,0,0,0,0,0,27,0,0
Mallomonas,61,182,59,26,73,0,0,0,0,0,0,0,0,0,0
Geothrix,0,16,0,22,6,44,73,114,106,39,0,0,0,0,0
Ranunculus,42,96,21,72,106,0,0,0,0,0,0,77,22,12,0
Arcicella,0,0,0,0,0,0,0,0,0,0,166,97,56,80,81
Urotricha,22,10,19,13,21,0,0,0,0,0,46,33,123,76,120
Spirostomum,0,0,0,0,0,0,7,254,150,79,0,0,0,0,0
Gobiomorphus,0,0,0,0,0,0,0,0,0,0,0,0,0,231,292
Polaromonas,19,48,0,24,0,60,74,134,170,29,0,0,0,0,0
Persicaria,46,180,81,42,62,13,21,0,24,0,0,0,0,12,80
Rumex,0,292,0,0,79,8,0,12,0,0,84,27,27,0,41
Paludibacter,0,8,0,5,0,77,94,184,128,29,5,16,14,21,11
Persicaria,0,274,118,0,140,0,0,22,0,0,0,0,0,0,82
Cryptomonas,117,244,104,68,81,0,0,0,0,0,19,0,15,0,42
Cryptomonas,95,300,91,87,57,0,0,0,0,0,14,4,10,10,32
Rhodoluna,8,0,0,17,0,11,7,12,40,0,159,117,138,126,122
Polynucleobacter,26,236,30,68,36,9,0,54,18,20,65,50,46,78,42
Malikia,0,0,0,0,0,0,0,0,0,0,331,99,138,107,150
Vorticella,0,0,0,0,0,0,0,0,0,0,118,129,185,103,388
Synura,214,330,147,82,162,0,0,0,0,0,0,0,0,0,0
Bothrioneurum,285,360,155,73,71,0,0,0,0,0,56,0,0,39,0
Synura,169,408,185,206,136,0,0,0,0,0,0,0,0,0,0
Ilyodrilus,194,540,115,108,100,0,0,0,0,0,0,0,10,65,0
Flavobacterium,87,254,69,160,71,0,0,52,22,26,106,108,97,117,94
Synura,237,396,135,83,158,0,0,0,0,0,36,26,81,52,104
Culex,0,0,0,0,0,1387,0,0,0,0,0,0,0,0,0
Synura,229,620,122,131,135,0,0,0,0,0,13,23,32,33,72
Lotus,0,798,0,0,350,0,0,0,0,0,166,69,52,0,21
Glyceria,0,0,1217,0,0,0,0,0,0,342,0,13,0,0,0
Dinobryon,293,542,222,175,356,0,0,0,0,0,0,0,9,0,12
Dinobryon,246,600,247,258,327,0,0,0,0,0,0,0,9,0,4
Dinobryon,97,652,170,537,198,0,0,0,0,0,9,32,105,16,29
Podocarpus,0,28,0,0,11,45,0,206,1270,136,174,0,0,0,0
Tintinnopsis,224,644,338,341,218,0,0,0,0,0,10,42,86,29,72
Ranunculus,0,250,0,0,128,6,0,0,1670,0,0,31,13,0,18
Tintinnopsis,309,542,385,231,346,0,0,0,0,0,55,52,115,49,73
Dero,52,318,47,92,57,4,5,6,106,0,95,96,282,880,293
Bothrioneurum,106,306,179,193,0,36,17,0,0,0,2459,0,147,0,11
Pinus,0,272,83,0,64,72,0,6,3278,15,0,0,5,0,0
Gonium,217,1260,246,175,609,0,0,0,0,0,794,355,489,608,539
Culex,0,0,0,0,0,8715,0,0,0,0,0,0,0,0,0
Simocephalus,0,8,10,13,40,487,1216,4884,4358,2785,0,0,10,0,0
Ludwigia,0,12222,19,0,4497,1911,0,3690,0,0,358,390,213,158,335
Ludwigia,2817,6264,2725,2885,3634,933,906,2754,2124,1072,45,63,266,71,178
