"","Zosterops_lateralis","Zosterops_lateralis","Turdus_philomelos","Turdus_merula","Sturnus_vulgaris","Rhipidura_fuliginosa","Rhipidura_fuliginosa","Prunella_modularis","Prunella_modularis","Porphyrio_melanotus","Porphyrio_melanotus","Porphyrio_melanotus","Phasianus_colchicus","Phasianus_colchicus","Phasianus_colchicus","Phalacrocorax_carbo","Passer_domesticus","Meleagris_gallopavo","Gymnorhina_tibicen","Fringilla_coelebs","Fringilla_coelebs","Emberiza_citrinella","Emberiza_citrinella","Cygnus_atratus","Cygnus_atratus","Circus_approximans","Carduelis_carduelis","Branta_canadensis","Anas_rhynchotis","Anas_platyrhynchos","Anas_platyrhynchos","Anas_platyrhynchos","Anas_chlorotis_or_gracilis","Anas_chlorotis_or_gracilis","Turdus","Phasianus","Carduelis","Anas","Anas","Scardinius_erythrophthalmus","Scardinius_erythrophthalmus","Scardinius_erythrophthalmus","Scardinius_erythrophthalmus","Retropinna_retropinna","Retropinna_retropinna","Retropinna_retropinna","Oncorhynchus_tshawytscha","Neochanna_diversus","Neochanna_diversus","Neochanna_diversus","Neochanna_diversus","Mugil_cephalus","Mugil_cephalus","Mugil_cephalus","Mugil_cephalus","Mugil_cephalus","Gobiomorphus_cotidianus_basalis_dinae","Gobiomorphus_basalis","Gambusia_affinis","Gambusia_affinis","Gambusia_affinis","Gambusia_affinis","Gambusia_affinis","Gambusia_affinis","Gambusia_affinis","Cyprinus_rubrofuscus","Cyprinus_rubrofuscus","Cyprinus_rubrofuscus","Cyprinus_rubrofuscus","Carassius_auratus","Carassius_auratus","Carassius_auratus","Anguilla_australis","Anguilla_australis","Anguilla_australis","Anguilla_australis","Anguilla_australis","Anguilla_australis","Anguilla_australis","Ameiurus_nebulosus","Ameiurus_nebulosus","Ameiurus_nebulosus","Ameiurus_nebulosus","Ameiurus_nebulosus","Ameiurus_nebulosus","Oncorhynchus","Mugil","Mugil","Mugil","Gobiomorphus","Gobiomorphus","Gobiomorphus","Anguilla","Anguilla","Anguilla","Anguilla","Anguilla","Anguilla","Anguilla","Ameiurus","Stellaria_media","Sison_amomum","Ranunculus_reptans","Prumnopitys_ferruginea","Philodendron_cordatum","Persicaria_thunbergii","Osmunda_regalis","Nasturtium_officinale","Myosotis_laxa","Mentha_pulegium","Leptospermum_scoparium","Lemna_minor","Isachne_globosa","Holcus_lanatus","Fuchsia_excorticata","Cryptomeria_japonica","Cirsium_arvense","Chamaecyparis_lawsoniana","Carpodetus_serratus","Bidens_pilosa","Aristotelia_serrata","Veronica","Ulex","Typha","Spergularia","Rumex","Rubus","Rorippa","Ranunculus","Ranunculus","Ranunculus","Ranunculus","Quercus","Potentilla","Populus","Podocarpus","Plantago","Plantago","Piper","Pinus","Phyllocladus","Persicaria","Persicaria","Persicaria","Persicaria","Paspalum","Myriophyllum","Myriophyllum","Metrosideros","Mentha","Machaerina","Ludwigia","Ludwigia","Ludwigia","Lepidothamnus","Juncus","Juncus","Iris","Holcus","Glycine","Glyceria","Glyceria","Geranium","Galium","Erodium","Coriaria","Coprosma","Coprosma","Coprosma","Cedrus","Carex","Brassica","Betula","Anthoxanthum","Alnus"
"UID525722","0","0","0","0","1","0","0","0","0","1","0","1","1","0","0","0","0","0","0","0","0","0","0","1","0","0","0","0","0","1","0","0","1","0","0","0","0","0","0","0","0","0","0","0","0","0","0","0","1","0","1","0","0","0","0","0","0","0","1","1","0","0","0","0","0","1","0","0","0","0","0","0","1","1","1","1","0","0","0","0","0","0","0","0","0","0","0","0","0","0","0","0","1","0","0","0","0","0","0","0","0","0","0","0","0","0","0","0","0","0","0","1","0","0","0","0","0","0","0","0","0","0","0","0","0","0","0","0","0","0","0","0","0","0","0","0","0","0","0","0","0","0","1","0","0","0","0","0","0","0","0","0","0","0","0","0","0","0","0","0","0","0","0","0","0","0","0","0","0","0","0","0","0","0","0"
"UID525590","0","0","0","0","1","0","0","0","0","1","1","0","1","0","0","0","0","0","0","1","0","0","0","1","1","0","0","1","1","1","1","0","1","0","1","0","0","0","1","0","0","0","0","0","0","0","0","1","1","1","0","0","0","0","0","0","0","0","1","1","0","0","1","0","0","1","1","0","0","0","0","0","1","1","1","0","1","1","0","0","0","0","0","0","0","0","0","0","0","0","0","0","1","0","0","0","0","0","0","0","0","0","0","0","0","0","0","0","0","0","0","0","0","0","0","0","0","0","0","0","0","0","0","0","0","1","0","0","0","0","0","0","0","0","0","1","0","1","0","1","0","0","1","0","0","0","0","0","0","0","0","0","0","0","0","0","0","0","1","0","0","0","0","0","0","0","0","0","1","1","0","0","1","0","0"
"UID525587","0","0","0","0","1","0","0","0","0","1","0","0","1","0","0","0","0","0","1","1","0","0","0","1","1","0","0","0","1","1","1","0","1","1","0","0","0","1","0","0","0","0","0","0","0","0","0","1","1","1","0","0","0","0","0","0","0","0","1","1","0","0","0","0","0","1","0","0","0","1","0","0","1","1","1","0","0","0","0","0","0","0","0","0","0","0","0","0","0","0","0","1","0","0","0","0","0","0","0","0","1","0","0","0","0","0","0","0","0","0","0","1","0","0","0","1","0","0","0","0","0","0","0","0","0","0","0","0","0","0","0","0","0","0","0","0","0","0","0","0","0","0","1","0","0","0","0","0","0","0","0","0","0","1","0","0","0","0","0","0","0","0","0","0","0","0","0","0","0","0","0","0","0","0","0"
"UID525672","0","0","0","0","1","1","0","0","0","1","1","0","0","0","0","0","0","0","0","0","0","0","0","1","1","0","0","0","0","1","1","0","1","1","0","0","1","0","0","0","0","0","0","0","0","0","0","1","1","1","0","0","0","0","0","0","0","0","1","1","0","0","0","0","1","0","0","1","0","0","0","0","1","1","1","0","0","0","0","0","0","0","0","0","0","0","0","0","0","0","0","0","0","1","0","0","0","0","0","0","0","0","0","0","0","0","0","0","0","0","0","0","0","0","0","0","1","0","0","1","0","0","0","0","0","1","0","0","1","1","0","0","1","0","0","1","0","0","0","1","0","0","1","0","0","1","0","0","0","0","0","0","0","1","0","0","0","1","1","0","1","0","0","0","0","0","0","0","0","0","0","0","0","0","0"
"UID525725","0","0","1","0","1","0","0","0","0","1","1","0","0","0","0","0","0","0","0","1","0","0","0","1","1","0","0","0","0","1","0","0","1","0","0","0","0","0","0","0","0","0","0","0","0","0","0","1","1","1","0","0","0","0","0","0","0","0","1","1","0","0","0","0","0","1","1","0","0","0","0","0","1","1","1","0","0","0","0","0","0","0","0","0","0","0","0","0","0","0","0","0","0","0","0","0","0","0","0","0","1","0","0","0","0","0","0","0","0","0","0","1","0","0","0","1","0","0","0","1","0","0","0","0","1","1","0","0","1","1","0","0","0","1","0","0","1","1","1","1","0","0","1","0","0","0","0","1","0","0","0","1","0","0","0","0","0","0","1","1","0","1","0","0","0","0","1","0","0","0","0","0","0","0","1"
"UID525731","0","0","0","0","0","0","0","0","0","1","0","0","0","0","0","0","0","0","0","1","1","0","0","1","1","0","0","1","0","1","0","0","0","0","0","0","0","0","0","0","0","0","0","0","0","0","0","1","1","1","0","0","0","0","0","0","0","0","1","0","0","1","0","0","0","1","1","1","0","1","1","1","1","1","1","0","0","0","0","1","1","1","0","0","0","0","0","0","0","0","0","0","0","0","0","0","0","0","0","0","0","0","0","0","0","0","0","0","0","0","0","0","0","0","0","0","0","0","0","1","0","0","0","0","0","0","0","0","0","0","1","0","0","0","1","0","0","0","0","1","0","1","0","0","0","0","0","0","0","0","0","0","0","0","0","0","0","0","0","0","1","0","0","1","0","0","0","0","0","0","0","0","0","0","1"
"UID525730","0","0","0","0","0","0","0","0","0","1","0","0","0","0","0","0","0","0","0","0","0","0","0","1","1","0","1","0","0","1","0","0","1","1","0","0","0","0","0","0","0","0","0","0","0","0","1","1","1","1","0","0","0","0","0","0","0","0","1","1","0","0","0","0","0","1","1","1","0","1","1","1","1","1","1","0","1","1","0","1","1","1","1","0","0","0","0","0","0","0","0","0","0","0","0","0","0","1","0","0","0","0","0","0","0","0","0","0","0","0","0","0","0","0","0","0","0","0","0","0","0","0","0","0","0","0","0","0","0","0","1","0","0","0","0","0","0","0","0","0","0","0","0","0","0","0","0","0","0","0","0","0","0","0","0","0","0","0","0","0","0","0","0","0","0","0","0","0","0","0","0","0","0","0","0"
"UID525732","0","0","0","0","0","0","0","0","0","1","1","0","0","0","0","0","0","0","0","1","0","0","0","1","1","0","0","0","0","1","1","1","0","0","0","0","0","0","0","0","0","0","0","0","0","0","0","1","0","1","0","0","0","0","0","0","0","0","1","1","1","0","0","0","0","1","1","1","0","1","1","1","1","1","1","0","0","0","0","1","1","1","1","0","0","0","1","0","0","0","0","0","0","0","0","0","0","0","1","0","0","0","0","1","0","0","0","0","0","0","0","0","0","0","1","0","0","0","1","0","1","1","0","0","0","0","0","0","0","0","1","0","0","0","0","1","0","0","0","0","0","0","0","0","0","0","0","0","0","0","0","0","0","0","1","0","0","0","0","0","0","0","0","0","0","1","0","1","0","0","0","0","0","0","0"
"UID525727","0","1","0","0","0","0","0","0","0","1","1","0","0","0","0","0","0","0","0","1","0","0","0","1","1","0","0","0","0","1","1","0","0","0","1","0","0","0","0","0","0","0","0","0","0","0","1","0","1","1","0","0","0","0","0","0","0","0","1","1","1","0","0","0","0","1","1","1","0","1","1","1","1","1","1","0","0","0","0","1","1","1","0","0","1","0","0","0","0","0","0","0","0","0","0","0","1","0","0","0","0","0","1","0","0","0","0","0","0","0","0","0","0","0","0","0","0","0","0","0","0","0","0","0","0","0","0","0","0","0","1","0","0","0","0","0","0","0","1","1","0","1","0","0","0","1","0","0","0","0","0","1","0","0","0","0","0","0","0","0","1","0","0","0","0","0","0","1","0","0","0","0","0","0","1"
"UID525728","1","0","0","0","0","0","0","0","0","1","1","0","0","0","0","0","1","0","0","1","0","0","0","1","1","0","0","0","1","1","1","0","0","1","0","0","0","0","0","0","0","0","0","0","0","0","0","1","1","0","0","0","0","0","0","0","0","0","0","0","0","0","0","0","0","1","1","1","0","1","1","1","1","1","1","1","1","1","0","1","1","1","0","0","0","0","0","0","0","0","0","0","0","0","0","0","0","0","0","0","0","0","0","0","0","1","1","0","0","0","0","0","0","0","0","0","0","0","0","0","0","0","0","0","0","1","0","0","1","0","1","0","0","0","0","0","0","0","0","1","0","1","0","0","0","0","0","1","0","0","0","1","0","0","0","0","0","0","1","0","0","1","0","0","0","0","1","0","0","0","0","0","0","0","1"
"UID525631","0","0","0","0","0","0","0","0","0","0","0","0","1","1","1","1","0","0","0","0","0","0","0","0","1","0","0","1","0","1","1","0","0","0","0","0","0","0","0","1","0","1","0","0","0","0","0","0","1","1","0","0","1","1","1","0","0","0","1","1","0","0","0","1","1","1","1","1","1","1","1","1","1","1","1","0","0","1","1","1","1","1","1","0","0","1","1","0","0","0","0","0","0","0","0","0","0","0","0","0","0","0","0","0","0","0","0","0","0","0","1","0","0","1","0","0","0","0","0","0","0","0","0","1","0","0","1","0","0","1","0","1","0","0","0","0","1","0","0","0","0","0","0","1","0","0","0","0","0","0","0","0","1","0","0","0","0","0","0","0","0","0","0","0","0","0","0","0","1","0","0","0","0","1","0"
"UID525715","0","0","0","1","0","0","0","0","0","0","0","0","1","1","0","1","0","0","0","1","0","0","0","1","1","0","0","1","0","1","0","0","0","0","0","1","0","0","0","1","0","0","0","0","0","0","0","0","0","0","0","0","1","0","0","0","0","0","1","1","0","1","0","0","0","1","1","1","1","1","1","1","1","1","1","0","1","0","0","0","1","1","0","0","0","0","1","1","0","0","1","0","0","0","0","0","0","0","0","0","0","0","0","0","0","0","0","0","0","0","0","0","0","0","0","0","0","0","0","0","0","0","0","1","0","0","0","0","0","1","1","0","0","0","0","0","0","0","0","0","0","0","1","0","0","0","0","0","0","0","0","0","1","0","0","0","0","0","0","0","0","0","0","0","0","0","0","0","0","0","0","0","0","0","0"
"UID525726","0","0","0","0","0","0","0","0","0","1","0","0","1","1","0","0","0","0","0","0","0","0","0","1","1","0","0","1","0","1","0","0","0","1","0","0","0","0","0","1","0","1","0","1","1","0","0","0","1","1","1","1","1","0","0","1","0","0","1","1","0","0","0","0","0","1","1","1","0","1","1","1","1","1","0","0","0","0","0","1","1","1","0","0","0","0","0","0","1","0","0","0","0","0","0","0","0","0","0","1","0","0","0","0","0","1","0","0","0","0","0","0","0","0","0","1","0","0","0","1","0","0","0","1","0","0","1","0","0","1","0","0","0","0","1","0","1","1","1","1","0","1","1","0","0","0","0","0","0","0","0","1","1","0","0","0","0","0","0","0","1","0","0","0","0","0","0","0","1","0","0","0","0","0","1"
"UID525586","0","0","0","0","0","0","0","0","0","0","0","0","1","1","0","1","0","0","0","0","0","0","0","1","0","0","0","1","0","1","0","0","0","0","0","0","0","0","0","1","0","1","0","0","0","0","0","0","1","1","0","0","0","0","0","1","0","0","1","1","0","0","0","0","1","1","1","1","0","1","1","1","1","1","1","0","0","0","0","1","1","1","1","0","0","0","0","0","0","0","0","0","0","0","1","1","0","0","0","0","0","0","0","0","0","0","0","1","0","0","0","0","1","1","0","0","1","0","0","0","0","0","0","1","0","0","0","0","1","1","0","0","0","0","0","0","0","1","0","1","0","0","1","1","0","1","0","0","1","1","0","0","1","0","0","0","0","1","0","0","1","0","0","0","0","0","0","1","0","0","0","1","0","0","1"
"UID525628","1","0","0","0","0","0","0","1","1","0","0","0","1","1","1","0","0","0","0","0","0","1","1","0","1","0","0","1","0","1","0","0","0","0","0","0","0","0","0","1","1","1","0","0","0","0","0","0","0","0","0","1","1","1","1","0","0","0","1","1","0","0","0","0","0","1","1","1","1","1","1","1","1","1","1","0","0","1","0","1","1","1","1","1","0","0","0","0","0","0","0","0","0","0","0","0","0","0","0","0","0","0","0","0","0","1","0","1","1","1","0","0","0","1","0","0","0","0","0","0","0","0","0","1","0","1","0","0","1","1","0","0","0","0","0","0","1","1","0","0","0","1","1","0","0","0","0","1","0","0","0","1","1","0","0","1","0","0","1","0","0","1","1","0","0","0","1","0","0","0","0","0","0","1","1"
"UID525720","0","0","0","0","0","0","0","0","0","1","0","0","0","0","0","0","0","0","1","0","0","0","0","1","1","0","0","1","0","1","0","0","0","0","0","0","0","0","0","0","1","1","0","0","0","0","0","0","1","1","0","0","0","0","0","0","1","0","1","1","1","0","0","0","0","1","1","1","0","1","1","1","1","1","1","0","0","0","0","1","1","1","0","0","0","0","0","0","0","0","0","0","0","0","0","0","0","0","0","0","0","0","0","0","0","0","0","0","0","0","0","0","0","0","0","0","0","0","0","0","0","0","0","1","0","0","0","0","0","1","0","0","0","0","0","0","0","0","0","0","0","0","1","0","0","0","1","0","0","0","0","0","1","0","0","0","0","0","0","0","0","0","0","0","0","0","0","0","0","0","0","0","0","0","0"
"UID525630","0","0","0","0","0","0","0","0","0","1","1","0","0","1","0","0","0","0","0","0","0","0","0","1","1","0","0","1","0","1","1","0","0","1","0","0","0","0","0","1","1","1","1","1","1","1","0","1","1","1","0","0","1","0","0","0","0","0","1","1","1","0","0","0","0","1","1","1","1","0","1","1","1","1","0","0","0","0","0","1","1","1","0","0","0","0","1","0","0","0","0","0","0","0","0","0","0","0","0","0","0","0","0","0","0","1","0","0","0","0","1","0","0","1","0","0","1","0","0","0","0","0","0","1","0","1","0","1","1","1","1","0","0","1","0","1","1","1","0","1","0","1","1","0","0","0","1","1","0","0","1","1","1","0","0","0","1","0","1","0","0","1","0","0","0","0","1","0","0","0","1","0","0","0","0"
"UID525729","0","0","0","0","0","0","0","0","0","0","0","0","0","0","0","0","0","0","0","1","0","0","0","1","1","1","0","1","0","1","1","0","0","0","0","0","0","0","0","1","1","1","1","1","1","1","0","1","1","1","0","1","0","1","0","0","1","0","0","1","0","0","0","0","0","1","1","1","1","0","1","1","1","1","0","0","0","0","0","1","1","1","0","0","0","0","0","0","0","1","1","0","0","0","0","0","0","0","0","0","0","0","0","0","0","0","0","0","0","0","0","0","0","0","0","1","0","1","0","0","0","0","0","1","0","0","0","0","0","1","0","0","0","0","0","0","0","0","0","1","0","1","1","0","1","0","1","0","0","0","0","1","1","0","0","0","0","0","0","0","1","0","0","1","0","0","1","0","0","0","0","0","0","0","1"
"UID525629","0","0","0","0","0","0","1","0","0","1","0","0","0","0","0","0","0","0","1","0","1","0","0","1","1","0","0","1","0","1","1","0","0","0","0","0","0","0","0","1","1","1","1","0","0","1","0","0","1","0","0","0","0","1","0","0","0","0","1","1","1","0","0","0","0","1","1","1","1","1","1","1","1","1","0","0","1","0","0","1","0","1","0","0","0","0","0","0","0","0","0","0","0","0","0","0","0","0","0","0","0","0","0","0","0","0","0","0","0","0","0","0","0","0","0","0","0","0","0","0","0","0","0","1","0","0","0","0","0","1","0","0","0","0","0","0","1","0","0","0","0","0","1","1","0","0","0","0","0","0","0","0","1","0","0","0","0","0","0","0","0","0","0","0","1","0","0","0","0","0","0","0","0","0","0"
"UID525723","0","0","0","0","0","0","0","0","0","0","0","0","0","0","0","0","0","1","0","1","0","0","0","0","1","0","0","1","0","1","1","0","0","0","0","0","0","0","0","1","0","1","1","0","1","1","0","1","1","1","0","0","1","1","0","0","0","1","1","1","1","0","0","0","0","1","1","1","0","1","0","1","1","1","0","0","0","0","0","1","1","1","1","0","0","0","1","0","0","0","0","0","0","0","0","0","0","0","0","0","0","1","0","0","1","1","1","0","1","0","0","0","0","1","0","0","1","0","0","0","0","0","1","1","0","1","0","0","1","1","0","0","0","0","0","1","0","1","0","1","1","1","1","0","0","0","1","1","0","0","0","1","1","0","0","1","0","0","1","0","0","1","0","0","0","0","1","1","0","0","0","0","0","0","0"
