﻿Count,Treatment
2997,SS1_A_12_end_spring
8392,SS1_A_12_end_spring
772,SS1_A_12_end_spring
563,SS1_A_12_end_spring
128,SS1_A_12_end_spring
2475,SS1_A_12_end_spring
NA,SS1_A_12_end_spring
1403,SS1_A_12_end_spring
1193,SS1_A_12_end_spring
502,SS1_A_12_end_spring
NA,SS1_A_12_end_spring
846,SS1_A_12_end_spring
NA,SS1_A_12_end_spring
461,SS1_A_12_end_spring
319,SS1_A_12_end_spring
41,SS1_A_12_end_spring
288,SS1_A_12_end_spring
NA,SS1_A_12_end_spring
242,SS1_A_12_end_spring
37,SS1_A_12_end_spring
NA,SS1_A_12_end_spring
NA,SS1_A_12_end_spring
67,SS1_A_12_end_spring
4,SS1_A_12_end_spring
33,SS1_A_12_end_spring
NA,SS1_A_12_end_spring
NA,SS1_A_12_end_spring
137,SS1_A_12_end_spring
259,SS1_A_12_end_spring
74,SS1_A_12_end_spring
33,SS1_A_12_end_spring
NA,SS1_A_12_end_spring
8,SS1_A_12_end_spring
4,SS1_A_12_end_spring
NA,SS1_A_12_end_spring
NA,SS1_A_12_end_spring
NA,SS1_A_12_end_spring
73,SS1_A_12_end_spring
56,SS1_A_12_end_spring
NA,SS1_A_12_end_spring
157,SS1_A_12_end_spring
NA,SS1_A_12_end_spring
NA,SS1_A_12_end_spring
NA,SS1_A_12_end_spring
NA,SS1_A_12_end_spring
NA,SS1_A_12_end_spring
NA,SS1_A_12_end_spring
NA,SS1_A_12_end_spring
NA,SS1_A_12_end_spring
8,SS1_A_12_end_spring
NA,SS1_A_12_end_spring
NA,SS1_A_12_end_spring
NA,SS1_A_12_end_spring
NA,SS1_A_12_end_spring
NA,SS1_A_12_end_spring
NA,SS1_A_12_end_spring
NA,SS1_A_12_end_spring
NA,SS1_A_12_end_spring
NA,SS1_A_12_end_spring
NA,SS1_A_12_end_spring
NA,SS1_A_12_end_spring
NA,SS1_A_12_end_spring
NA,SS1_A_12_end_spring
NA,SS1_A_12_end_spring
NA,SS1_A_12_end_spring
11,SS1_A_12_end_spring
NA,SS1_A_12_end_spring
NA,SS1_A_12_end_spring
NA,SS1_A_12_end_spring
NA,SS1_A_12_end_spring
12,SS1_A_12_end_spring
NA,SS1_A_12_end_spring
NA,SS1_A_12_end_spring
34,SS1_A_12_end_spring
NA,SS1_A_12_end_spring
NA,SS1_A_12_end_spring
NA,SS1_A_12_end_spring
NA,SS1_A_12_end_spring
NA,SS1_A_12_end_spring
NA,SS1_A_12_end_spring
NA,SS1_A_12_end_spring
NA,SS1_A_12_end_spring
NA,SS1_A_12_end_spring
9,SS1_A_12_end_spring
NA,SS1_A_12_end_spring
NA,SS1_A_12_end_spring
NA,SS1_A_12_end_spring
NA,SS1_A_12_end_spring
NA,SS1_A_12_end_spring
NA,SS1_A_12_end_spring
NA,SS1_A_12_end_spring
NA,SS1_A_12_end_spring
NA,SS1_A_12_end_spring
NA,SS1_A_12_end_spring
NA,SS1_A_12_end_spring
NA,SS1_A_12_end_spring
NA,SS1_A_12_end_spring
NA,SS1_A_12_end_spring
NA,SS1_A_12_end_spring
NA,SS1_A_12_end_spring
NA,SS1_A_12_end_spring
NA,SS1_A_12_end_spring
NA,SS1_A_12_end_spring
NA,SS1_A_12_end_spring
NA,SS1_A_12_end_spring
NA,SS1_A_12_end_spring
NA,SS1_A_12_end_spring
NA,SS1_A_12_end_spring
NA,SS1_A_12_end_spring
NA,SS1_A_12_end_spring
NA,SS1_A_12_end_spring
NA,SS1_A_12_end_spring
NA,SS1_A_12_end_spring
NA,SS1_A_12_end_spring
NA,SS1_A_12_end_spring
NA,SS1_A_12_end_spring
NA,SS1_A_12_end_spring
NA,SS1_A_12_end_spring
NA,SS1_A_12_end_spring
1608,SS1_A_12_end_spring
1596,SS1_A_12_end_spring
233,SS1_A_12_end_spring
160,SS1_A_12_end_spring
144,SS1_A_12_end_spring
210,SS1_A_12_end_spring
NA,SS1_A_12_end_spring
344,SS1_A_12_end_spring
377,SS1_A_12_end_spring
NA,SS1_A_12_end_spring
NA,SS1_A_12_end_spring
13,SS1_A_12_end_spring
118,SS1_A_12_end_spring
183,SS1_A_12_end_spring
80,SS1_A_12_end_spring
NA,SS1_A_12_end_spring
169,SS1_A_12_end_spring
20,SS1_A_12_end_spring
NA,SS1_A_12_end_spring
61,SS1_A_12_end_spring
171,SS1_A_12_end_spring
146,SS1_A_12_end_spring
110,SS1_A_12_end_spring
11,SS1_A_12_end_spring
106,SS1_A_12_end_spring
12,SS1_A_12_end_spring
43,SS1_A_12_end_spring
141,SS1_A_12_end_spring
82,SS1_A_12_end_spring
4,SS1_A_12_end_spring
7,SS1_A_12_end_spring
NA,SS1_A_12_end_spring
NA,SS1_A_12_end_spring
49,SS1_A_12_end_spring
25,SS1_A_12_end_spring
NA,SS1_A_12_end_spring
24,SS1_A_12_end_spring
20,SS1_A_12_end_spring
NA,SS1_A_12_end_spring
25,SS1_A_12_end_spring
11,SS1_A_12_end_spring
NA,SS1_A_12_end_spring
12,SS1_A_12_end_spring
NA,SS1_A_12_end_spring
NA,SS1_A_12_end_spring
20,SS1_A_12_end_spring
NA,SS1_A_12_end_spring
NA,SS1_A_12_end_spring
NA,SS1_A_12_end_spring
NA,SS1_A_12_end_spring
NA,SS1_A_12_end_spring
NA,SS1_A_12_end_spring
27,SS1_A_12_end_spring
37,SS1_A_12_end_spring
NA,SS1_A_12_end_spring
NA,SS1_A_12_end_spring
NA,SS1_A_12_end_spring
6,SS1_A_12_end_spring
15,SS1_A_12_end_spring
51,SS1_A_12_end_spring
NA,SS1_A_12_end_spring
4,SS1_A_12_end_spring
NA,SS1_A_12_end_spring
NA,SS1_A_12_end_spring
NA,SS1_A_12_end_spring
NA,SS1_A_12_end_spring
25,SS1_A_12_end_spring
NA,SS1_A_12_end_spring
NA,SS1_A_12_end_spring
NA,SS1_A_12_end_spring
NA,SS1_A_12_end_spring
NA,SS1_A_12_end_spring
NA,SS1_A_12_end_spring
NA,SS1_A_12_end_spring
26,SS1_A_12_end_spring
8,SS1_A_12_end_spring
5,SS1_A_12_end_spring
NA,SS1_A_12_end_spring
NA,SS1_A_12_end_spring
NA,SS1_A_12_end_spring
NA,SS1_A_12_end_spring
NA,SS1_A_12_end_spring
17,SS1_A_12_end_spring
NA,SS1_A_12_end_spring
NA,SS1_A_12_end_spring
NA,SS1_A_12_end_spring
12,SS1_A_12_end_spring
4,SS1_A_12_end_spring
NA,SS1_A_12_end_spring
NA,SS1_A_12_end_spring
NA,SS1_A_12_end_spring
NA,SS1_A_12_end_spring
NA,SS1_A_12_end_spring
NA,SS1_A_12_end_spring
NA,SS1_A_12_end_spring
NA,SS1_A_12_end_spring
NA,SS1_A_12_end_spring
NA,SS1_A_12_end_spring
NA,SS1_A_12_end_spring
NA,SS1_A_12_end_spring
NA,SS1_A_12_end_spring
NA,SS1_A_12_end_spring
NA,SS1_A_12_end_spring
NA,SS1_A_12_end_spring
NA,SS1_A_12_end_spring
NA,SS1_A_12_end_spring
NA,SS1_A_12_end_spring
NA,SS1_A_12_end_spring
NA,SS1_A_12_end_spring
NA,SS1_A_12_end_spring
NA,SS1_A_12_end_spring
NA,SS1_A_12_end_spring
NA,SS1_A_12_end_spring
NA,SS1_A_12_end_spring
NA,SS1_A_12_end_spring
NA,SS1_A_12_end_spring
NA,SS1_A_12_end_spring
NA,SS1_A_12_end_spring
6,SS1_A_12_end_spring
10,SS1_A_12_end_spring
NA,SS1_A_12_end_spring
NA,SS1_A_12_end_spring
NA,SS1_A_12_end_spring
NA,SS1_A_12_end_spring
NA,SS1_A_12_end_spring
NA,SS1_A_12_end_spring
NA,SS1_A_12_end_spring
NA,SS1_A_12_end_spring
NA,SS1_A_12_end_spring
NA,SS1_A_12_end_spring
NA,SS1_A_12_end_spring
NA,SS1_A_12_end_spring
NA,SS1_A_12_end_spring
NA,SS1_A_12_end_spring
NA,SS1_A_12_end_spring
NA,SS1_A_12_end_spring
NA,SS1_A_12_end_spring
NA,SS1_A_12_end_spring
NA,SS1_A_12_end_spring
NA,SS1_A_12_end_spring
NA,SS1_A_12_end_spring
NA,SS1_A_12_end_spring
NA,SS1_A_12_end_spring
NA,SS1_A_12_end_spring
NA,SS1_A_12_end_spring
NA,SS1_A_12_end_spring
NA,SS1_A_12_end_spring
NA,SS1_A_12_end_spring
NA,SS1_A_12_end_spring
NA,SS1_A_12_end_spring
NA,SS1_A_12_end_spring
NA,SS1_A_12_end_spring
NA,SS1_A_12_end_spring
NA,SS1_A_12_end_spring
NA,SS1_A_12_end_spring
NA,SS1_A_12_end_spring
NA,SS1_A_12_end_spring
NA,SS1_A_12_end_spring
NA,SS1_A_12_end_spring
NA,SS1_A_12_end_spring
NA,SS1_A_12_end_spring
NA,SS1_A_12_end_spring
NA,SS1_A_12_end_spring
NA,SS1_A_12_end_spring
NA,SS1_A_12_end_spring
NA,SS1_A_12_end_spring
NA,SS1_A_12_end_spring
NA,SS1_A_12_end_spring
NA,SS1_A_12_end_spring
NA,SS1_A_12_end_spring
NA,SS1_A_12_end_spring
10,SS1_A_12_end_spring
NA,SS1_A_12_end_spring
NA,SS1_A_12_end_spring
NA,SS1_A_12_end_spring
NA,SS1_A_12_end_spring
NA,SS1_A_12_end_spring
NA,SS1_A_12_end_spring
NA,SS1_A_12_end_spring
NA,SS1_A_12_end_spring
NA,SS1_A_12_end_spring
NA,SS1_A_12_end_spring
NA,SS1_A_12_end_spring
NA,SS1_A_12_end_spring
NA,SS1_A_12_end_spring
NA,SS1_A_12_end_spring
NA,SS1_A_12_end_spring
NA,SS1_A_12_end_spring
NA,SS1_A_12_end_spring
NA,SS1_A_12_end_spring
NA,SS1_A_12_end_spring
NA,SS1_A_12_end_spring
NA,SS1_A_12_end_spring
NA,SS1_A_12_end_spring
NA,SS1_A_12_end_spring
NA,SS1_A_12_end_spring
NA,SS1_A_12_end_spring
NA,SS1_A_12_end_spring
NA,SS1_A_12_end_spring
NA,SS1_A_12_end_spring
NA,SS1_A_12_end_spring
NA,SS1_A_12_end_spring
NA,SS1_A_12_end_spring
NA,SS1_A_12_end_spring
NA,SS1_A_12_end_spring
NA,SS1_A_12_end_spring
NA,SS1_A_12_end_spring
1627,SS1_A_12_end_spring
1099,SS1_A_12_end_spring
17,SS1_A_12_end_spring
NA,SS1_A_12_end_spring
67,SS1_A_12_end_spring
28,SS1_A_12_end_spring
NA,SS1_A_12_end_spring
101,SS1_A_12_end_spring
111,SS1_A_12_end_spring
4,SS1_A_12_end_spring
NA,SS1_A_12_end_spring
NA,SS1_A_12_end_spring
48,SS1_A_12_end_spring
16,SS1_A_12_end_spring
NA,SS1_A_12_end_spring
NA,SS1_A_12_end_spring
95,SS1_A_12_end_spring
88,SS1_A_12_end_spring
61,SS1_A_12_end_spring
NA,SS1_A_12_end_spring
65,SS1_A_12_end_spring
NA,SS1_A_12_end_spring
NA,SS1_A_12_end_spring
41,SS1_A_12_end_spring
NA,SS1_A_12_end_spring
NA,SS1_A_12_end_spring
NA,SS1_A_12_end_spring
5,SS1_A_12_end_spring
25,SS1_A_12_end_spring
10,SS1_A_12_end_spring
NA,SS1_A_12_end_spring
5,SS1_A_12_end_spring
NA,SS1_A_12_end_spring
16,SS1_A_12_end_spring
4,SS1_A_12_end_spring
23,SS1_A_12_end_spring
5,SS1_A_12_end_spring
NA,SS1_A_12_end_spring
NA,SS1_A_12_end_spring
NA,SS1_A_12_end_spring
6,SS1_A_12_end_spring
NA,SS1_A_12_end_spring
NA,SS1_A_12_end_spring
NA,SS1_A_12_end_spring
NA,SS1_A_12_end_spring
NA,SS1_A_12_end_spring
66,SS1_A_12_end_spring
32,SS1_A_12_end_spring
11,SS1_A_12_end_spring
13,SS1_A_12_end_spring
NA,SS1_A_12_end_spring
NA,SS1_A_12_end_spring
NA,SS1_A_12_end_spring
NA,SS1_A_12_end_spring
NA,SS1_A_12_end_spring
NA,SS1_A_12_end_spring
NA,SS1_A_12_end_spring
19,SS1_A_12_end_spring
NA,SS1_A_12_end_spring
NA,SS1_A_12_end_spring
5,SS1_A_12_end_spring
NA,SS1_A_12_end_spring
NA,SS1_A_12_end_spring
6,SS1_A_12_end_spring
NA,SS1_A_12_end_spring
11,SS1_A_12_end_spring
NA,SS1_A_12_end_spring
NA,SS1_A_12_end_spring
27,SS1_A_12_end_spring
NA,SS1_A_12_end_spring
NA,SS1_A_12_end_spring
5,SS1_A_12_end_spring
23,SS1_A_12_end_spring
NA,SS1_A_12_end_spring
8,SS1_A_12_end_spring
NA,SS1_A_12_end_spring
NA,SS1_A_12_end_spring
NA,SS1_A_12_end_spring
NA,SS1_A_12_end_spring
NA,SS1_A_12_end_spring
NA,SS1_A_12_end_spring
15,SS1_A_12_end_spring
NA,SS1_A_12_end_spring
NA,SS1_A_12_end_spring
10,SS1_A_12_end_spring
NA,SS1_A_12_end_spring
NA,SS1_A_12_end_spring
NA,SS1_A_12_end_spring
NA,SS1_A_12_end_spring
NA,SS1_A_12_end_spring
NA,SS1_A_12_end_spring
NA,SS1_A_12_end_spring
NA,SS1_A_12_end_spring
NA,SS1_A_12_end_spring
NA,SS1_A_12_end_spring
NA,SS1_A_12_end_spring
NA,SS1_A_12_end_spring
NA,SS1_A_12_end_spring
NA,SS1_A_12_end_spring
NA,SS1_A_12_end_spring
NA,SS1_A_12_end_spring
NA,SS1_A_12_end_spring
NA,SS1_A_12_end_spring
NA,SS1_A_12_end_spring
NA,SS1_A_12_end_spring
NA,SS1_A_12_end_spring
5,SS1_A_12_end_spring
NA,SS1_A_12_end_spring
NA,SS1_A_12_end_spring
NA,SS1_A_12_end_spring
NA,SS1_A_12_end_spring
NA,SS1_A_12_end_spring
NA,SS1_A_12_end_spring
NA,SS1_A_12_end_spring
NA,SS1_A_12_end_spring
NA,SS1_A_12_end_spring
NA,SS1_A_12_end_spring
NA,SS1_A_12_end_spring
NA,SS1_A_12_end_spring
NA,SS1_A_12_end_spring
NA,SS1_A_12_end_spring
NA,SS1_A_12_end_spring
NA,SS1_A_12_end_spring
NA,SS1_A_12_end_spring
NA,SS1_A_12_end_spring
NA,SS1_A_12_end_spring
NA,SS1_A_12_end_spring
NA,SS1_A_12_end_spring
NA,SS1_A_12_end_spring
NA,SS1_A_12_end_spring
NA,SS1_A_12_end_spring
NA,SS1_A_12_end_spring
NA,SS1_A_12_end_spring
NA,SS1_A_12_end_spring
NA,SS1_A_12_end_spring
NA,SS1_A_12_end_spring
NA,SS1_A_12_end_spring
NA,SS1_A_12_end_spring
NA,SS1_A_12_end_spring
NA,SS1_A_12_end_spring
NA,SS1_A_12_end_spring
NA,SS1_A_12_end_spring
35890,SS1_A_12_end_spring
4302,SS1_A_12_end_spring
2542,SS1_A_12_end_spring
718,SS1_A_12_end_spring
1035,SS1_A_12_end_spring
1133,SS1_A_12_end_spring
263,SS1_A_12_end_spring
646,SS1_A_12_end_spring
309,SS1_A_12_end_spring
389,SS1_A_12_end_spring
956,SS1_A_12_end_spring
28,SS1_A_12_end_spring
645,SS1_A_12_end_spring
1173,SS1_A_12_end_spring
NA,SS1_A_12_end_spring
284,SS1_A_12_end_spring
5,SS1_A_12_end_spring
111,SS1_A_12_end_spring
336,SS1_A_12_end_spring
NA,SS1_A_12_end_spring
131,SS1_A_12_end_spring
44,SS1_A_12_end_spring
81,SS1_A_12_end_spring
248,SS1_A_12_end_spring
NA,SS1_A_12_end_spring
110,SS1_A_12_end_spring
NA,SS1_A_12_end_spring
62,SS1_A_12_end_spring
35,SS1_A_12_end_spring
98,SS1_A_12_end_spring
12,SS1_A_12_end_spring
NA,SS1_A_12_end_spring
34,SS1_A_12_end_spring
71,SS1_A_12_end_spring
94,SS1_A_12_end_spring
72,SS1_A_12_end_spring
NA,SS1_A_12_end_spring
21,SS1_A_12_end_spring
21,SS1_A_12_end_spring
53,SS1_A_12_end_spring
32,SS1_A_12_end_spring
NA,SS1_A_12_end_spring
NA,SS1_A_12_end_spring
32,SS1_A_12_end_spring
31,SS1_A_12_end_spring
NA,SS1_A_12_end_spring
NA,SS1_A_12_end_spring
59,SS1_A_12_end_spring
NA,SS1_A_12_end_spring
NA,SS1_A_12_end_spring
NA,SS1_A_12_end_spring
NA,SS1_A_12_end_spring
60,SS1_A_12_end_spring
NA,SS1_A_12_end_spring
12,SS1_A_12_end_spring
59,SS1_A_12_end_spring
15,SS1_A_12_end_spring
NA,SS1_A_12_end_spring
37,SS1_A_12_end_spring
NA,SS1_A_12_end_spring
NA,SS1_A_12_end_spring
5,SS1_A_12_end_spring
NA,SS1_A_12_end_spring
26,SS1_A_12_end_spring
NA,SS1_A_12_end_spring
NA,SS1_A_12_end_spring
NA,SS1_A_12_end_spring
NA,SS1_A_12_end_spring
84,SS1_A_12_end_spring
NA,SS1_A_12_end_spring
NA,SS1_A_12_end_spring
NA,SS1_A_12_end_spring
NA,SS1_A_12_end_spring
NA,SS1_A_12_end_spring
NA,SS1_A_12_end_spring
NA,SS1_A_12_end_spring
NA,SS1_A_12_end_spring
NA,SS1_A_12_end_spring
NA,SS1_A_12_end_spring
NA,SS1_A_12_end_spring
4,SS1_A_12_end_spring
NA,SS1_A_12_end_spring
4,SS1_A_12_end_spring
NA,SS1_A_12_end_spring
NA,SS1_A_12_end_spring
NA,SS1_A_12_end_spring
NA,SS1_A_12_end_spring
NA,SS1_A_12_end_spring
NA,SS1_A_12_end_spring
NA,SS1_A_12_end_spring
NA,SS1_A_12_end_spring
NA,SS1_A_12_end_spring
NA,SS1_A_12_end_spring
NA,SS1_A_12_end_spring
NA,SS1_A_12_end_spring
NA,SS1_A_12_end_spring
NA,SS1_A_12_end_spring
NA,SS1_A_12_end_spring
NA,SS1_A_12_end_spring
7,SS1_A_12_end_spring
NA,SS1_A_12_end_spring
10,SS1_A_12_end_spring
NA,SS1_A_12_end_spring
NA,SS1_A_12_end_spring
NA,SS1_A_12_end_spring
NA,SS1_A_12_end_spring
NA,SS1_A_12_end_spring
NA,SS1_A_12_end_spring
NA,SS1_A_12_end_spring
NA,SS1_A_12_end_spring
NA,SS1_A_12_end_spring
NA,SS1_A_12_end_spring
NA,SS1_A_12_end_spring
NA,SS1_A_12_end_spring
NA,SS1_A_12_end_spring
NA,SS1_A_12_end_spring
NA,SS1_A_12_end_spring
NA,SS1_A_12_end_spring
NA,SS1_A_12_end_spring
NA,SS1_A_12_end_spring
NA,SS1_A_12_end_spring
NA,SS1_A_12_end_spring
NA,SS1_A_12_end_spring
NA,SS1_A_12_end_spring
NA,SS1_A_12_end_spring
NA,SS1_A_12_end_spring
NA,SS1_A_12_end_spring
NA,SS1_A_12_end_spring
NA,SS1_A_12_end_spring
NA,SS1_A_12_end_spring
16,SS1_A_12_end_spring
NA,SS1_A_12_end_spring
NA,SS1_A_12_end_spring
NA,SS1_A_12_end_spring
NA,SS1_A_12_end_spring
NA,SS1_A_12_end_spring
NA,SS1_A_12_end_spring
NA,SS1_A_12_end_spring
NA,SS1_A_12_end_spring
NA,SS1_A_12_end_spring
NA,SS1_A_12_end_spring
NA,SS1_A_12_end_spring
NA,SS1_A_12_end_spring
NA,SS1_A_12_end_spring
NA,SS1_A_12_end_spring
NA,SS1_A_12_end_spring
NA,SS1_A_12_end_spring
NA,SS1_A_12_end_spring
NA,SS1_A_12_end_spring
NA,SS1_A_12_end_spring
NA,SS1_A_12_end_spring
NA,SS1_A_12_end_spring
NA,SS1_A_12_end_spring
NA,SS1_A_12_end_spring
NA,SS1_A_12_end_spring
NA,SS1_A_12_end_spring
NA,SS1_A_12_end_spring
NA,SS1_A_12_end_spring
NA,SS1_A_12_end_spring
NA,SS1_A_12_end_spring
NA,SS1_A_12_end_spring
NA,SS1_A_12_end_spring
NA,SS1_A_12_end_spring
NA,SS1_A_12_end_spring
NA,SS1_A_12_end_spring
NA,SS1_A_12_end_spring
NA,SS1_A_12_end_spring
NA,SS1_A_12_end_spring
NA,SS1_A_12_end_spring
NA,SS1_A_12_end_spring
NA,SS1_A_12_end_spring
NA,SS1_A_12_end_spring
NA,SS1_A_12_end_spring
NA,SS1_A_12_end_spring
NA,SS1_A_12_end_spring
NA,SS1_A_12_end_spring
NA,SS1_A_12_end_spring
2865,SS1_B_12_end_spring
4237,SS1_B_12_end_spring
1031,SS1_B_12_end_spring
737,SS1_B_12_end_spring
1536,SS1_B_12_end_spring
1500,SS1_B_12_end_spring
NA,SS1_B_12_end_spring
1536,SS1_B_12_end_spring
1555,SS1_B_12_end_spring
442,SS1_B_12_end_spring
14,SS1_B_12_end_spring
588,SS1_B_12_end_spring
NA,SS1_B_12_end_spring
384,SS1_B_12_end_spring
345,SS1_B_12_end_spring
18,SS1_B_12_end_spring
145,SS1_B_12_end_spring
NA,SS1_B_12_end_spring
88,SS1_B_12_end_spring
520,SS1_B_12_end_spring
NA,SS1_B_12_end_spring
NA,SS1_B_12_end_spring
132,SS1_B_12_end_spring
NA,SS1_B_12_end_spring
31,SS1_B_12_end_spring
NA,SS1_B_12_end_spring
NA,SS1_B_12_end_spring
95,SS1_B_12_end_spring
238,SS1_B_12_end_spring
17,SS1_B_12_end_spring
109,SS1_B_12_end_spring
NA,SS1_B_12_end_spring
NA,SS1_B_12_end_spring
NA,SS1_B_12_end_spring
NA,SS1_B_12_end_spring
NA,SS1_B_12_end_spring
59,SS1_B_12_end_spring
40,SS1_B_12_end_spring
114,SS1_B_12_end_spring
NA,SS1_B_12_end_spring
28,SS1_B_12_end_spring
NA,SS1_B_12_end_spring
NA,SS1_B_12_end_spring
NA,SS1_B_12_end_spring
NA,SS1_B_12_end_spring
NA,SS1_B_12_end_spring
NA,SS1_B_12_end_spring
NA,SS1_B_12_end_spring
NA,SS1_B_12_end_spring
7,SS1_B_12_end_spring
NA,SS1_B_12_end_spring
NA,SS1_B_12_end_spring
NA,SS1_B_12_end_spring
NA,SS1_B_12_end_spring
NA,SS1_B_12_end_spring
NA,SS1_B_12_end_spring
NA,SS1_B_12_end_spring
NA,SS1_B_12_end_spring
NA,SS1_B_12_end_spring
NA,SS1_B_12_end_spring
NA,SS1_B_12_end_spring
NA,SS1_B_12_end_spring
NA,SS1_B_12_end_spring
NA,SS1_B_12_end_spring
NA,SS1_B_12_end_spring
6,SS1_B_12_end_spring
4,SS1_B_12_end_spring
NA,SS1_B_12_end_spring
NA,SS1_B_12_end_spring
NA,SS1_B_12_end_spring
NA,SS1_B_12_end_spring
NA,SS1_B_12_end_spring
NA,SS1_B_12_end_spring
NA,SS1_B_12_end_spring
NA,SS1_B_12_end_spring
NA,SS1_B_12_end_spring
NA,SS1_B_12_end_spring
NA,SS1_B_12_end_spring
NA,SS1_B_12_end_spring
NA,SS1_B_12_end_spring
NA,SS1_B_12_end_spring
NA,SS1_B_12_end_spring
NA,SS1_B_12_end_spring
NA,SS1_B_12_end_spring
NA,SS1_B_12_end_spring
NA,SS1_B_12_end_spring
NA,SS1_B_12_end_spring
NA,SS1_B_12_end_spring
NA,SS1_B_12_end_spring
NA,SS1_B_12_end_spring
NA,SS1_B_12_end_spring
NA,SS1_B_12_end_spring
NA,SS1_B_12_end_spring
NA,SS1_B_12_end_spring
NA,SS1_B_12_end_spring
NA,SS1_B_12_end_spring
NA,SS1_B_12_end_spring
NA,SS1_B_12_end_spring
NA,SS1_B_12_end_spring
NA,SS1_B_12_end_spring
NA,SS1_B_12_end_spring
NA,SS1_B_12_end_spring
NA,SS1_B_12_end_spring
NA,SS1_B_12_end_spring
NA,SS1_B_12_end_spring
NA,SS1_B_12_end_spring
NA,SS1_B_12_end_spring
NA,SS1_B_12_end_spring
7,SS1_B_12_end_spring
NA,SS1_B_12_end_spring
NA,SS1_B_12_end_spring
NA,SS1_B_12_end_spring
NA,SS1_B_12_end_spring
NA,SS1_B_12_end_spring
NA,SS1_B_12_end_spring
NA,SS1_B_12_end_spring
NA,SS1_B_12_end_spring
NA,SS1_B_12_end_spring
NA,SS1_B_12_end_spring
1178,SS1_B_12_end_spring
1253,SS1_B_12_end_spring
233,SS1_B_12_end_spring
252,SS1_B_12_end_spring
198,SS1_B_12_end_spring
321,SS1_B_12_end_spring
NA,SS1_B_12_end_spring
308,SS1_B_12_end_spring
235,SS1_B_12_end_spring
NA,SS1_B_12_end_spring
NA,SS1_B_12_end_spring
NA,SS1_B_12_end_spring
92,SS1_B_12_end_spring
192,SS1_B_12_end_spring
124,SS1_B_12_end_spring
NA,SS1_B_12_end_spring
146,SS1_B_12_end_spring
44,SS1_B_12_end_spring
NA,SS1_B_12_end_spring
37,SS1_B_12_end_spring
198,SS1_B_12_end_spring
71,SS1_B_12_end_spring
74,SS1_B_12_end_spring
NA,SS1_B_12_end_spring
NA,SS1_B_12_end_spring
6,SS1_B_12_end_spring
32,SS1_B_12_end_spring
80,SS1_B_12_end_spring
55,SS1_B_12_end_spring
NA,SS1_B_12_end_spring
NA,SS1_B_12_end_spring
NA,SS1_B_12_end_spring
26,SS1_B_12_end_spring
31,SS1_B_12_end_spring
27,SS1_B_12_end_spring
NA,SS1_B_12_end_spring
15,SS1_B_12_end_spring
9,SS1_B_12_end_spring
NA,SS1_B_12_end_spring
NA,SS1_B_12_end_spring
NA,SS1_B_12_end_spring
NA,SS1_B_12_end_spring
36,SS1_B_12_end_spring
NA,SS1_B_12_end_spring
27,SS1_B_12_end_spring
46,SS1_B_12_end_spring
NA,SS1_B_12_end_spring
4,SS1_B_12_end_spring
NA,SS1_B_12_end_spring
NA,SS1_B_12_end_spring
NA,SS1_B_12_end_spring
NA,SS1_B_12_end_spring
10,SS1_B_12_end_spring
NA,SS1_B_12_end_spring
NA,SS1_B_12_end_spring
NA,SS1_B_12_end_spring
NA,SS1_B_12_end_spring
NA,SS1_B_12_end_spring
51,SS1_B_12_end_spring
11,SS1_B_12_end_spring
NA,SS1_B_12_end_spring
NA,SS1_B_12_end_spring
16,SS1_B_12_end_spring
NA,SS1_B_12_end_spring
NA,SS1_B_12_end_spring
NA,SS1_B_12_end_spring
10,SS1_B_12_end_spring
NA,SS1_B_12_end_spring
NA,SS1_B_12_end_spring
NA,SS1_B_12_end_spring
9,SS1_B_12_end_spring
NA,SS1_B_12_end_spring
NA,SS1_B_12_end_spring
NA,SS1_B_12_end_spring
18,SS1_B_12_end_spring
NA,SS1_B_12_end_spring
NA,SS1_B_12_end_spring
NA,SS1_B_12_end_spring
NA,SS1_B_12_end_spring
NA,SS1_B_12_end_spring
NA,SS1_B_12_end_spring
NA,SS1_B_12_end_spring
6,SS1_B_12_end_spring
NA,SS1_B_12_end_spring
NA,SS1_B_12_end_spring
16,SS1_B_12_end_spring
NA,SS1_B_12_end_spring
NA,SS1_B_12_end_spring
NA,SS1_B_12_end_spring
5,SS1_B_12_end_spring
NA,SS1_B_12_end_spring
NA,SS1_B_12_end_spring
NA,SS1_B_12_end_spring
NA,SS1_B_12_end_spring
NA,SS1_B_12_end_spring
NA,SS1_B_12_end_spring
NA,SS1_B_12_end_spring
NA,SS1_B_12_end_spring
NA,SS1_B_12_end_spring
NA,SS1_B_12_end_spring
NA,SS1_B_12_end_spring
NA,SS1_B_12_end_spring
NA,SS1_B_12_end_spring
NA,SS1_B_12_end_spring
NA,SS1_B_12_end_spring
NA,SS1_B_12_end_spring
NA,SS1_B_12_end_spring
NA,SS1_B_12_end_spring
NA,SS1_B_12_end_spring
NA,SS1_B_12_end_spring
NA,SS1_B_12_end_spring
NA,SS1_B_12_end_spring
4,SS1_B_12_end_spring
NA,SS1_B_12_end_spring
8,SS1_B_12_end_spring
NA,SS1_B_12_end_spring
NA,SS1_B_12_end_spring
NA,SS1_B_12_end_spring
4,SS1_B_12_end_spring
6,SS1_B_12_end_spring
NA,SS1_B_12_end_spring
NA,SS1_B_12_end_spring
NA,SS1_B_12_end_spring
NA,SS1_B_12_end_spring
NA,SS1_B_12_end_spring
NA,SS1_B_12_end_spring
NA,SS1_B_12_end_spring
NA,SS1_B_12_end_spring
NA,SS1_B_12_end_spring
NA,SS1_B_12_end_spring
NA,SS1_B_12_end_spring
NA,SS1_B_12_end_spring
NA,SS1_B_12_end_spring
NA,SS1_B_12_end_spring
NA,SS1_B_12_end_spring
NA,SS1_B_12_end_spring
NA,SS1_B_12_end_spring
NA,SS1_B_12_end_spring
NA,SS1_B_12_end_spring
NA,SS1_B_12_end_spring
NA,SS1_B_12_end_spring
NA,SS1_B_12_end_spring
NA,SS1_B_12_end_spring
NA,SS1_B_12_end_spring
NA,SS1_B_12_end_spring
NA,SS1_B_12_end_spring
NA,SS1_B_12_end_spring
NA,SS1_B_12_end_spring
NA,SS1_B_12_end_spring
NA,SS1_B_12_end_spring
NA,SS1_B_12_end_spring
NA,SS1_B_12_end_spring
NA,SS1_B_12_end_spring
NA,SS1_B_12_end_spring
NA,SS1_B_12_end_spring
NA,SS1_B_12_end_spring
NA,SS1_B_12_end_spring
NA,SS1_B_12_end_spring
NA,SS1_B_12_end_spring
NA,SS1_B_12_end_spring
NA,SS1_B_12_end_spring
NA,SS1_B_12_end_spring
NA,SS1_B_12_end_spring
NA,SS1_B_12_end_spring
NA,SS1_B_12_end_spring
NA,SS1_B_12_end_spring
NA,SS1_B_12_end_spring
4,SS1_B_12_end_spring
NA,SS1_B_12_end_spring
NA,SS1_B_12_end_spring
NA,SS1_B_12_end_spring
NA,SS1_B_12_end_spring
NA,SS1_B_12_end_spring
NA,SS1_B_12_end_spring
NA,SS1_B_12_end_spring
NA,SS1_B_12_end_spring
NA,SS1_B_12_end_spring
NA,SS1_B_12_end_spring
NA,SS1_B_12_end_spring
4,SS1_B_12_end_spring
NA,SS1_B_12_end_spring
NA,SS1_B_12_end_spring
NA,SS1_B_12_end_spring
NA,SS1_B_12_end_spring
NA,SS1_B_12_end_spring
NA,SS1_B_12_end_spring
NA,SS1_B_12_end_spring
NA,SS1_B_12_end_spring
6,SS1_B_12_end_spring
NA,SS1_B_12_end_spring
NA,SS1_B_12_end_spring
NA,SS1_B_12_end_spring
NA,SS1_B_12_end_spring
NA,SS1_B_12_end_spring
NA,SS1_B_12_end_spring
NA,SS1_B_12_end_spring
NA,SS1_B_12_end_spring
NA,SS1_B_12_end_spring
NA,SS1_B_12_end_spring
NA,SS1_B_12_end_spring
NA,SS1_B_12_end_spring
NA,SS1_B_12_end_spring
NA,SS1_B_12_end_spring
NA,SS1_B_12_end_spring
NA,SS1_B_12_end_spring
NA,SS1_B_12_end_spring
NA,SS1_B_12_end_spring
1386,SS1_B_12_end_spring
785,SS1_B_12_end_spring
36,SS1_B_12_end_spring
NA,SS1_B_12_end_spring
177,SS1_B_12_end_spring
289,SS1_B_12_end_spring
NA,SS1_B_12_end_spring
125,SS1_B_12_end_spring
144,SS1_B_12_end_spring
8,SS1_B_12_end_spring
47,SS1_B_12_end_spring
NA,SS1_B_12_end_spring
20,SS1_B_12_end_spring
NA,SS1_B_12_end_spring
NA,SS1_B_12_end_spring
9,SS1_B_12_end_spring
89,SS1_B_12_end_spring
62,SS1_B_12_end_spring
88,SS1_B_12_end_spring
7,SS1_B_12_end_spring
30,SS1_B_12_end_spring
NA,SS1_B_12_end_spring
NA,SS1_B_12_end_spring
57,SS1_B_12_end_spring
19,SS1_B_12_end_spring
NA,SS1_B_12_end_spring
12,SS1_B_12_end_spring
NA,SS1_B_12_end_spring
33,SS1_B_12_end_spring
16,SS1_B_12_end_spring
9,SS1_B_12_end_spring
16,SS1_B_12_end_spring
NA,SS1_B_12_end_spring
24,SS1_B_12_end_spring
4,SS1_B_12_end_spring
46,SS1_B_12_end_spring
5,SS1_B_12_end_spring
NA,SS1_B_12_end_spring
11,SS1_B_12_end_spring
NA,SS1_B_12_end_spring
NA,SS1_B_12_end_spring
7,SS1_B_12_end_spring
NA,SS1_B_12_end_spring
NA,SS1_B_12_end_spring
NA,SS1_B_12_end_spring
NA,SS1_B_12_end_spring
NA,SS1_B_12_end_spring
NA,SS1_B_12_end_spring
4,SS1_B_12_end_spring
4,SS1_B_12_end_spring
NA,SS1_B_12_end_spring
NA,SS1_B_12_end_spring
NA,SS1_B_12_end_spring
NA,SS1_B_12_end_spring
NA,SS1_B_12_end_spring
NA,SS1_B_12_end_spring
NA,SS1_B_12_end_spring
NA,SS1_B_12_end_spring
NA,SS1_B_12_end_spring
NA,SS1_B_12_end_spring
NA,SS1_B_12_end_spring
NA,SS1_B_12_end_spring
NA,SS1_B_12_end_spring
29,SS1_B_12_end_spring
NA,SS1_B_12_end_spring
NA,SS1_B_12_end_spring
21,SS1_B_12_end_spring
NA,SS1_B_12_end_spring
NA,SS1_B_12_end_spring
NA,SS1_B_12_end_spring
NA,SS1_B_12_end_spring
NA,SS1_B_12_end_spring
NA,SS1_B_12_end_spring
NA,SS1_B_12_end_spring
NA,SS1_B_12_end_spring
NA,SS1_B_12_end_spring
NA,SS1_B_12_end_spring
NA,SS1_B_12_end_spring
NA,SS1_B_12_end_spring
4,SS1_B_12_end_spring
NA,SS1_B_12_end_spring
NA,SS1_B_12_end_spring
NA,SS1_B_12_end_spring
NA,SS1_B_12_end_spring
NA,SS1_B_12_end_spring
NA,SS1_B_12_end_spring
NA,SS1_B_12_end_spring
NA,SS1_B_12_end_spring
NA,SS1_B_12_end_spring
NA,SS1_B_12_end_spring
NA,SS1_B_12_end_spring
NA,SS1_B_12_end_spring
NA,SS1_B_12_end_spring
NA,SS1_B_12_end_spring
NA,SS1_B_12_end_spring
NA,SS1_B_12_end_spring
NA,SS1_B_12_end_spring
NA,SS1_B_12_end_spring
NA,SS1_B_12_end_spring
NA,SS1_B_12_end_spring
NA,SS1_B_12_end_spring
NA,SS1_B_12_end_spring
NA,SS1_B_12_end_spring
NA,SS1_B_12_end_spring
NA,SS1_B_12_end_spring
NA,SS1_B_12_end_spring
NA,SS1_B_12_end_spring
NA,SS1_B_12_end_spring
NA,SS1_B_12_end_spring
NA,SS1_B_12_end_spring
13,SS1_B_12_end_spring
NA,SS1_B_12_end_spring
NA,SS1_B_12_end_spring
NA,SS1_B_12_end_spring
NA,SS1_B_12_end_spring
NA,SS1_B_12_end_spring
NA,SS1_B_12_end_spring
NA,SS1_B_12_end_spring
NA,SS1_B_12_end_spring
NA,SS1_B_12_end_spring
NA,SS1_B_12_end_spring
NA,SS1_B_12_end_spring
NA,SS1_B_12_end_spring
NA,SS1_B_12_end_spring
NA,SS1_B_12_end_spring
NA,SS1_B_12_end_spring
NA,SS1_B_12_end_spring
NA,SS1_B_12_end_spring
NA,SS1_B_12_end_spring
NA,SS1_B_12_end_spring
NA,SS1_B_12_end_spring
NA,SS1_B_12_end_spring
NA,SS1_B_12_end_spring
NA,SS1_B_12_end_spring
NA,SS1_B_12_end_spring
NA,SS1_B_12_end_spring
NA,SS1_B_12_end_spring
NA,SS1_B_12_end_spring
NA,SS1_B_12_end_spring
NA,SS1_B_12_end_spring
NA,SS1_B_12_end_spring
NA,SS1_B_12_end_spring
32078,SS1_B_12_end_spring
2428,SS1_B_12_end_spring
2780,SS1_B_12_end_spring
677,SS1_B_12_end_spring
830,SS1_B_12_end_spring
663,SS1_B_12_end_spring
57,SS1_B_12_end_spring
582,SS1_B_12_end_spring
288,SS1_B_12_end_spring
663,SS1_B_12_end_spring
845,SS1_B_12_end_spring
NA,SS1_B_12_end_spring
197,SS1_B_12_end_spring
1017,SS1_B_12_end_spring
NA,SS1_B_12_end_spring
256,SS1_B_12_end_spring
42,SS1_B_12_end_spring
19,SS1_B_12_end_spring
206,SS1_B_12_end_spring
NA,SS1_B_12_end_spring
160,SS1_B_12_end_spring
92,SS1_B_12_end_spring
150,SS1_B_12_end_spring
192,SS1_B_12_end_spring
NA,SS1_B_12_end_spring
55,SS1_B_12_end_spring
62,SS1_B_12_end_spring
31,SS1_B_12_end_spring
43,SS1_B_12_end_spring
94,SS1_B_12_end_spring
10,SS1_B_12_end_spring
NA,SS1_B_12_end_spring
60,SS1_B_12_end_spring
56,SS1_B_12_end_spring
35,SS1_B_12_end_spring
46,SS1_B_12_end_spring
NA,SS1_B_12_end_spring
8,SS1_B_12_end_spring
10,SS1_B_12_end_spring
84,SS1_B_12_end_spring
35,SS1_B_12_end_spring
45,SS1_B_12_end_spring
NA,SS1_B_12_end_spring
NA,SS1_B_12_end_spring
42,SS1_B_12_end_spring
11,SS1_B_12_end_spring
NA,SS1_B_12_end_spring
17,SS1_B_12_end_spring
NA,SS1_B_12_end_spring
NA,SS1_B_12_end_spring
NA,SS1_B_12_end_spring
NA,SS1_B_12_end_spring
24,SS1_B_12_end_spring
NA,SS1_B_12_end_spring
15,SS1_B_12_end_spring
43,SS1_B_12_end_spring
24,SS1_B_12_end_spring
NA,SS1_B_12_end_spring
35,SS1_B_12_end_spring
15,SS1_B_12_end_spring
NA,SS1_B_12_end_spring
8,SS1_B_12_end_spring
NA,SS1_B_12_end_spring
22,SS1_B_12_end_spring
NA,SS1_B_12_end_spring
NA,SS1_B_12_end_spring
NA,SS1_B_12_end_spring
NA,SS1_B_12_end_spring
NA,SS1_B_12_end_spring
NA,SS1_B_12_end_spring
13,SS1_B_12_end_spring
NA,SS1_B_12_end_spring
NA,SS1_B_12_end_spring
6,SS1_B_12_end_spring
NA,SS1_B_12_end_spring
NA,SS1_B_12_end_spring
NA,SS1_B_12_end_spring
NA,SS1_B_12_end_spring
NA,SS1_B_12_end_spring
NA,SS1_B_12_end_spring
NA,SS1_B_12_end_spring
NA,SS1_B_12_end_spring
NA,SS1_B_12_end_spring
NA,SS1_B_12_end_spring
NA,SS1_B_12_end_spring
NA,SS1_B_12_end_spring
NA,SS1_B_12_end_spring
NA,SS1_B_12_end_spring
NA,SS1_B_12_end_spring
NA,SS1_B_12_end_spring
NA,SS1_B_12_end_spring
NA,SS1_B_12_end_spring
6,SS1_B_12_end_spring
NA,SS1_B_12_end_spring
39,SS1_B_12_end_spring
NA,SS1_B_12_end_spring
NA,SS1_B_12_end_spring
NA,SS1_B_12_end_spring
NA,SS1_B_12_end_spring
NA,SS1_B_12_end_spring
NA,SS1_B_12_end_spring
7,SS1_B_12_end_spring
NA,SS1_B_12_end_spring
11,SS1_B_12_end_spring
NA,SS1_B_12_end_spring
NA,SS1_B_12_end_spring
NA,SS1_B_12_end_spring
NA,SS1_B_12_end_spring
NA,SS1_B_12_end_spring
NA,SS1_B_12_end_spring
NA,SS1_B_12_end_spring
NA,SS1_B_12_end_spring
5,SS1_B_12_end_spring
NA,SS1_B_12_end_spring
NA,SS1_B_12_end_spring
NA,SS1_B_12_end_spring
NA,SS1_B_12_end_spring
NA,SS1_B_12_end_spring
NA,SS1_B_12_end_spring
NA,SS1_B_12_end_spring
NA,SS1_B_12_end_spring
NA,SS1_B_12_end_spring
NA,SS1_B_12_end_spring
NA,SS1_B_12_end_spring
NA,SS1_B_12_end_spring
NA,SS1_B_12_end_spring
NA,SS1_B_12_end_spring
NA,SS1_B_12_end_spring
NA,SS1_B_12_end_spring
16,SS1_B_12_end_spring
NA,SS1_B_12_end_spring
NA,SS1_B_12_end_spring
NA,SS1_B_12_end_spring
NA,SS1_B_12_end_spring
NA,SS1_B_12_end_spring
NA,SS1_B_12_end_spring
NA,SS1_B_12_end_spring
NA,SS1_B_12_end_spring
NA,SS1_B_12_end_spring
NA,SS1_B_12_end_spring
NA,SS1_B_12_end_spring
NA,SS1_B_12_end_spring
NA,SS1_B_12_end_spring
NA,SS1_B_12_end_spring
NA,SS1_B_12_end_spring
NA,SS1_B_12_end_spring
NA,SS1_B_12_end_spring
NA,SS1_B_12_end_spring
NA,SS1_B_12_end_spring
NA,SS1_B_12_end_spring
NA,SS1_B_12_end_spring
NA,SS1_B_12_end_spring
NA,SS1_B_12_end_spring
NA,SS1_B_12_end_spring
NA,SS1_B_12_end_spring
NA,SS1_B_12_end_spring
NA,SS1_B_12_end_spring
NA,SS1_B_12_end_spring
NA,SS1_B_12_end_spring
NA,SS1_B_12_end_spring
NA,SS1_B_12_end_spring
NA,SS1_B_12_end_spring
NA,SS1_B_12_end_spring
NA,SS1_B_12_end_spring
NA,SS1_B_12_end_spring
NA,SS1_B_12_end_spring
NA,SS1_B_12_end_spring
NA,SS1_B_12_end_spring
NA,SS1_B_12_end_spring
NA,SS1_B_12_end_spring
NA,SS1_B_12_end_spring
NA,SS1_B_12_end_spring
NA,SS1_B_12_end_spring
NA,SS1_B_12_end_spring
NA,SS1_B_12_end_spring
NA,SS1_B_12_end_spring
NA,SS1_B_12_end_spring
2463,SS1_C_12_end_spring
7460,SS1_C_12_end_spring
1526,SS1_C_12_end_spring
426,SS1_C_12_end_spring
327,SS1_C_12_end_spring
2628,SS1_C_12_end_spring
NA,SS1_C_12_end_spring
1815,SS1_C_12_end_spring
1552,SS1_C_12_end_spring
469,SS1_C_12_end_spring
212,SS1_C_12_end_spring
619,SS1_C_12_end_spring
NA,SS1_C_12_end_spring
555,SS1_C_12_end_spring
187,SS1_C_12_end_spring
25,SS1_C_12_end_spring
287,SS1_C_12_end_spring
NA,SS1_C_12_end_spring
165,SS1_C_12_end_spring
6,SS1_C_12_end_spring
NA,SS1_C_12_end_spring
NA,SS1_C_12_end_spring
27,SS1_C_12_end_spring
NA,SS1_C_12_end_spring
38,SS1_C_12_end_spring
NA,SS1_C_12_end_spring
NA,SS1_C_12_end_spring
166,SS1_C_12_end_spring
249,SS1_C_12_end_spring
4,SS1_C_12_end_spring
116,SS1_C_12_end_spring
NA,SS1_C_12_end_spring
NA,SS1_C_12_end_spring
NA,SS1_C_12_end_spring
NA,SS1_C_12_end_spring
NA,SS1_C_12_end_spring
NA,SS1_C_12_end_spring
87,SS1_C_12_end_spring
72,SS1_C_12_end_spring
NA,SS1_C_12_end_spring
20,SS1_C_12_end_spring
NA,SS1_C_12_end_spring
NA,SS1_C_12_end_spring
57,SS1_C_12_end_spring
NA,SS1_C_12_end_spring
NA,SS1_C_12_end_spring
NA,SS1_C_12_end_spring
NA,SS1_C_12_end_spring
NA,SS1_C_12_end_spring
7,SS1_C_12_end_spring
NA,SS1_C_12_end_spring
NA,SS1_C_12_end_spring
NA,SS1_C_12_end_spring
NA,SS1_C_12_end_spring
NA,SS1_C_12_end_spring
NA,SS1_C_12_end_spring
NA,SS1_C_12_end_spring
NA,SS1_C_12_end_spring
NA,SS1_C_12_end_spring
NA,SS1_C_12_end_spring
NA,SS1_C_12_end_spring
NA,SS1_C_12_end_spring
NA,SS1_C_12_end_spring
NA,SS1_C_12_end_spring
NA,SS1_C_12_end_spring
4,SS1_C_12_end_spring
NA,SS1_C_12_end_spring
NA,SS1_C_12_end_spring
NA,SS1_C_12_end_spring
NA,SS1_C_12_end_spring
NA,SS1_C_12_end_spring
NA,SS1_C_12_end_spring
19,SS1_C_12_end_spring
NA,SS1_C_12_end_spring
NA,SS1_C_12_end_spring
NA,SS1_C_12_end_spring
NA,SS1_C_12_end_spring
NA,SS1_C_12_end_spring
NA,SS1_C_12_end_spring
NA,SS1_C_12_end_spring
NA,SS1_C_12_end_spring
NA,SS1_C_12_end_spring
NA,SS1_C_12_end_spring
9,SS1_C_12_end_spring
NA,SS1_C_12_end_spring
NA,SS1_C_12_end_spring
NA,SS1_C_12_end_spring
NA,SS1_C_12_end_spring
NA,SS1_C_12_end_spring
NA,SS1_C_12_end_spring
NA,SS1_C_12_end_spring
NA,SS1_C_12_end_spring
NA,SS1_C_12_end_spring
NA,SS1_C_12_end_spring
NA,SS1_C_12_end_spring
NA,SS1_C_12_end_spring
NA,SS1_C_12_end_spring
NA,SS1_C_12_end_spring
NA,SS1_C_12_end_spring
NA,SS1_C_12_end_spring
NA,SS1_C_12_end_spring
NA,SS1_C_12_end_spring
NA,SS1_C_12_end_spring
NA,SS1_C_12_end_spring
NA,SS1_C_12_end_spring
NA,SS1_C_12_end_spring
NA,SS1_C_12_end_spring
NA,SS1_C_12_end_spring
NA,SS1_C_12_end_spring
NA,SS1_C_12_end_spring
NA,SS1_C_12_end_spring
NA,SS1_C_12_end_spring
NA,SS1_C_12_end_spring
NA,SS1_C_12_end_spring
NA,SS1_C_12_end_spring
NA,SS1_C_12_end_spring
NA,SS1_C_12_end_spring
NA,SS1_C_12_end_spring
NA,SS1_C_12_end_spring
3140,SS1_C_12_end_spring
1257,SS1_C_12_end_spring
568,SS1_C_12_end_spring
184,SS1_C_12_end_spring
106,SS1_C_12_end_spring
227,SS1_C_12_end_spring
NA,SS1_C_12_end_spring
281,SS1_C_12_end_spring
170,SS1_C_12_end_spring
7,SS1_C_12_end_spring
NA,SS1_C_12_end_spring
4,SS1_C_12_end_spring
230,SS1_C_12_end_spring
176,SS1_C_12_end_spring
78,SS1_C_12_end_spring
NA,SS1_C_12_end_spring
155,SS1_C_12_end_spring
40,SS1_C_12_end_spring
NA,SS1_C_12_end_spring
39,SS1_C_12_end_spring
243,SS1_C_12_end_spring
61,SS1_C_12_end_spring
67,SS1_C_12_end_spring
14,SS1_C_12_end_spring
NA,SS1_C_12_end_spring
9,SS1_C_12_end_spring
78,SS1_C_12_end_spring
48,SS1_C_12_end_spring
73,SS1_C_12_end_spring
NA,SS1_C_12_end_spring
66,SS1_C_12_end_spring
NA,SS1_C_12_end_spring
NA,SS1_C_12_end_spring
27,SS1_C_12_end_spring
39,SS1_C_12_end_spring
NA,SS1_C_12_end_spring
NA,SS1_C_12_end_spring
25,SS1_C_12_end_spring
NA,SS1_C_12_end_spring
12,SS1_C_12_end_spring
NA,SS1_C_12_end_spring
NA,SS1_C_12_end_spring
27,SS1_C_12_end_spring
NA,SS1_C_12_end_spring
12,SS1_C_12_end_spring
39,SS1_C_12_end_spring
NA,SS1_C_12_end_spring
NA,SS1_C_12_end_spring
NA,SS1_C_12_end_spring
NA,SS1_C_12_end_spring
NA,SS1_C_12_end_spring
NA,SS1_C_12_end_spring
31,SS1_C_12_end_spring
NA,SS1_C_12_end_spring
NA,SS1_C_12_end_spring
NA,SS1_C_12_end_spring
NA,SS1_C_12_end_spring
NA,SS1_C_12_end_spring
111,SS1_C_12_end_spring
23,SS1_C_12_end_spring
NA,SS1_C_12_end_spring
NA,SS1_C_12_end_spring
9,SS1_C_12_end_spring
NA,SS1_C_12_end_spring
NA,SS1_C_12_end_spring
NA,SS1_C_12_end_spring
NA,SS1_C_12_end_spring
NA,SS1_C_12_end_spring
NA,SS1_C_12_end_spring
NA,SS1_C_12_end_spring
NA,SS1_C_12_end_spring
NA,SS1_C_12_end_spring
NA,SS1_C_12_end_spring
NA,SS1_C_12_end_spring
11,SS1_C_12_end_spring
NA,SS1_C_12_end_spring
NA,SS1_C_12_end_spring
NA,SS1_C_12_end_spring
NA,SS1_C_12_end_spring
NA,SS1_C_12_end_spring
NA,SS1_C_12_end_spring
NA,SS1_C_12_end_spring
10,SS1_C_12_end_spring
NA,SS1_C_12_end_spring
NA,SS1_C_12_end_spring
NA,SS1_C_12_end_spring
NA,SS1_C_12_end_spring
12,SS1_C_12_end_spring
38,SS1_C_12_end_spring
NA,SS1_C_12_end_spring
NA,SS1_C_12_end_spring
NA,SS1_C_12_end_spring
NA,SS1_C_12_end_spring
NA,SS1_C_12_end_spring
NA,SS1_C_12_end_spring
NA,SS1_C_12_end_spring
NA,SS1_C_12_end_spring
NA,SS1_C_12_end_spring
NA,SS1_C_12_end_spring
NA,SS1_C_12_end_spring
NA,SS1_C_12_end_spring
NA,SS1_C_12_end_spring
NA,SS1_C_12_end_spring
NA,SS1_C_12_end_spring
NA,SS1_C_12_end_spring
NA,SS1_C_12_end_spring
NA,SS1_C_12_end_spring
NA,SS1_C_12_end_spring
NA,SS1_C_12_end_spring
NA,SS1_C_12_end_spring
NA,SS1_C_12_end_spring
5,SS1_C_12_end_spring
NA,SS1_C_12_end_spring
NA,SS1_C_12_end_spring
NA,SS1_C_12_end_spring
NA,SS1_C_12_end_spring
NA,SS1_C_12_end_spring
NA,SS1_C_12_end_spring
NA,SS1_C_12_end_spring
NA,SS1_C_12_end_spring
NA,SS1_C_12_end_spring
NA,SS1_C_12_end_spring
NA,SS1_C_12_end_spring
NA,SS1_C_12_end_spring
NA,SS1_C_12_end_spring
9,SS1_C_12_end_spring
NA,SS1_C_12_end_spring
NA,SS1_C_12_end_spring
NA,SS1_C_12_end_spring
NA,SS1_C_12_end_spring
NA,SS1_C_12_end_spring
NA,SS1_C_12_end_spring
NA,SS1_C_12_end_spring
NA,SS1_C_12_end_spring
NA,SS1_C_12_end_spring
NA,SS1_C_12_end_spring
NA,SS1_C_12_end_spring
NA,SS1_C_12_end_spring
NA,SS1_C_12_end_spring
NA,SS1_C_12_end_spring
NA,SS1_C_12_end_spring
NA,SS1_C_12_end_spring
NA,SS1_C_12_end_spring
NA,SS1_C_12_end_spring
NA,SS1_C_12_end_spring
NA,SS1_C_12_end_spring
NA,SS1_C_12_end_spring
NA,SS1_C_12_end_spring
NA,SS1_C_12_end_spring
NA,SS1_C_12_end_spring
NA,SS1_C_12_end_spring
NA,SS1_C_12_end_spring
NA,SS1_C_12_end_spring
NA,SS1_C_12_end_spring
NA,SS1_C_12_end_spring
NA,SS1_C_12_end_spring
NA,SS1_C_12_end_spring
NA,SS1_C_12_end_spring
NA,SS1_C_12_end_spring
NA,SS1_C_12_end_spring
NA,SS1_C_12_end_spring
NA,SS1_C_12_end_spring
NA,SS1_C_12_end_spring
NA,SS1_C_12_end_spring
NA,SS1_C_12_end_spring
NA,SS1_C_12_end_spring
NA,SS1_C_12_end_spring
6,SS1_C_12_end_spring
NA,SS1_C_12_end_spring
NA,SS1_C_12_end_spring
NA,SS1_C_12_end_spring
NA,SS1_C_12_end_spring
NA,SS1_C_12_end_spring
NA,SS1_C_12_end_spring
NA,SS1_C_12_end_spring
NA,SS1_C_12_end_spring
8,SS1_C_12_end_spring
NA,SS1_C_12_end_spring
NA,SS1_C_12_end_spring
NA,SS1_C_12_end_spring
NA,SS1_C_12_end_spring
NA,SS1_C_12_end_spring
NA,SS1_C_12_end_spring
NA,SS1_C_12_end_spring
NA,SS1_C_12_end_spring
NA,SS1_C_12_end_spring
NA,SS1_C_12_end_spring
NA,SS1_C_12_end_spring
NA,SS1_C_12_end_spring
NA,SS1_C_12_end_spring
NA,SS1_C_12_end_spring
NA,SS1_C_12_end_spring
NA,SS1_C_12_end_spring
NA,SS1_C_12_end_spring
NA,SS1_C_12_end_spring
NA,SS1_C_12_end_spring
NA,SS1_C_12_end_spring
NA,SS1_C_12_end_spring
NA,SS1_C_12_end_spring
NA,SS1_C_12_end_spring
4,SS1_C_12_end_spring
NA,SS1_C_12_end_spring
NA,SS1_C_12_end_spring
NA,SS1_C_12_end_spring
NA,SS1_C_12_end_spring
NA,SS1_C_12_end_spring
NA,SS1_C_12_end_spring
824,SS1_C_12_end_spring
1024,SS1_C_12_end_spring
53,SS1_C_12_end_spring
NA,SS1_C_12_end_spring
183,SS1_C_12_end_spring
336,SS1_C_12_end_spring
NA,SS1_C_12_end_spring
231,SS1_C_12_end_spring
125,SS1_C_12_end_spring
55,SS1_C_12_end_spring
19,SS1_C_12_end_spring
NA,SS1_C_12_end_spring
49,SS1_C_12_end_spring
NA,SS1_C_12_end_spring
NA,SS1_C_12_end_spring
113,SS1_C_12_end_spring
84,SS1_C_12_end_spring
78,SS1_C_12_end_spring
148,SS1_C_12_end_spring
NA,SS1_C_12_end_spring
178,SS1_C_12_end_spring
11,SS1_C_12_end_spring
NA,SS1_C_12_end_spring
45,SS1_C_12_end_spring
NA,SS1_C_12_end_spring
NA,SS1_C_12_end_spring
11,SS1_C_12_end_spring
NA,SS1_C_12_end_spring
56,SS1_C_12_end_spring
37,SS1_C_12_end_spring
4,SS1_C_12_end_spring
10,SS1_C_12_end_spring
NA,SS1_C_12_end_spring
32,SS1_C_12_end_spring
6,SS1_C_12_end_spring
12,SS1_C_12_end_spring
NA,SS1_C_12_end_spring
NA,SS1_C_12_end_spring
NA,SS1_C_12_end_spring
NA,SS1_C_12_end_spring
NA,SS1_C_12_end_spring
NA,SS1_C_12_end_spring
NA,SS1_C_12_end_spring
NA,SS1_C_12_end_spring
NA,SS1_C_12_end_spring
NA,SS1_C_12_end_spring
NA,SS1_C_12_end_spring
NA,SS1_C_12_end_spring
NA,SS1_C_12_end_spring
NA,SS1_C_12_end_spring
NA,SS1_C_12_end_spring
21,SS1_C_12_end_spring
NA,SS1_C_12_end_spring
NA,SS1_C_12_end_spring
NA,SS1_C_12_end_spring
NA,SS1_C_12_end_spring
4,SS1_C_12_end_spring
NA,SS1_C_12_end_spring
NA,SS1_C_12_end_spring
5,SS1_C_12_end_spring
NA,SS1_C_12_end_spring
NA,SS1_C_12_end_spring
NA,SS1_C_12_end_spring
60,SS1_C_12_end_spring
NA,SS1_C_12_end_spring
NA,SS1_C_12_end_spring
NA,SS1_C_12_end_spring
NA,SS1_C_12_end_spring
NA,SS1_C_12_end_spring
NA,SS1_C_12_end_spring
NA,SS1_C_12_end_spring
6,SS1_C_12_end_spring
NA,SS1_C_12_end_spring
NA,SS1_C_12_end_spring
NA,SS1_C_12_end_spring
NA,SS1_C_12_end_spring
NA,SS1_C_12_end_spring
NA,SS1_C_12_end_spring
NA,SS1_C_12_end_spring
NA,SS1_C_12_end_spring
NA,SS1_C_12_end_spring
NA,SS1_C_12_end_spring
NA,SS1_C_12_end_spring
NA,SS1_C_12_end_spring
NA,SS1_C_12_end_spring
NA,SS1_C_12_end_spring
NA,SS1_C_12_end_spring
NA,SS1_C_12_end_spring
NA,SS1_C_12_end_spring
NA,SS1_C_12_end_spring
NA,SS1_C_12_end_spring
NA,SS1_C_12_end_spring
NA,SS1_C_12_end_spring
NA,SS1_C_12_end_spring
NA,SS1_C_12_end_spring
10,SS1_C_12_end_spring
NA,SS1_C_12_end_spring
NA,SS1_C_12_end_spring
NA,SS1_C_12_end_spring
NA,SS1_C_12_end_spring
NA,SS1_C_12_end_spring
NA,SS1_C_12_end_spring
NA,SS1_C_12_end_spring
NA,SS1_C_12_end_spring
NA,SS1_C_12_end_spring
NA,SS1_C_12_end_spring
NA,SS1_C_12_end_spring
NA,SS1_C_12_end_spring
NA,SS1_C_12_end_spring
NA,SS1_C_12_end_spring
NA,SS1_C_12_end_spring
NA,SS1_C_12_end_spring
NA,SS1_C_12_end_spring
NA,SS1_C_12_end_spring
NA,SS1_C_12_end_spring
NA,SS1_C_12_end_spring
NA,SS1_C_12_end_spring
NA,SS1_C_12_end_spring
NA,SS1_C_12_end_spring
NA,SS1_C_12_end_spring
NA,SS1_C_12_end_spring
NA,SS1_C_12_end_spring
8,SS1_C_12_end_spring
NA,SS1_C_12_end_spring
NA,SS1_C_12_end_spring
NA,SS1_C_12_end_spring
NA,SS1_C_12_end_spring
NA,SS1_C_12_end_spring
NA,SS1_C_12_end_spring
NA,SS1_C_12_end_spring
NA,SS1_C_12_end_spring
NA,SS1_C_12_end_spring
NA,SS1_C_12_end_spring
NA,SS1_C_12_end_spring
NA,SS1_C_12_end_spring
NA,SS1_C_12_end_spring
NA,SS1_C_12_end_spring
NA,SS1_C_12_end_spring
NA,SS1_C_12_end_spring
NA,SS1_C_12_end_spring
NA,SS1_C_12_end_spring
NA,SS1_C_12_end_spring
32807,SS1_C_12_end_spring
3950,SS1_C_12_end_spring
3446,SS1_C_12_end_spring
400,SS1_C_12_end_spring
751,SS1_C_12_end_spring
639,SS1_C_12_end_spring
262,SS1_C_12_end_spring
489,SS1_C_12_end_spring
343,SS1_C_12_end_spring
431,SS1_C_12_end_spring
819,SS1_C_12_end_spring
30,SS1_C_12_end_spring
233,SS1_C_12_end_spring
1084,SS1_C_12_end_spring
NA,SS1_C_12_end_spring
279,SS1_C_12_end_spring
19,SS1_C_12_end_spring
31,SS1_C_12_end_spring
269,SS1_C_12_end_spring
NA,SS1_C_12_end_spring
901,SS1_C_12_end_spring
194,SS1_C_12_end_spring
289,SS1_C_12_end_spring
404,SS1_C_12_end_spring
NA,SS1_C_12_end_spring
85,SS1_C_12_end_spring
NA,SS1_C_12_end_spring
48,SS1_C_12_end_spring
35,SS1_C_12_end_spring
79,SS1_C_12_end_spring
NA,SS1_C_12_end_spring
NA,SS1_C_12_end_spring
32,SS1_C_12_end_spring
61,SS1_C_12_end_spring
213,SS1_C_12_end_spring
80,SS1_C_12_end_spring
NA,SS1_C_12_end_spring
10,SS1_C_12_end_spring
NA,SS1_C_12_end_spring
55,SS1_C_12_end_spring
46,SS1_C_12_end_spring
9,SS1_C_12_end_spring
5,SS1_C_12_end_spring
24,SS1_C_12_end_spring
85,SS1_C_12_end_spring
21,SS1_C_12_end_spring
NA,SS1_C_12_end_spring
36,SS1_C_12_end_spring
NA,SS1_C_12_end_spring
127,SS1_C_12_end_spring
NA,SS1_C_12_end_spring
NA,SS1_C_12_end_spring
20,SS1_C_12_end_spring
NA,SS1_C_12_end_spring
31,SS1_C_12_end_spring
58,SS1_C_12_end_spring
22,SS1_C_12_end_spring
NA,SS1_C_12_end_spring
18,SS1_C_12_end_spring
15,SS1_C_12_end_spring
NA,SS1_C_12_end_spring
15,SS1_C_12_end_spring
NA,SS1_C_12_end_spring
6,SS1_C_12_end_spring
NA,SS1_C_12_end_spring
NA,SS1_C_12_end_spring
19,SS1_C_12_end_spring
NA,SS1_C_12_end_spring
6,SS1_C_12_end_spring
NA,SS1_C_12_end_spring
11,SS1_C_12_end_spring
NA,SS1_C_12_end_spring
NA,SS1_C_12_end_spring
NA,SS1_C_12_end_spring
NA,SS1_C_12_end_spring
NA,SS1_C_12_end_spring
NA,SS1_C_12_end_spring
NA,SS1_C_12_end_spring
NA,SS1_C_12_end_spring
NA,SS1_C_12_end_spring
NA,SS1_C_12_end_spring
NA,SS1_C_12_end_spring
57,SS1_C_12_end_spring
NA,SS1_C_12_end_spring
NA,SS1_C_12_end_spring
NA,SS1_C_12_end_spring
NA,SS1_C_12_end_spring
NA,SS1_C_12_end_spring
NA,SS1_C_12_end_spring
NA,SS1_C_12_end_spring
NA,SS1_C_12_end_spring
NA,SS1_C_12_end_spring
NA,SS1_C_12_end_spring
NA,SS1_C_12_end_spring
NA,SS1_C_12_end_spring
10,SS1_C_12_end_spring
NA,SS1_C_12_end_spring
NA,SS1_C_12_end_spring
NA,SS1_C_12_end_spring
NA,SS1_C_12_end_spring
NA,SS1_C_12_end_spring
6,SS1_C_12_end_spring
NA,SS1_C_12_end_spring
NA,SS1_C_12_end_spring
NA,SS1_C_12_end_spring
NA,SS1_C_12_end_spring
NA,SS1_C_12_end_spring
NA,SS1_C_12_end_spring
NA,SS1_C_12_end_spring
NA,SS1_C_12_end_spring
NA,SS1_C_12_end_spring
9,SS1_C_12_end_spring
4,SS1_C_12_end_spring
NA,SS1_C_12_end_spring
NA,SS1_C_12_end_spring
NA,SS1_C_12_end_spring
NA,SS1_C_12_end_spring
NA,SS1_C_12_end_spring
NA,SS1_C_12_end_spring
NA,SS1_C_12_end_spring
NA,SS1_C_12_end_spring
NA,SS1_C_12_end_spring
NA,SS1_C_12_end_spring
NA,SS1_C_12_end_spring
4,SS1_C_12_end_spring
5,SS1_C_12_end_spring
NA,SS1_C_12_end_spring
NA,SS1_C_12_end_spring
NA,SS1_C_12_end_spring
NA,SS1_C_12_end_spring
NA,SS1_C_12_end_spring
NA,SS1_C_12_end_spring
NA,SS1_C_12_end_spring
NA,SS1_C_12_end_spring
NA,SS1_C_12_end_spring
NA,SS1_C_12_end_spring
NA,SS1_C_12_end_spring
NA,SS1_C_12_end_spring
NA,SS1_C_12_end_spring
NA,SS1_C_12_end_spring
NA,SS1_C_12_end_spring
NA,SS1_C_12_end_spring
NA,SS1_C_12_end_spring
NA,SS1_C_12_end_spring
NA,SS1_C_12_end_spring
NA,SS1_C_12_end_spring
NA,SS1_C_12_end_spring
NA,SS1_C_12_end_spring
NA,SS1_C_12_end_spring
NA,SS1_C_12_end_spring
7,SS1_C_12_end_spring
NA,SS1_C_12_end_spring
NA,SS1_C_12_end_spring
NA,SS1_C_12_end_spring
NA,SS1_C_12_end_spring
NA,SS1_C_12_end_spring
NA,SS1_C_12_end_spring
NA,SS1_C_12_end_spring
NA,SS1_C_12_end_spring
NA,SS1_C_12_end_spring
NA,SS1_C_12_end_spring
NA,SS1_C_12_end_spring
NA,SS1_C_12_end_spring
NA,SS1_C_12_end_spring
NA,SS1_C_12_end_spring
NA,SS1_C_12_end_spring
NA,SS1_C_12_end_spring
NA,SS1_C_12_end_spring
NA,SS1_C_12_end_spring
NA,SS1_C_12_end_spring
NA,SS1_C_12_end_spring
NA,SS1_C_12_end_spring
NA,SS1_C_12_end_spring
NA,SS1_C_12_end_spring
NA,SS1_C_12_end_spring
NA,SS1_C_12_end_spring
NA,SS1_C_12_end_spring
2628,SS1_D_12_end_spring
3752,SS1_D_12_end_spring
1221,SS1_D_12_end_spring
719,SS1_D_12_end_spring
1447,SS1_D_12_end_spring
2209,SS1_D_12_end_spring
NA,SS1_D_12_end_spring
1199,SS1_D_12_end_spring
1240,SS1_D_12_end_spring
303,SS1_D_12_end_spring
14,SS1_D_12_end_spring
1006,SS1_D_12_end_spring
NA,SS1_D_12_end_spring
332,SS1_D_12_end_spring
207,SS1_D_12_end_spring
NA,SS1_D_12_end_spring
206,SS1_D_12_end_spring
NA,SS1_D_12_end_spring
107,SS1_D_12_end_spring
548,SS1_D_12_end_spring
NA,SS1_D_12_end_spring
NA,SS1_D_12_end_spring
107,SS1_D_12_end_spring
NA,SS1_D_12_end_spring
58,SS1_D_12_end_spring
NA,SS1_D_12_end_spring
8,SS1_D_12_end_spring
124,SS1_D_12_end_spring
471,SS1_D_12_end_spring
68,SS1_D_12_end_spring
116,SS1_D_12_end_spring
NA,SS1_D_12_end_spring
6,SS1_D_12_end_spring
NA,SS1_D_12_end_spring
NA,SS1_D_12_end_spring
NA,SS1_D_12_end_spring
NA,SS1_D_12_end_spring
52,SS1_D_12_end_spring
NA,SS1_D_12_end_spring
NA,SS1_D_12_end_spring
10,SS1_D_12_end_spring
NA,SS1_D_12_end_spring
NA,SS1_D_12_end_spring
NA,SS1_D_12_end_spring
NA,SS1_D_12_end_spring
NA,SS1_D_12_end_spring
NA,SS1_D_12_end_spring
NA,SS1_D_12_end_spring
NA,SS1_D_12_end_spring
11,SS1_D_12_end_spring
NA,SS1_D_12_end_spring
NA,SS1_D_12_end_spring
NA,SS1_D_12_end_spring
NA,SS1_D_12_end_spring
NA,SS1_D_12_end_spring
NA,SS1_D_12_end_spring
NA,SS1_D_12_end_spring
92,SS1_D_12_end_spring
NA,SS1_D_12_end_spring
NA,SS1_D_12_end_spring
NA,SS1_D_12_end_spring
NA,SS1_D_12_end_spring
NA,SS1_D_12_end_spring
NA,SS1_D_12_end_spring
NA,SS1_D_12_end_spring
NA,SS1_D_12_end_spring
NA,SS1_D_12_end_spring
NA,SS1_D_12_end_spring
NA,SS1_D_12_end_spring
NA,SS1_D_12_end_spring
5,SS1_D_12_end_spring
NA,SS1_D_12_end_spring
NA,SS1_D_12_end_spring
NA,SS1_D_12_end_spring
NA,SS1_D_12_end_spring
NA,SS1_D_12_end_spring
NA,SS1_D_12_end_spring
10,SS1_D_12_end_spring
NA,SS1_D_12_end_spring
NA,SS1_D_12_end_spring
NA,SS1_D_12_end_spring
25,SS1_D_12_end_spring
NA,SS1_D_12_end_spring
NA,SS1_D_12_end_spring
NA,SS1_D_12_end_spring
NA,SS1_D_12_end_spring
15,SS1_D_12_end_spring
NA,SS1_D_12_end_spring
NA,SS1_D_12_end_spring
NA,SS1_D_12_end_spring
NA,SS1_D_12_end_spring
NA,SS1_D_12_end_spring
NA,SS1_D_12_end_spring
NA,SS1_D_12_end_spring
NA,SS1_D_12_end_spring
NA,SS1_D_12_end_spring
NA,SS1_D_12_end_spring
NA,SS1_D_12_end_spring
NA,SS1_D_12_end_spring
NA,SS1_D_12_end_spring
NA,SS1_D_12_end_spring
NA,SS1_D_12_end_spring
NA,SS1_D_12_end_spring
NA,SS1_D_12_end_spring
NA,SS1_D_12_end_spring
NA,SS1_D_12_end_spring
NA,SS1_D_12_end_spring
NA,SS1_D_12_end_spring
NA,SS1_D_12_end_spring
NA,SS1_D_12_end_spring
NA,SS1_D_12_end_spring
NA,SS1_D_12_end_spring
NA,SS1_D_12_end_spring
NA,SS1_D_12_end_spring
NA,SS1_D_12_end_spring
NA,SS1_D_12_end_spring
NA,SS1_D_12_end_spring
NA,SS1_D_12_end_spring
NA,SS1_D_12_end_spring
2062,SS1_D_12_end_spring
1316,SS1_D_12_end_spring
259,SS1_D_12_end_spring
221,SS1_D_12_end_spring
80,SS1_D_12_end_spring
455,SS1_D_12_end_spring
NA,SS1_D_12_end_spring
321,SS1_D_12_end_spring
345,SS1_D_12_end_spring
28,SS1_D_12_end_spring
NA,SS1_D_12_end_spring
NA,SS1_D_12_end_spring
153,SS1_D_12_end_spring
165,SS1_D_12_end_spring
217,SS1_D_12_end_spring
NA,SS1_D_12_end_spring
172,SS1_D_12_end_spring
NA,SS1_D_12_end_spring
NA,SS1_D_12_end_spring
38,SS1_D_12_end_spring
216,SS1_D_12_end_spring
72,SS1_D_12_end_spring
70,SS1_D_12_end_spring
24,SS1_D_12_end_spring
NA,SS1_D_12_end_spring
20,SS1_D_12_end_spring
59,SS1_D_12_end_spring
214,SS1_D_12_end_spring
88,SS1_D_12_end_spring
NA,SS1_D_12_end_spring
65,SS1_D_12_end_spring
NA,SS1_D_12_end_spring
NA,SS1_D_12_end_spring
37,SS1_D_12_end_spring
NA,SS1_D_12_end_spring
NA,SS1_D_12_end_spring
NA,SS1_D_12_end_spring
NA,SS1_D_12_end_spring
NA,SS1_D_12_end_spring
111,SS1_D_12_end_spring
36,SS1_D_12_end_spring
NA,SS1_D_12_end_spring
NA,SS1_D_12_end_spring
NA,SS1_D_12_end_spring
44,SS1_D_12_end_spring
37,SS1_D_12_end_spring
NA,SS1_D_12_end_spring
NA,SS1_D_12_end_spring
NA,SS1_D_12_end_spring
NA,SS1_D_12_end_spring
NA,SS1_D_12_end_spring
NA,SS1_D_12_end_spring
11,SS1_D_12_end_spring
NA,SS1_D_12_end_spring
NA,SS1_D_12_end_spring
NA,SS1_D_12_end_spring
NA,SS1_D_12_end_spring
15,SS1_D_12_end_spring
25,SS1_D_12_end_spring
19,SS1_D_12_end_spring
NA,SS1_D_12_end_spring
NA,SS1_D_12_end_spring
NA,SS1_D_12_end_spring
NA,SS1_D_12_end_spring
NA,SS1_D_12_end_spring
NA,SS1_D_12_end_spring
20,SS1_D_12_end_spring
55,SS1_D_12_end_spring
NA,SS1_D_12_end_spring
NA,SS1_D_12_end_spring
NA,SS1_D_12_end_spring
NA,SS1_D_12_end_spring
NA,SS1_D_12_end_spring
NA,SS1_D_12_end_spring
22,SS1_D_12_end_spring
NA,SS1_D_12_end_spring
NA,SS1_D_12_end_spring
10,SS1_D_12_end_spring
12,SS1_D_12_end_spring
NA,SS1_D_12_end_spring
NA,SS1_D_12_end_spring
NA,SS1_D_12_end_spring
NA,SS1_D_12_end_spring
NA,SS1_D_12_end_spring
NA,SS1_D_12_end_spring
13,SS1_D_12_end_spring
NA,SS1_D_12_end_spring
15,SS1_D_12_end_spring
NA,SS1_D_12_end_spring
NA,SS1_D_12_end_spring
NA,SS1_D_12_end_spring
NA,SS1_D_12_end_spring
NA,SS1_D_12_end_spring
NA,SS1_D_12_end_spring
NA,SS1_D_12_end_spring
NA,SS1_D_12_end_spring
17,SS1_D_12_end_spring
NA,SS1_D_12_end_spring
NA,SS1_D_12_end_spring
9,SS1_D_12_end_spring
NA,SS1_D_12_end_spring
NA,SS1_D_12_end_spring
NA,SS1_D_12_end_spring
NA,SS1_D_12_end_spring
NA,SS1_D_12_end_spring
5,SS1_D_12_end_spring
NA,SS1_D_12_end_spring
NA,SS1_D_12_end_spring
NA,SS1_D_12_end_spring
NA,SS1_D_12_end_spring
NA,SS1_D_12_end_spring
NA,SS1_D_12_end_spring
NA,SS1_D_12_end_spring
8,SS1_D_12_end_spring
NA,SS1_D_12_end_spring
NA,SS1_D_12_end_spring
NA,SS1_D_12_end_spring
NA,SS1_D_12_end_spring
4,SS1_D_12_end_spring
NA,SS1_D_12_end_spring
NA,SS1_D_12_end_spring
NA,SS1_D_12_end_spring
NA,SS1_D_12_end_spring
NA,SS1_D_12_end_spring
NA,SS1_D_12_end_spring
NA,SS1_D_12_end_spring
NA,SS1_D_12_end_spring
NA,SS1_D_12_end_spring
NA,SS1_D_12_end_spring
NA,SS1_D_12_end_spring
NA,SS1_D_12_end_spring
NA,SS1_D_12_end_spring
NA,SS1_D_12_end_spring
NA,SS1_D_12_end_spring
NA,SS1_D_12_end_spring
NA,SS1_D_12_end_spring
NA,SS1_D_12_end_spring
NA,SS1_D_12_end_spring
11,SS1_D_12_end_spring
NA,SS1_D_12_end_spring
NA,SS1_D_12_end_spring
NA,SS1_D_12_end_spring
NA,SS1_D_12_end_spring
NA,SS1_D_12_end_spring
NA,SS1_D_12_end_spring
NA,SS1_D_12_end_spring
NA,SS1_D_12_end_spring
NA,SS1_D_12_end_spring
NA,SS1_D_12_end_spring
NA,SS1_D_12_end_spring
NA,SS1_D_12_end_spring
NA,SS1_D_12_end_spring
NA,SS1_D_12_end_spring
NA,SS1_D_12_end_spring
NA,SS1_D_12_end_spring
NA,SS1_D_12_end_spring
NA,SS1_D_12_end_spring
NA,SS1_D_12_end_spring
NA,SS1_D_12_end_spring
NA,SS1_D_12_end_spring
NA,SS1_D_12_end_spring
NA,SS1_D_12_end_spring
NA,SS1_D_12_end_spring
NA,SS1_D_12_end_spring
NA,SS1_D_12_end_spring
NA,SS1_D_12_end_spring
NA,SS1_D_12_end_spring
NA,SS1_D_12_end_spring
NA,SS1_D_12_end_spring
NA,SS1_D_12_end_spring
NA,SS1_D_12_end_spring
NA,SS1_D_12_end_spring
NA,SS1_D_12_end_spring
NA,SS1_D_12_end_spring
NA,SS1_D_12_end_spring
NA,SS1_D_12_end_spring
NA,SS1_D_12_end_spring
NA,SS1_D_12_end_spring
NA,SS1_D_12_end_spring
NA,SS1_D_12_end_spring
NA,SS1_D_12_end_spring
NA,SS1_D_12_end_spring
NA,SS1_D_12_end_spring
NA,SS1_D_12_end_spring
NA,SS1_D_12_end_spring
NA,SS1_D_12_end_spring
NA,SS1_D_12_end_spring
NA,SS1_D_12_end_spring
NA,SS1_D_12_end_spring
NA,SS1_D_12_end_spring
NA,SS1_D_12_end_spring
NA,SS1_D_12_end_spring
NA,SS1_D_12_end_spring
NA,SS1_D_12_end_spring
NA,SS1_D_12_end_spring
NA,SS1_D_12_end_spring
NA,SS1_D_12_end_spring
NA,SS1_D_12_end_spring
NA,SS1_D_12_end_spring
NA,SS1_D_12_end_spring
NA,SS1_D_12_end_spring
NA,SS1_D_12_end_spring
NA,SS1_D_12_end_spring
NA,SS1_D_12_end_spring
NA,SS1_D_12_end_spring
NA,SS1_D_12_end_spring
NA,SS1_D_12_end_spring
1886,SS1_D_12_end_spring
249,SS1_D_12_end_spring
NA,SS1_D_12_end_spring
NA,SS1_D_12_end_spring
195,SS1_D_12_end_spring
76,SS1_D_12_end_spring
NA,SS1_D_12_end_spring
113,SS1_D_12_end_spring
77,SS1_D_12_end_spring
50,SS1_D_12_end_spring
60,SS1_D_12_end_spring
NA,SS1_D_12_end_spring
29,SS1_D_12_end_spring
22,SS1_D_12_end_spring
NA,SS1_D_12_end_spring
16,SS1_D_12_end_spring
138,SS1_D_12_end_spring
10,SS1_D_12_end_spring
257,SS1_D_12_end_spring
NA,SS1_D_12_end_spring
89,SS1_D_12_end_spring
NA,SS1_D_12_end_spring
NA,SS1_D_12_end_spring
42,SS1_D_12_end_spring
NA,SS1_D_12_end_spring
NA,SS1_D_12_end_spring
NA,SS1_D_12_end_spring
5,SS1_D_12_end_spring
53,SS1_D_12_end_spring
6,SS1_D_12_end_spring
NA,SS1_D_12_end_spring
9,SS1_D_12_end_spring
NA,SS1_D_12_end_spring
17,SS1_D_12_end_spring
NA,SS1_D_12_end_spring
92,SS1_D_12_end_spring
4,SS1_D_12_end_spring
NA,SS1_D_12_end_spring
NA,SS1_D_12_end_spring
NA,SS1_D_12_end_spring
NA,SS1_D_12_end_spring
NA,SS1_D_12_end_spring
NA,SS1_D_12_end_spring
NA,SS1_D_12_end_spring
NA,SS1_D_12_end_spring
NA,SS1_D_12_end_spring
NA,SS1_D_12_end_spring
NA,SS1_D_12_end_spring
9,SS1_D_12_end_spring
NA,SS1_D_12_end_spring
NA,SS1_D_12_end_spring
NA,SS1_D_12_end_spring
15,SS1_D_12_end_spring
NA,SS1_D_12_end_spring
NA,SS1_D_12_end_spring
NA,SS1_D_12_end_spring
6,SS1_D_12_end_spring
NA,SS1_D_12_end_spring
NA,SS1_D_12_end_spring
7,SS1_D_12_end_spring
NA,SS1_D_12_end_spring
NA,SS1_D_12_end_spring
NA,SS1_D_12_end_spring
6,SS1_D_12_end_spring
NA,SS1_D_12_end_spring
NA,SS1_D_12_end_spring
NA,SS1_D_12_end_spring
NA,SS1_D_12_end_spring
62,SS1_D_12_end_spring
NA,SS1_D_12_end_spring
6,SS1_D_12_end_spring
NA,SS1_D_12_end_spring
NA,SS1_D_12_end_spring
7,SS1_D_12_end_spring
8,SS1_D_12_end_spring
NA,SS1_D_12_end_spring
NA,SS1_D_12_end_spring
NA,SS1_D_12_end_spring
NA,SS1_D_12_end_spring
NA,SS1_D_12_end_spring
NA,SS1_D_12_end_spring
NA,SS1_D_12_end_spring
NA,SS1_D_12_end_spring
NA,SS1_D_12_end_spring
NA,SS1_D_12_end_spring
NA,SS1_D_12_end_spring
NA,SS1_D_12_end_spring
NA,SS1_D_12_end_spring
NA,SS1_D_12_end_spring
NA,SS1_D_12_end_spring
NA,SS1_D_12_end_spring
NA,SS1_D_12_end_spring
NA,SS1_D_12_end_spring
NA,SS1_D_12_end_spring
NA,SS1_D_12_end_spring
NA,SS1_D_12_end_spring
NA,SS1_D_12_end_spring
NA,SS1_D_12_end_spring
NA,SS1_D_12_end_spring
NA,SS1_D_12_end_spring
NA,SS1_D_12_end_spring
4,SS1_D_12_end_spring
NA,SS1_D_12_end_spring
NA,SS1_D_12_end_spring
NA,SS1_D_12_end_spring
NA,SS1_D_12_end_spring
NA,SS1_D_12_end_spring
NA,SS1_D_12_end_spring
NA,SS1_D_12_end_spring
NA,SS1_D_12_end_spring
NA,SS1_D_12_end_spring
NA,SS1_D_12_end_spring
NA,SS1_D_12_end_spring
NA,SS1_D_12_end_spring
NA,SS1_D_12_end_spring
NA,SS1_D_12_end_spring
9,SS1_D_12_end_spring
NA,SS1_D_12_end_spring
NA,SS1_D_12_end_spring
NA,SS1_D_12_end_spring
NA,SS1_D_12_end_spring
NA,SS1_D_12_end_spring
NA,SS1_D_12_end_spring
NA,SS1_D_12_end_spring
NA,SS1_D_12_end_spring
NA,SS1_D_12_end_spring
NA,SS1_D_12_end_spring
NA,SS1_D_12_end_spring
NA,SS1_D_12_end_spring
NA,SS1_D_12_end_spring
5,SS1_D_12_end_spring
NA,SS1_D_12_end_spring
NA,SS1_D_12_end_spring
NA,SS1_D_12_end_spring
NA,SS1_D_12_end_spring
NA,SS1_D_12_end_spring
NA,SS1_D_12_end_spring
NA,SS1_D_12_end_spring
NA,SS1_D_12_end_spring
NA,SS1_D_12_end_spring
NA,SS1_D_12_end_spring
NA,SS1_D_12_end_spring
26134,SS1_D_12_end_spring
8216,SS1_D_12_end_spring
3444,SS1_D_12_end_spring
927,SS1_D_12_end_spring
629,SS1_D_12_end_spring
774,SS1_D_12_end_spring
35,SS1_D_12_end_spring
505,SS1_D_12_end_spring
267,SS1_D_12_end_spring
205,SS1_D_12_end_spring
606,SS1_D_12_end_spring
137,SS1_D_12_end_spring
355,SS1_D_12_end_spring
862,SS1_D_12_end_spring
NA,SS1_D_12_end_spring
170,SS1_D_12_end_spring
NA,SS1_D_12_end_spring
106,SS1_D_12_end_spring
311,SS1_D_12_end_spring
NA,SS1_D_12_end_spring
70,SS1_D_12_end_spring
156,SS1_D_12_end_spring
42,SS1_D_12_end_spring
262,SS1_D_12_end_spring
NA,SS1_D_12_end_spring
85,SS1_D_12_end_spring
NA,SS1_D_12_end_spring
53,SS1_D_12_end_spring
17,SS1_D_12_end_spring
57,SS1_D_12_end_spring
NA,SS1_D_12_end_spring
9,SS1_D_12_end_spring
17,SS1_D_12_end_spring
44,SS1_D_12_end_spring
176,SS1_D_12_end_spring
42,SS1_D_12_end_spring
NA,SS1_D_12_end_spring
12,SS1_D_12_end_spring
NA,SS1_D_12_end_spring
51,SS1_D_12_end_spring
9,SS1_D_12_end_spring
183,SS1_D_12_end_spring
9,SS1_D_12_end_spring
36,SS1_D_12_end_spring
37,SS1_D_12_end_spring
10,SS1_D_12_end_spring
NA,SS1_D_12_end_spring
33,SS1_D_12_end_spring
NA,SS1_D_12_end_spring
NA,SS1_D_12_end_spring
NA,SS1_D_12_end_spring
NA,SS1_D_12_end_spring
42,SS1_D_12_end_spring
NA,SS1_D_12_end_spring
43,SS1_D_12_end_spring
45,SS1_D_12_end_spring
9,SS1_D_12_end_spring
NA,SS1_D_12_end_spring
24,SS1_D_12_end_spring
9,SS1_D_12_end_spring
NA,SS1_D_12_end_spring
NA,SS1_D_12_end_spring
114,SS1_D_12_end_spring
5,SS1_D_12_end_spring
NA,SS1_D_12_end_spring
NA,SS1_D_12_end_spring
NA,SS1_D_12_end_spring
NA,SS1_D_12_end_spring
15,SS1_D_12_end_spring
NA,SS1_D_12_end_spring
NA,SS1_D_12_end_spring
NA,SS1_D_12_end_spring
NA,SS1_D_12_end_spring
NA,SS1_D_12_end_spring
NA,SS1_D_12_end_spring
NA,SS1_D_12_end_spring
NA,SS1_D_12_end_spring
NA,SS1_D_12_end_spring
NA,SS1_D_12_end_spring
NA,SS1_D_12_end_spring
NA,SS1_D_12_end_spring
NA,SS1_D_12_end_spring
4,SS1_D_12_end_spring
NA,SS1_D_12_end_spring
NA,SS1_D_12_end_spring
NA,SS1_D_12_end_spring
NA,SS1_D_12_end_spring
NA,SS1_D_12_end_spring
NA,SS1_D_12_end_spring
NA,SS1_D_12_end_spring
NA,SS1_D_12_end_spring
NA,SS1_D_12_end_spring
6,SS1_D_12_end_spring
NA,SS1_D_12_end_spring
NA,SS1_D_12_end_spring
NA,SS1_D_12_end_spring
NA,SS1_D_12_end_spring
7,SS1_D_12_end_spring
NA,SS1_D_12_end_spring
11,SS1_D_12_end_spring
NA,SS1_D_12_end_spring
NA,SS1_D_12_end_spring
NA,SS1_D_12_end_spring
12,SS1_D_12_end_spring
NA,SS1_D_12_end_spring
NA,SS1_D_12_end_spring
NA,SS1_D_12_end_spring
NA,SS1_D_12_end_spring
NA,SS1_D_12_end_spring
NA,SS1_D_12_end_spring
NA,SS1_D_12_end_spring
NA,SS1_D_12_end_spring
NA,SS1_D_12_end_spring
NA,SS1_D_12_end_spring
NA,SS1_D_12_end_spring
NA,SS1_D_12_end_spring
NA,SS1_D_12_end_spring
NA,SS1_D_12_end_spring
NA,SS1_D_12_end_spring
NA,SS1_D_12_end_spring
4,SS1_D_12_end_spring
NA,SS1_D_12_end_spring
NA,SS1_D_12_end_spring
NA,SS1_D_12_end_spring
NA,SS1_D_12_end_spring
NA,SS1_D_12_end_spring
NA,SS1_D_12_end_spring
NA,SS1_D_12_end_spring
NA,SS1_D_12_end_spring
NA,SS1_D_12_end_spring
NA,SS1_D_12_end_spring
NA,SS1_D_12_end_spring
NA,SS1_D_12_end_spring
NA,SS1_D_12_end_spring
NA,SS1_D_12_end_spring
NA,SS1_D_12_end_spring
NA,SS1_D_12_end_spring
NA,SS1_D_12_end_spring
NA,SS1_D_12_end_spring
NA,SS1_D_12_end_spring
NA,SS1_D_12_end_spring
NA,SS1_D_12_end_spring
NA,SS1_D_12_end_spring
NA,SS1_D_12_end_spring
5,SS1_D_12_end_spring
NA,SS1_D_12_end_spring
NA,SS1_D_12_end_spring
NA,SS1_D_12_end_spring
NA,SS1_D_12_end_spring
NA,SS1_D_12_end_spring
NA,SS1_D_12_end_spring
NA,SS1_D_12_end_spring
NA,SS1_D_12_end_spring
NA,SS1_D_12_end_spring
NA,SS1_D_12_end_spring
NA,SS1_D_12_end_spring
NA,SS1_D_12_end_spring
NA,SS1_D_12_end_spring
NA,SS1_D_12_end_spring
NA,SS1_D_12_end_spring
NA,SS1_D_12_end_spring
NA,SS1_D_12_end_spring
NA,SS1_D_12_end_spring
NA,SS1_D_12_end_spring
NA,SS1_D_12_end_spring
NA,SS1_D_12_end_spring
4,SS1_D_12_end_spring
NA,SS1_D_12_end_spring
NA,SS1_D_12_end_spring
NA,SS1_D_12_end_spring
NA,SS1_D_12_end_spring
NA,SS1_D_12_end_spring
NA,SS1_D_12_end_spring
NA,SS1_D_12_end_spring
NA,SS1_D_12_end_spring
NA,SS1_D_12_end_spring
NA,SS1_D_12_end_spring
3458,SS1_E_12_end_spring
4112,SS1_E_12_end_spring
1284,SS1_E_12_end_spring
1158,SS1_E_12_end_spring
4387,SS1_E_12_end_spring
2831,SS1_E_12_end_spring
NA,SS1_E_12_end_spring
1268,SS1_E_12_end_spring
821,SS1_E_12_end_spring
415,SS1_E_12_end_spring
106,SS1_E_12_end_spring
763,SS1_E_12_end_spring
NA,SS1_E_12_end_spring
349,SS1_E_12_end_spring
644,SS1_E_12_end_spring
110,SS1_E_12_end_spring
247,SS1_E_12_end_spring
NA,SS1_E_12_end_spring
119,SS1_E_12_end_spring
400,SS1_E_12_end_spring
NA,SS1_E_12_end_spring
NA,SS1_E_12_end_spring
49,SS1_E_12_end_spring
NA,SS1_E_12_end_spring
20,SS1_E_12_end_spring
NA,SS1_E_12_end_spring
NA,SS1_E_12_end_spring
75,SS1_E_12_end_spring
214,SS1_E_12_end_spring
150,SS1_E_12_end_spring
98,SS1_E_12_end_spring
65,SS1_E_12_end_spring
NA,SS1_E_12_end_spring
NA,SS1_E_12_end_spring
NA,SS1_E_12_end_spring
NA,SS1_E_12_end_spring
NA,SS1_E_12_end_spring
34,SS1_E_12_end_spring
NA,SS1_E_12_end_spring
NA,SS1_E_12_end_spring
75,SS1_E_12_end_spring
NA,SS1_E_12_end_spring
NA,SS1_E_12_end_spring
67,SS1_E_12_end_spring
NA,SS1_E_12_end_spring
NA,SS1_E_12_end_spring
NA,SS1_E_12_end_spring
NA,SS1_E_12_end_spring
NA,SS1_E_12_end_spring
13,SS1_E_12_end_spring
NA,SS1_E_12_end_spring
NA,SS1_E_12_end_spring
NA,SS1_E_12_end_spring
NA,SS1_E_12_end_spring
NA,SS1_E_12_end_spring
NA,SS1_E_12_end_spring
NA,SS1_E_12_end_spring
35,SS1_E_12_end_spring
NA,SS1_E_12_end_spring
NA,SS1_E_12_end_spring
NA,SS1_E_12_end_spring
NA,SS1_E_12_end_spring
NA,SS1_E_12_end_spring
NA,SS1_E_12_end_spring
39,SS1_E_12_end_spring
NA,SS1_E_12_end_spring
NA,SS1_E_12_end_spring
NA,SS1_E_12_end_spring
NA,SS1_E_12_end_spring
NA,SS1_E_12_end_spring
NA,SS1_E_12_end_spring
NA,SS1_E_12_end_spring
35,SS1_E_12_end_spring
NA,SS1_E_12_end_spring
NA,SS1_E_12_end_spring
NA,SS1_E_12_end_spring
NA,SS1_E_12_end_spring
NA,SS1_E_12_end_spring
NA,SS1_E_12_end_spring
NA,SS1_E_12_end_spring
NA,SS1_E_12_end_spring
NA,SS1_E_12_end_spring
4,SS1_E_12_end_spring
NA,SS1_E_12_end_spring
NA,SS1_E_12_end_spring
NA,SS1_E_12_end_spring
NA,SS1_E_12_end_spring
NA,SS1_E_12_end_spring
NA,SS1_E_12_end_spring
NA,SS1_E_12_end_spring
NA,SS1_E_12_end_spring
NA,SS1_E_12_end_spring
NA,SS1_E_12_end_spring
NA,SS1_E_12_end_spring
NA,SS1_E_12_end_spring
NA,SS1_E_12_end_spring
NA,SS1_E_12_end_spring
NA,SS1_E_12_end_spring
NA,SS1_E_12_end_spring
NA,SS1_E_12_end_spring
NA,SS1_E_12_end_spring
NA,SS1_E_12_end_spring
NA,SS1_E_12_end_spring
NA,SS1_E_12_end_spring
NA,SS1_E_12_end_spring
NA,SS1_E_12_end_spring
NA,SS1_E_12_end_spring
NA,SS1_E_12_end_spring
NA,SS1_E_12_end_spring
NA,SS1_E_12_end_spring
NA,SS1_E_12_end_spring
NA,SS1_E_12_end_spring
NA,SS1_E_12_end_spring
NA,SS1_E_12_end_spring
NA,SS1_E_12_end_spring
NA,SS1_E_12_end_spring
NA,SS1_E_12_end_spring
4,SS1_E_12_end_spring
NA,SS1_E_12_end_spring
3346,SS1_E_12_end_spring
1800,SS1_E_12_end_spring
1169,SS1_E_12_end_spring
138,SS1_E_12_end_spring
88,SS1_E_12_end_spring
426,SS1_E_12_end_spring
NA,SS1_E_12_end_spring
216,SS1_E_12_end_spring
268,SS1_E_12_end_spring
NA,SS1_E_12_end_spring
NA,SS1_E_12_end_spring
NA,SS1_E_12_end_spring
266,SS1_E_12_end_spring
212,SS1_E_12_end_spring
138,SS1_E_12_end_spring
NA,SS1_E_12_end_spring
141,SS1_E_12_end_spring
NA,SS1_E_12_end_spring
NA,SS1_E_12_end_spring
88,SS1_E_12_end_spring
22,SS1_E_12_end_spring
84,SS1_E_12_end_spring
46,SS1_E_12_end_spring
17,SS1_E_12_end_spring
87,SS1_E_12_end_spring
NA,SS1_E_12_end_spring
77,SS1_E_12_end_spring
199,SS1_E_12_end_spring
39,SS1_E_12_end_spring
40,SS1_E_12_end_spring
29,SS1_E_12_end_spring
NA,SS1_E_12_end_spring
NA,SS1_E_12_end_spring
37,SS1_E_12_end_spring
15,SS1_E_12_end_spring
NA,SS1_E_12_end_spring
NA,SS1_E_12_end_spring
56,SS1_E_12_end_spring
NA,SS1_E_12_end_spring
NA,SS1_E_12_end_spring
35,SS1_E_12_end_spring
NA,SS1_E_12_end_spring
25,SS1_E_12_end_spring
NA,SS1_E_12_end_spring
16,SS1_E_12_end_spring
18,SS1_E_12_end_spring
NA,SS1_E_12_end_spring
NA,SS1_E_12_end_spring
NA,SS1_E_12_end_spring
NA,SS1_E_12_end_spring
NA,SS1_E_12_end_spring
NA,SS1_E_12_end_spring
9,SS1_E_12_end_spring
NA,SS1_E_12_end_spring
NA,SS1_E_12_end_spring
NA,SS1_E_12_end_spring
NA,SS1_E_12_end_spring
24,SS1_E_12_end_spring
20,SS1_E_12_end_spring
22,SS1_E_12_end_spring
NA,SS1_E_12_end_spring
4,SS1_E_12_end_spring
NA,SS1_E_12_end_spring
NA,SS1_E_12_end_spring
NA,SS1_E_12_end_spring
NA,SS1_E_12_end_spring
21,SS1_E_12_end_spring
31,SS1_E_12_end_spring
NA,SS1_E_12_end_spring
NA,SS1_E_12_end_spring
NA,SS1_E_12_end_spring
NA,SS1_E_12_end_spring
NA,SS1_E_12_end_spring
NA,SS1_E_12_end_spring
28,SS1_E_12_end_spring
NA,SS1_E_12_end_spring
16,SS1_E_12_end_spring
NA,SS1_E_12_end_spring
10,SS1_E_12_end_spring
NA,SS1_E_12_end_spring
NA,SS1_E_12_end_spring
NA,SS1_E_12_end_spring
NA,SS1_E_12_end_spring
NA,SS1_E_12_end_spring
NA,SS1_E_12_end_spring
52,SS1_E_12_end_spring
NA,SS1_E_12_end_spring
NA,SS1_E_12_end_spring
NA,SS1_E_12_end_spring
15,SS1_E_12_end_spring
NA,SS1_E_12_end_spring
NA,SS1_E_12_end_spring
NA,SS1_E_12_end_spring
NA,SS1_E_12_end_spring
NA,SS1_E_12_end_spring
NA,SS1_E_12_end_spring
18,SS1_E_12_end_spring
NA,SS1_E_12_end_spring
NA,SS1_E_12_end_spring
12,SS1_E_12_end_spring
NA,SS1_E_12_end_spring
NA,SS1_E_12_end_spring
NA,SS1_E_12_end_spring
NA,SS1_E_12_end_spring
NA,SS1_E_12_end_spring
NA,SS1_E_12_end_spring
NA,SS1_E_12_end_spring
NA,SS1_E_12_end_spring
NA,SS1_E_12_end_spring
NA,SS1_E_12_end_spring
NA,SS1_E_12_end_spring
NA,SS1_E_12_end_spring
NA,SS1_E_12_end_spring
NA,SS1_E_12_end_spring
NA,SS1_E_12_end_spring
NA,SS1_E_12_end_spring
NA,SS1_E_12_end_spring
NA,SS1_E_12_end_spring
NA,SS1_E_12_end_spring
NA,SS1_E_12_end_spring
NA,SS1_E_12_end_spring
NA,SS1_E_12_end_spring
NA,SS1_E_12_end_spring
NA,SS1_E_12_end_spring
NA,SS1_E_12_end_spring
NA,SS1_E_12_end_spring
NA,SS1_E_12_end_spring
NA,SS1_E_12_end_spring
NA,SS1_E_12_end_spring
NA,SS1_E_12_end_spring
NA,SS1_E_12_end_spring
NA,SS1_E_12_end_spring
NA,SS1_E_12_end_spring
NA,SS1_E_12_end_spring
NA,SS1_E_12_end_spring
NA,SS1_E_12_end_spring
NA,SS1_E_12_end_spring
NA,SS1_E_12_end_spring
NA,SS1_E_12_end_spring
NA,SS1_E_12_end_spring
NA,SS1_E_12_end_spring
11,SS1_E_12_end_spring
NA,SS1_E_12_end_spring
NA,SS1_E_12_end_spring
NA,SS1_E_12_end_spring
NA,SS1_E_12_end_spring
NA,SS1_E_12_end_spring
NA,SS1_E_12_end_spring
20,SS1_E_12_end_spring
NA,SS1_E_12_end_spring
NA,SS1_E_12_end_spring
NA,SS1_E_12_end_spring
NA,SS1_E_12_end_spring
NA,SS1_E_12_end_spring
NA,SS1_E_12_end_spring
15,SS1_E_12_end_spring
NA,SS1_E_12_end_spring
NA,SS1_E_12_end_spring
NA,SS1_E_12_end_spring
NA,SS1_E_12_end_spring
NA,SS1_E_12_end_spring
NA,SS1_E_12_end_spring
NA,SS1_E_12_end_spring
NA,SS1_E_12_end_spring
NA,SS1_E_12_end_spring
NA,SS1_E_12_end_spring
NA,SS1_E_12_end_spring
NA,SS1_E_12_end_spring
NA,SS1_E_12_end_spring
NA,SS1_E_12_end_spring
NA,SS1_E_12_end_spring
NA,SS1_E_12_end_spring
NA,SS1_E_12_end_spring
NA,SS1_E_12_end_spring
NA,SS1_E_12_end_spring
NA,SS1_E_12_end_spring
NA,SS1_E_12_end_spring
NA,SS1_E_12_end_spring
NA,SS1_E_12_end_spring
NA,SS1_E_12_end_spring
NA,SS1_E_12_end_spring
NA,SS1_E_12_end_spring
NA,SS1_E_12_end_spring
NA,SS1_E_12_end_spring
NA,SS1_E_12_end_spring
NA,SS1_E_12_end_spring
NA,SS1_E_12_end_spring
NA,SS1_E_12_end_spring
NA,SS1_E_12_end_spring
NA,SS1_E_12_end_spring
NA,SS1_E_12_end_spring
NA,SS1_E_12_end_spring
NA,SS1_E_12_end_spring
NA,SS1_E_12_end_spring
NA,SS1_E_12_end_spring
NA,SS1_E_12_end_spring
NA,SS1_E_12_end_spring
NA,SS1_E_12_end_spring
NA,SS1_E_12_end_spring
NA,SS1_E_12_end_spring
NA,SS1_E_12_end_spring
NA,SS1_E_12_end_spring
NA,SS1_E_12_end_spring
NA,SS1_E_12_end_spring
NA,SS1_E_12_end_spring
4,SS1_E_12_end_spring
NA,SS1_E_12_end_spring
1834,SS1_E_12_end_spring
701,SS1_E_12_end_spring
44,SS1_E_12_end_spring
NA,SS1_E_12_end_spring
1265,SS1_E_12_end_spring
160,SS1_E_12_end_spring
NA,SS1_E_12_end_spring
150,SS1_E_12_end_spring
164,SS1_E_12_end_spring
70,SS1_E_12_end_spring
27,SS1_E_12_end_spring
NA,SS1_E_12_end_spring
76,SS1_E_12_end_spring
39,SS1_E_12_end_spring
NA,SS1_E_12_end_spring
NA,SS1_E_12_end_spring
149,SS1_E_12_end_spring
104,SS1_E_12_end_spring
94,SS1_E_12_end_spring
NA,SS1_E_12_end_spring
67,SS1_E_12_end_spring
NA,SS1_E_12_end_spring
NA,SS1_E_12_end_spring
NA,SS1_E_12_end_spring
68,SS1_E_12_end_spring
14,SS1_E_12_end_spring
NA,SS1_E_12_end_spring
24,SS1_E_12_end_spring
NA,SS1_E_12_end_spring
14,SS1_E_12_end_spring
NA,SS1_E_12_end_spring
17,SS1_E_12_end_spring
NA,SS1_E_12_end_spring
33,SS1_E_12_end_spring
19,SS1_E_12_end_spring
27,SS1_E_12_end_spring
13,SS1_E_12_end_spring
NA,SS1_E_12_end_spring
NA,SS1_E_12_end_spring
NA,SS1_E_12_end_spring
20,SS1_E_12_end_spring
NA,SS1_E_12_end_spring
NA,SS1_E_12_end_spring
NA,SS1_E_12_end_spring
NA,SS1_E_12_end_spring
NA,SS1_E_12_end_spring
NA,SS1_E_12_end_spring
NA,SS1_E_12_end_spring
36,SS1_E_12_end_spring
NA,SS1_E_12_end_spring
NA,SS1_E_12_end_spring
114,SS1_E_12_end_spring
16,SS1_E_12_end_spring
NA,SS1_E_12_end_spring
9,SS1_E_12_end_spring
NA,SS1_E_12_end_spring
9,SS1_E_12_end_spring
9,SS1_E_12_end_spring
NA,SS1_E_12_end_spring
21,SS1_E_12_end_spring
4,SS1_E_12_end_spring
NA,SS1_E_12_end_spring
NA,SS1_E_12_end_spring
NA,SS1_E_12_end_spring
NA,SS1_E_12_end_spring
NA,SS1_E_12_end_spring
NA,SS1_E_12_end_spring
NA,SS1_E_12_end_spring
NA,SS1_E_12_end_spring
7,SS1_E_12_end_spring
NA,SS1_E_12_end_spring
NA,SS1_E_12_end_spring
NA,SS1_E_12_end_spring
NA,SS1_E_12_end_spring
NA,SS1_E_12_end_spring
NA,SS1_E_12_end_spring
NA,SS1_E_12_end_spring
NA,SS1_E_12_end_spring
NA,SS1_E_12_end_spring
NA,SS1_E_12_end_spring
NA,SS1_E_12_end_spring
NA,SS1_E_12_end_spring
NA,SS1_E_12_end_spring
NA,SS1_E_12_end_spring
NA,SS1_E_12_end_spring
NA,SS1_E_12_end_spring
NA,SS1_E_12_end_spring
NA,SS1_E_12_end_spring
NA,SS1_E_12_end_spring
NA,SS1_E_12_end_spring
NA,SS1_E_12_end_spring
NA,SS1_E_12_end_spring
NA,SS1_E_12_end_spring
NA,SS1_E_12_end_spring
NA,SS1_E_12_end_spring
NA,SS1_E_12_end_spring
NA,SS1_E_12_end_spring
NA,SS1_E_12_end_spring
NA,SS1_E_12_end_spring
NA,SS1_E_12_end_spring
NA,SS1_E_12_end_spring
NA,SS1_E_12_end_spring
NA,SS1_E_12_end_spring
NA,SS1_E_12_end_spring
NA,SS1_E_12_end_spring
NA,SS1_E_12_end_spring
NA,SS1_E_12_end_spring
NA,SS1_E_12_end_spring
NA,SS1_E_12_end_spring
NA,SS1_E_12_end_spring
NA,SS1_E_12_end_spring
NA,SS1_E_12_end_spring
NA,SS1_E_12_end_spring
NA,SS1_E_12_end_spring
NA,SS1_E_12_end_spring
NA,SS1_E_12_end_spring
NA,SS1_E_12_end_spring
NA,SS1_E_12_end_spring
NA,SS1_E_12_end_spring
NA,SS1_E_12_end_spring
NA,SS1_E_12_end_spring
NA,SS1_E_12_end_spring
NA,SS1_E_12_end_spring
NA,SS1_E_12_end_spring
NA,SS1_E_12_end_spring
NA,SS1_E_12_end_spring
NA,SS1_E_12_end_spring
NA,SS1_E_12_end_spring
NA,SS1_E_12_end_spring
NA,SS1_E_12_end_spring
NA,SS1_E_12_end_spring
NA,SS1_E_12_end_spring
NA,SS1_E_12_end_spring
NA,SS1_E_12_end_spring
NA,SS1_E_12_end_spring
NA,SS1_E_12_end_spring
NA,SS1_E_12_end_spring
NA,SS1_E_12_end_spring
NA,SS1_E_12_end_spring
NA,SS1_E_12_end_spring
NA,SS1_E_12_end_spring
NA,SS1_E_12_end_spring
28586,SS1_E_12_end_spring
6161,SS1_E_12_end_spring
2657,SS1_E_12_end_spring
1055,SS1_E_12_end_spring
911,SS1_E_12_end_spring
1014,SS1_E_12_end_spring
450,SS1_E_12_end_spring
622,SS1_E_12_end_spring
261,SS1_E_12_end_spring
833,SS1_E_12_end_spring
719,SS1_E_12_end_spring
445,SS1_E_12_end_spring
774,SS1_E_12_end_spring
353,SS1_E_12_end_spring
NA,SS1_E_12_end_spring
369,SS1_E_12_end_spring
NA,SS1_E_12_end_spring
95,SS1_E_12_end_spring
166,SS1_E_12_end_spring
5,SS1_E_12_end_spring
115,SS1_E_12_end_spring
74,SS1_E_12_end_spring
99,SS1_E_12_end_spring
411,SS1_E_12_end_spring
NA,SS1_E_12_end_spring
63,SS1_E_12_end_spring
55,SS1_E_12_end_spring
83,SS1_E_12_end_spring
24,SS1_E_12_end_spring
79,SS1_E_12_end_spring
NA,SS1_E_12_end_spring
9,SS1_E_12_end_spring
141,SS1_E_12_end_spring
54,SS1_E_12_end_spring
193,SS1_E_12_end_spring
78,SS1_E_12_end_spring
NA,SS1_E_12_end_spring
7,SS1_E_12_end_spring
NA,SS1_E_12_end_spring
53,SS1_E_12_end_spring
37,SS1_E_12_end_spring
45,SS1_E_12_end_spring
5,SS1_E_12_end_spring
38,SS1_E_12_end_spring
32,SS1_E_12_end_spring
17,SS1_E_12_end_spring
NA,SS1_E_12_end_spring
13,SS1_E_12_end_spring
NA,SS1_E_12_end_spring
140,SS1_E_12_end_spring
NA,SS1_E_12_end_spring
NA,SS1_E_12_end_spring
12,SS1_E_12_end_spring
NA,SS1_E_12_end_spring
31,SS1_E_12_end_spring
45,SS1_E_12_end_spring
6,SS1_E_12_end_spring
NA,SS1_E_12_end_spring
6,SS1_E_12_end_spring
32,SS1_E_12_end_spring
NA,SS1_E_12_end_spring
6,SS1_E_12_end_spring
NA,SS1_E_12_end_spring
4,SS1_E_12_end_spring
NA,SS1_E_12_end_spring
NA,SS1_E_12_end_spring
NA,SS1_E_12_end_spring
NA,SS1_E_12_end_spring
NA,SS1_E_12_end_spring
NA,SS1_E_12_end_spring
17,SS1_E_12_end_spring
NA,SS1_E_12_end_spring
NA,SS1_E_12_end_spring
NA,SS1_E_12_end_spring
NA,SS1_E_12_end_spring
15,SS1_E_12_end_spring
9,SS1_E_12_end_spring
NA,SS1_E_12_end_spring
NA,SS1_E_12_end_spring
NA,SS1_E_12_end_spring
NA,SS1_E_12_end_spring
NA,SS1_E_12_end_spring
NA,SS1_E_12_end_spring
NA,SS1_E_12_end_spring
7,SS1_E_12_end_spring
NA,SS1_E_12_end_spring
NA,SS1_E_12_end_spring
NA,SS1_E_12_end_spring
NA,SS1_E_12_end_spring
NA,SS1_E_12_end_spring
NA,SS1_E_12_end_spring
NA,SS1_E_12_end_spring
NA,SS1_E_12_end_spring
NA,SS1_E_12_end_spring
NA,SS1_E_12_end_spring
8,SS1_E_12_end_spring
NA,SS1_E_12_end_spring
7,SS1_E_12_end_spring
NA,SS1_E_12_end_spring
NA,SS1_E_12_end_spring
NA,SS1_E_12_end_spring
NA,SS1_E_12_end_spring
NA,SS1_E_12_end_spring
NA,SS1_E_12_end_spring
NA,SS1_E_12_end_spring
NA,SS1_E_12_end_spring
NA,SS1_E_12_end_spring
NA,SS1_E_12_end_spring
NA,SS1_E_12_end_spring
NA,SS1_E_12_end_spring
NA,SS1_E_12_end_spring
10,SS1_E_12_end_spring
NA,SS1_E_12_end_spring
NA,SS1_E_12_end_spring
NA,SS1_E_12_end_spring
NA,SS1_E_12_end_spring
NA,SS1_E_12_end_spring
6,SS1_E_12_end_spring
NA,SS1_E_12_end_spring
NA,SS1_E_12_end_spring
NA,SS1_E_12_end_spring
NA,SS1_E_12_end_spring
NA,SS1_E_12_end_spring
NA,SS1_E_12_end_spring
NA,SS1_E_12_end_spring
NA,SS1_E_12_end_spring
NA,SS1_E_12_end_spring
NA,SS1_E_12_end_spring
NA,SS1_E_12_end_spring
NA,SS1_E_12_end_spring
NA,SS1_E_12_end_spring
NA,SS1_E_12_end_spring
NA,SS1_E_12_end_spring
NA,SS1_E_12_end_spring
NA,SS1_E_12_end_spring
5,SS1_E_12_end_spring
NA,SS1_E_12_end_spring
NA,SS1_E_12_end_spring
NA,SS1_E_12_end_spring
NA,SS1_E_12_end_spring
NA,SS1_E_12_end_spring
NA,SS1_E_12_end_spring
NA,SS1_E_12_end_spring
NA,SS1_E_12_end_spring
NA,SS1_E_12_end_spring
NA,SS1_E_12_end_spring
NA,SS1_E_12_end_spring
NA,SS1_E_12_end_spring
NA,SS1_E_12_end_spring
NA,SS1_E_12_end_spring
NA,SS1_E_12_end_spring
NA,SS1_E_12_end_spring
NA,SS1_E_12_end_spring
NA,SS1_E_12_end_spring
NA,SS1_E_12_end_spring
NA,SS1_E_12_end_spring
NA,SS1_E_12_end_spring
NA,SS1_E_12_end_spring
NA,SS1_E_12_end_spring
NA,SS1_E_12_end_spring
NA,SS1_E_12_end_spring
NA,SS1_E_12_end_spring
NA,SS1_E_12_end_spring
NA,SS1_E_12_end_spring
NA,SS1_E_12_end_spring
NA,SS1_E_12_end_spring
NA,SS1_E_12_end_spring
NA,SS1_E_12_end_spring
NA,SS1_E_12_end_spring
NA,SS1_E_12_end_spring
NA,SS1_E_12_end_spring
NA,SS1_E_12_end_spring
NA,SS1_E_12_end_spring
NA,SS1_E_12_end_spring
NA,SS1_E_12_end_spring
NA,SS1_E_12_end_spring
NA,SS1_E_12_end_spring
