﻿Count,Treatment
3678,SS1_A_5_end_spring
9044,SS1_A_5_end_spring
1242,SS1_A_5_end_spring
2375,SS1_A_5_end_spring
31,SS1_A_5_end_spring
1914,SS1_A_5_end_spring
NA,SS1_A_5_end_spring
1140,SS1_A_5_end_spring
1426,SS1_A_5_end_spring
650,SS1_A_5_end_spring
NA,SS1_A_5_end_spring
830,SS1_A_5_end_spring
NA,SS1_A_5_end_spring
215,SS1_A_5_end_spring
563,SS1_A_5_end_spring
NA,SS1_A_5_end_spring
330,SS1_A_5_end_spring
NA,SS1_A_5_end_spring
211,SS1_A_5_end_spring
NA,SS1_A_5_end_spring
NA,SS1_A_5_end_spring
NA,SS1_A_5_end_spring
37,SS1_A_5_end_spring
NA,SS1_A_5_end_spring
23,SS1_A_5_end_spring
NA,SS1_A_5_end_spring
10,SS1_A_5_end_spring
223,SS1_A_5_end_spring
100,SS1_A_5_end_spring
32,SS1_A_5_end_spring
32,SS1_A_5_end_spring
NA,SS1_A_5_end_spring
25,SS1_A_5_end_spring
10,SS1_A_5_end_spring
NA,SS1_A_5_end_spring
NA,SS1_A_5_end_spring
NA,SS1_A_5_end_spring
65,SS1_A_5_end_spring
92,SS1_A_5_end_spring
NA,SS1_A_5_end_spring
35,SS1_A_5_end_spring
NA,SS1_A_5_end_spring
NA,SS1_A_5_end_spring
47,SS1_A_5_end_spring
NA,SS1_A_5_end_spring
NA,SS1_A_5_end_spring
NA,SS1_A_5_end_spring
NA,SS1_A_5_end_spring
NA,SS1_A_5_end_spring
27,SS1_A_5_end_spring
NA,SS1_A_5_end_spring
NA,SS1_A_5_end_spring
NA,SS1_A_5_end_spring
NA,SS1_A_5_end_spring
NA,SS1_A_5_end_spring
NA,SS1_A_5_end_spring
54,SS1_A_5_end_spring
NA,SS1_A_5_end_spring
NA,SS1_A_5_end_spring
NA,SS1_A_5_end_spring
NA,SS1_A_5_end_spring
NA,SS1_A_5_end_spring
NA,SS1_A_5_end_spring
NA,SS1_A_5_end_spring
NA,SS1_A_5_end_spring
15,SS1_A_5_end_spring
NA,SS1_A_5_end_spring
NA,SS1_A_5_end_spring
NA,SS1_A_5_end_spring
NA,SS1_A_5_end_spring
NA,SS1_A_5_end_spring
7,SS1_A_5_end_spring
NA,SS1_A_5_end_spring
NA,SS1_A_5_end_spring
NA,SS1_A_5_end_spring
NA,SS1_A_5_end_spring
NA,SS1_A_5_end_spring
NA,SS1_A_5_end_spring
NA,SS1_A_5_end_spring
NA,SS1_A_5_end_spring
NA,SS1_A_5_end_spring
12,SS1_A_5_end_spring
5,SS1_A_5_end_spring
NA,SS1_A_5_end_spring
NA,SS1_A_5_end_spring
35,SS1_A_5_end_spring
4,SS1_A_5_end_spring
NA,SS1_A_5_end_spring
5,SS1_A_5_end_spring
NA,SS1_A_5_end_spring
NA,SS1_A_5_end_spring
23,SS1_A_5_end_spring
NA,SS1_A_5_end_spring
NA,SS1_A_5_end_spring
NA,SS1_A_5_end_spring
NA,SS1_A_5_end_spring
NA,SS1_A_5_end_spring
NA,SS1_A_5_end_spring
NA,SS1_A_5_end_spring
NA,SS1_A_5_end_spring
NA,SS1_A_5_end_spring
NA,SS1_A_5_end_spring
NA,SS1_A_5_end_spring
NA,SS1_A_5_end_spring
NA,SS1_A_5_end_spring
NA,SS1_A_5_end_spring
NA,SS1_A_5_end_spring
NA,SS1_A_5_end_spring
NA,SS1_A_5_end_spring
NA,SS1_A_5_end_spring
NA,SS1_A_5_end_spring
NA,SS1_A_5_end_spring
NA,SS1_A_5_end_spring
NA,SS1_A_5_end_spring
NA,SS1_A_5_end_spring
NA,SS1_A_5_end_spring
4,SS1_A_5_end_spring
NA,SS1_A_5_end_spring
NA,SS1_A_5_end_spring
925,SS1_A_5_end_spring
1640,SS1_A_5_end_spring
193,SS1_A_5_end_spring
216,SS1_A_5_end_spring
186,SS1_A_5_end_spring
550,SS1_A_5_end_spring
NA,SS1_A_5_end_spring
289,SS1_A_5_end_spring
105,SS1_A_5_end_spring
NA,SS1_A_5_end_spring
NA,SS1_A_5_end_spring
63,SS1_A_5_end_spring
175,SS1_A_5_end_spring
117,SS1_A_5_end_spring
324,SS1_A_5_end_spring
49,SS1_A_5_end_spring
207,SS1_A_5_end_spring
30,SS1_A_5_end_spring
NA,SS1_A_5_end_spring
53,SS1_A_5_end_spring
14,SS1_A_5_end_spring
216,SS1_A_5_end_spring
61,SS1_A_5_end_spring
47,SS1_A_5_end_spring
101,SS1_A_5_end_spring
14,SS1_A_5_end_spring
35,SS1_A_5_end_spring
11,SS1_A_5_end_spring
81,SS1_A_5_end_spring
19,SS1_A_5_end_spring
NA,SS1_A_5_end_spring
NA,SS1_A_5_end_spring
62,SS1_A_5_end_spring
29,SS1_A_5_end_spring
185,SS1_A_5_end_spring
NA,SS1_A_5_end_spring
NA,SS1_A_5_end_spring
9,SS1_A_5_end_spring
NA,SS1_A_5_end_spring
107,SS1_A_5_end_spring
46,SS1_A_5_end_spring
NA,SS1_A_5_end_spring
NA,SS1_A_5_end_spring
NA,SS1_A_5_end_spring
67,SS1_A_5_end_spring
79,SS1_A_5_end_spring
NA,SS1_A_5_end_spring
NA,SS1_A_5_end_spring
NA,SS1_A_5_end_spring
NA,SS1_A_5_end_spring
NA,SS1_A_5_end_spring
NA,SS1_A_5_end_spring
9,SS1_A_5_end_spring
NA,SS1_A_5_end_spring
NA,SS1_A_5_end_spring
61,SS1_A_5_end_spring
15,SS1_A_5_end_spring
5,SS1_A_5_end_spring
12,SS1_A_5_end_spring
36,SS1_A_5_end_spring
NA,SS1_A_5_end_spring
NA,SS1_A_5_end_spring
NA,SS1_A_5_end_spring
NA,SS1_A_5_end_spring
NA,SS1_A_5_end_spring
NA,SS1_A_5_end_spring
NA,SS1_A_5_end_spring
NA,SS1_A_5_end_spring
NA,SS1_A_5_end_spring
NA,SS1_A_5_end_spring
NA,SS1_A_5_end_spring
NA,SS1_A_5_end_spring
NA,SS1_A_5_end_spring
NA,SS1_A_5_end_spring
NA,SS1_A_5_end_spring
NA,SS1_A_5_end_spring
NA,SS1_A_5_end_spring
NA,SS1_A_5_end_spring
NA,SS1_A_5_end_spring
NA,SS1_A_5_end_spring
NA,SS1_A_5_end_spring
NA,SS1_A_5_end_spring
9,SS1_A_5_end_spring
NA,SS1_A_5_end_spring
NA,SS1_A_5_end_spring
40,SS1_A_5_end_spring
NA,SS1_A_5_end_spring
10,SS1_A_5_end_spring
NA,SS1_A_5_end_spring
5,SS1_A_5_end_spring
NA,SS1_A_5_end_spring
NA,SS1_A_5_end_spring
NA,SS1_A_5_end_spring
NA,SS1_A_5_end_spring
28,SS1_A_5_end_spring
NA,SS1_A_5_end_spring
NA,SS1_A_5_end_spring
NA,SS1_A_5_end_spring
NA,SS1_A_5_end_spring
NA,SS1_A_5_end_spring
NA,SS1_A_5_end_spring
NA,SS1_A_5_end_spring
NA,SS1_A_5_end_spring
NA,SS1_A_5_end_spring
NA,SS1_A_5_end_spring
NA,SS1_A_5_end_spring
NA,SS1_A_5_end_spring
NA,SS1_A_5_end_spring
NA,SS1_A_5_end_spring
NA,SS1_A_5_end_spring
NA,SS1_A_5_end_spring
NA,SS1_A_5_end_spring
NA,SS1_A_5_end_spring
NA,SS1_A_5_end_spring
NA,SS1_A_5_end_spring
NA,SS1_A_5_end_spring
NA,SS1_A_5_end_spring
NA,SS1_A_5_end_spring
NA,SS1_A_5_end_spring
NA,SS1_A_5_end_spring
NA,SS1_A_5_end_spring
6,SS1_A_5_end_spring
NA,SS1_A_5_end_spring
NA,SS1_A_5_end_spring
NA,SS1_A_5_end_spring
10,SS1_A_5_end_spring
NA,SS1_A_5_end_spring
NA,SS1_A_5_end_spring
NA,SS1_A_5_end_spring
NA,SS1_A_5_end_spring
4,SS1_A_5_end_spring
NA,SS1_A_5_end_spring
NA,SS1_A_5_end_spring
NA,SS1_A_5_end_spring
NA,SS1_A_5_end_spring
NA,SS1_A_5_end_spring
NA,SS1_A_5_end_spring
NA,SS1_A_5_end_spring
NA,SS1_A_5_end_spring
NA,SS1_A_5_end_spring
NA,SS1_A_5_end_spring
NA,SS1_A_5_end_spring
NA,SS1_A_5_end_spring
NA,SS1_A_5_end_spring
9,SS1_A_5_end_spring
NA,SS1_A_5_end_spring
NA,SS1_A_5_end_spring
NA,SS1_A_5_end_spring
NA,SS1_A_5_end_spring
NA,SS1_A_5_end_spring
NA,SS1_A_5_end_spring
NA,SS1_A_5_end_spring
NA,SS1_A_5_end_spring
NA,SS1_A_5_end_spring
8,SS1_A_5_end_spring
NA,SS1_A_5_end_spring
NA,SS1_A_5_end_spring
NA,SS1_A_5_end_spring
NA,SS1_A_5_end_spring
NA,SS1_A_5_end_spring
NA,SS1_A_5_end_spring
NA,SS1_A_5_end_spring
NA,SS1_A_5_end_spring
NA,SS1_A_5_end_spring
NA,SS1_A_5_end_spring
NA,SS1_A_5_end_spring
NA,SS1_A_5_end_spring
NA,SS1_A_5_end_spring
NA,SS1_A_5_end_spring
NA,SS1_A_5_end_spring
NA,SS1_A_5_end_spring
NA,SS1_A_5_end_spring
NA,SS1_A_5_end_spring
NA,SS1_A_5_end_spring
NA,SS1_A_5_end_spring
NA,SS1_A_5_end_spring
NA,SS1_A_5_end_spring
NA,SS1_A_5_end_spring
NA,SS1_A_5_end_spring
NA,SS1_A_5_end_spring
NA,SS1_A_5_end_spring
NA,SS1_A_5_end_spring
NA,SS1_A_5_end_spring
NA,SS1_A_5_end_spring
NA,SS1_A_5_end_spring
NA,SS1_A_5_end_spring
NA,SS1_A_5_end_spring
NA,SS1_A_5_end_spring
NA,SS1_A_5_end_spring
NA,SS1_A_5_end_spring
NA,SS1_A_5_end_spring
NA,SS1_A_5_end_spring
NA,SS1_A_5_end_spring
NA,SS1_A_5_end_spring
NA,SS1_A_5_end_spring
NA,SS1_A_5_end_spring
NA,SS1_A_5_end_spring
NA,SS1_A_5_end_spring
NA,SS1_A_5_end_spring
NA,SS1_A_5_end_spring
NA,SS1_A_5_end_spring
NA,SS1_A_5_end_spring
NA,SS1_A_5_end_spring
NA,SS1_A_5_end_spring
NA,SS1_A_5_end_spring
NA,SS1_A_5_end_spring
NA,SS1_A_5_end_spring
2078,SS1_A_5_end_spring
553,SS1_A_5_end_spring
40,SS1_A_5_end_spring
NA,SS1_A_5_end_spring
121,SS1_A_5_end_spring
620,SS1_A_5_end_spring
NA,SS1_A_5_end_spring
48,SS1_A_5_end_spring
163,SS1_A_5_end_spring
14,SS1_A_5_end_spring
NA,SS1_A_5_end_spring
NA,SS1_A_5_end_spring
10,SS1_A_5_end_spring
72,SS1_A_5_end_spring
NA,SS1_A_5_end_spring
NA,SS1_A_5_end_spring
129,SS1_A_5_end_spring
179,SS1_A_5_end_spring
150,SS1_A_5_end_spring
NA,SS1_A_5_end_spring
27,SS1_A_5_end_spring
NA,SS1_A_5_end_spring
NA,SS1_A_5_end_spring
86,SS1_A_5_end_spring
NA,SS1_A_5_end_spring
NA,SS1_A_5_end_spring
NA,SS1_A_5_end_spring
9,SS1_A_5_end_spring
16,SS1_A_5_end_spring
73,SS1_A_5_end_spring
44,SS1_A_5_end_spring
16,SS1_A_5_end_spring
NA,SS1_A_5_end_spring
17,SS1_A_5_end_spring
NA,SS1_A_5_end_spring
12,SS1_A_5_end_spring
NA,SS1_A_5_end_spring
NA,SS1_A_5_end_spring
NA,SS1_A_5_end_spring
NA,SS1_A_5_end_spring
NA,SS1_A_5_end_spring
NA,SS1_A_5_end_spring
50,SS1_A_5_end_spring
NA,SS1_A_5_end_spring
NA,SS1_A_5_end_spring
NA,SS1_A_5_end_spring
NA,SS1_A_5_end_spring
NA,SS1_A_5_end_spring
NA,SS1_A_5_end_spring
NA,SS1_A_5_end_spring
NA,SS1_A_5_end_spring
NA,SS1_A_5_end_spring
NA,SS1_A_5_end_spring
NA,SS1_A_5_end_spring
NA,SS1_A_5_end_spring
NA,SS1_A_5_end_spring
NA,SS1_A_5_end_spring
NA,SS1_A_5_end_spring
NA,SS1_A_5_end_spring
6,SS1_A_5_end_spring
6,SS1_A_5_end_spring
16,SS1_A_5_end_spring
NA,SS1_A_5_end_spring
NA,SS1_A_5_end_spring
NA,SS1_A_5_end_spring
NA,SS1_A_5_end_spring
NA,SS1_A_5_end_spring
NA,SS1_A_5_end_spring
NA,SS1_A_5_end_spring
NA,SS1_A_5_end_spring
5,SS1_A_5_end_spring
13,SS1_A_5_end_spring
NA,SS1_A_5_end_spring
4,SS1_A_5_end_spring
NA,SS1_A_5_end_spring
NA,SS1_A_5_end_spring
NA,SS1_A_5_end_spring
NA,SS1_A_5_end_spring
NA,SS1_A_5_end_spring
NA,SS1_A_5_end_spring
NA,SS1_A_5_end_spring
NA,SS1_A_5_end_spring
NA,SS1_A_5_end_spring
NA,SS1_A_5_end_spring
39,SS1_A_5_end_spring
NA,SS1_A_5_end_spring
NA,SS1_A_5_end_spring
NA,SS1_A_5_end_spring
NA,SS1_A_5_end_spring
NA,SS1_A_5_end_spring
NA,SS1_A_5_end_spring
19,SS1_A_5_end_spring
21,SS1_A_5_end_spring
NA,SS1_A_5_end_spring
NA,SS1_A_5_end_spring
6,SS1_A_5_end_spring
NA,SS1_A_5_end_spring
NA,SS1_A_5_end_spring
NA,SS1_A_5_end_spring
NA,SS1_A_5_end_spring
NA,SS1_A_5_end_spring
NA,SS1_A_5_end_spring
NA,SS1_A_5_end_spring
NA,SS1_A_5_end_spring
NA,SS1_A_5_end_spring
NA,SS1_A_5_end_spring
NA,SS1_A_5_end_spring
NA,SS1_A_5_end_spring
NA,SS1_A_5_end_spring
NA,SS1_A_5_end_spring
NA,SS1_A_5_end_spring
NA,SS1_A_5_end_spring
NA,SS1_A_5_end_spring
NA,SS1_A_5_end_spring
NA,SS1_A_5_end_spring
NA,SS1_A_5_end_spring
NA,SS1_A_5_end_spring
NA,SS1_A_5_end_spring
NA,SS1_A_5_end_spring
NA,SS1_A_5_end_spring
NA,SS1_A_5_end_spring
NA,SS1_A_5_end_spring
NA,SS1_A_5_end_spring
NA,SS1_A_5_end_spring
NA,SS1_A_5_end_spring
NA,SS1_A_5_end_spring
NA,SS1_A_5_end_spring
NA,SS1_A_5_end_spring
NA,SS1_A_5_end_spring
6,SS1_A_5_end_spring
NA,SS1_A_5_end_spring
NA,SS1_A_5_end_spring
NA,SS1_A_5_end_spring
NA,SS1_A_5_end_spring
NA,SS1_A_5_end_spring
NA,SS1_A_5_end_spring
NA,SS1_A_5_end_spring
NA,SS1_A_5_end_spring
NA,SS1_A_5_end_spring
NA,SS1_A_5_end_spring
NA,SS1_A_5_end_spring
NA,SS1_A_5_end_spring
26485,SS1_A_5_end_spring
4374,SS1_A_5_end_spring
2486,SS1_A_5_end_spring
289,SS1_A_5_end_spring
1050,SS1_A_5_end_spring
463,SS1_A_5_end_spring
405,SS1_A_5_end_spring
398,SS1_A_5_end_spring
246,SS1_A_5_end_spring
228,SS1_A_5_end_spring
990,SS1_A_5_end_spring
188,SS1_A_5_end_spring
561,SS1_A_5_end_spring
237,SS1_A_5_end_spring
NA,SS1_A_5_end_spring
300,SS1_A_5_end_spring
16,SS1_A_5_end_spring
120,SS1_A_5_end_spring
311,SS1_A_5_end_spring
6,SS1_A_5_end_spring
238,SS1_A_5_end_spring
NA,SS1_A_5_end_spring
63,SS1_A_5_end_spring
358,SS1_A_5_end_spring
NA,SS1_A_5_end_spring
64,SS1_A_5_end_spring
NA,SS1_A_5_end_spring
40,SS1_A_5_end_spring
NA,SS1_A_5_end_spring
63,SS1_A_5_end_spring
7,SS1_A_5_end_spring
10,SS1_A_5_end_spring
85,SS1_A_5_end_spring
46,SS1_A_5_end_spring
42,SS1_A_5_end_spring
47,SS1_A_5_end_spring
NA,SS1_A_5_end_spring
NA,SS1_A_5_end_spring
10,SS1_A_5_end_spring
NA,SS1_A_5_end_spring
46,SS1_A_5_end_spring
85,SS1_A_5_end_spring
5,SS1_A_5_end_spring
6,SS1_A_5_end_spring
9,SS1_A_5_end_spring
12,SS1_A_5_end_spring
NA,SS1_A_5_end_spring
114,SS1_A_5_end_spring
66,SS1_A_5_end_spring
NA,SS1_A_5_end_spring
NA,SS1_A_5_end_spring
NA,SS1_A_5_end_spring
36,SS1_A_5_end_spring
NA,SS1_A_5_end_spring
35,SS1_A_5_end_spring
8,SS1_A_5_end_spring
13,SS1_A_5_end_spring
NA,SS1_A_5_end_spring
8,SS1_A_5_end_spring
46,SS1_A_5_end_spring
6,SS1_A_5_end_spring
4,SS1_A_5_end_spring
NA,SS1_A_5_end_spring
NA,SS1_A_5_end_spring
NA,SS1_A_5_end_spring
NA,SS1_A_5_end_spring
NA,SS1_A_5_end_spring
NA,SS1_A_5_end_spring
24,SS1_A_5_end_spring
NA,SS1_A_5_end_spring
15,SS1_A_5_end_spring
17,SS1_A_5_end_spring
NA,SS1_A_5_end_spring
12,SS1_A_5_end_spring
NA,SS1_A_5_end_spring
NA,SS1_A_5_end_spring
7,SS1_A_5_end_spring
NA,SS1_A_5_end_spring
NA,SS1_A_5_end_spring
NA,SS1_A_5_end_spring
20,SS1_A_5_end_spring
NA,SS1_A_5_end_spring
NA,SS1_A_5_end_spring
NA,SS1_A_5_end_spring
NA,SS1_A_5_end_spring
NA,SS1_A_5_end_spring
NA,SS1_A_5_end_spring
NA,SS1_A_5_end_spring
NA,SS1_A_5_end_spring
29,SS1_A_5_end_spring
NA,SS1_A_5_end_spring
NA,SS1_A_5_end_spring
NA,SS1_A_5_end_spring
NA,SS1_A_5_end_spring
NA,SS1_A_5_end_spring
NA,SS1_A_5_end_spring
NA,SS1_A_5_end_spring
NA,SS1_A_5_end_spring
NA,SS1_A_5_end_spring
NA,SS1_A_5_end_spring
NA,SS1_A_5_end_spring
13,SS1_A_5_end_spring
NA,SS1_A_5_end_spring
NA,SS1_A_5_end_spring
NA,SS1_A_5_end_spring
NA,SS1_A_5_end_spring
NA,SS1_A_5_end_spring
NA,SS1_A_5_end_spring
NA,SS1_A_5_end_spring
NA,SS1_A_5_end_spring
NA,SS1_A_5_end_spring
NA,SS1_A_5_end_spring
12,SS1_A_5_end_spring
NA,SS1_A_5_end_spring
NA,SS1_A_5_end_spring
NA,SS1_A_5_end_spring
NA,SS1_A_5_end_spring
NA,SS1_A_5_end_spring
NA,SS1_A_5_end_spring
NA,SS1_A_5_end_spring
NA,SS1_A_5_end_spring
NA,SS1_A_5_end_spring
NA,SS1_A_5_end_spring
NA,SS1_A_5_end_spring
NA,SS1_A_5_end_spring
NA,SS1_A_5_end_spring
NA,SS1_A_5_end_spring
NA,SS1_A_5_end_spring
14,SS1_A_5_end_spring
NA,SS1_A_5_end_spring
NA,SS1_A_5_end_spring
NA,SS1_A_5_end_spring
NA,SS1_A_5_end_spring
11,SS1_A_5_end_spring
NA,SS1_A_5_end_spring
NA,SS1_A_5_end_spring
NA,SS1_A_5_end_spring
NA,SS1_A_5_end_spring
NA,SS1_A_5_end_spring
NA,SS1_A_5_end_spring
NA,SS1_A_5_end_spring
NA,SS1_A_5_end_spring
NA,SS1_A_5_end_spring
NA,SS1_A_5_end_spring
NA,SS1_A_5_end_spring
NA,SS1_A_5_end_spring
NA,SS1_A_5_end_spring
NA,SS1_A_5_end_spring
NA,SS1_A_5_end_spring
NA,SS1_A_5_end_spring
NA,SS1_A_5_end_spring
NA,SS1_A_5_end_spring
NA,SS1_A_5_end_spring
NA,SS1_A_5_end_spring
NA,SS1_A_5_end_spring
6,SS1_A_5_end_spring
NA,SS1_A_5_end_spring
NA,SS1_A_5_end_spring
NA,SS1_A_5_end_spring
NA,SS1_A_5_end_spring
NA,SS1_A_5_end_spring
NA,SS1_A_5_end_spring
NA,SS1_A_5_end_spring
NA,SS1_A_5_end_spring
NA,SS1_A_5_end_spring
NA,SS1_A_5_end_spring
NA,SS1_A_5_end_spring
4,SS1_A_5_end_spring
NA,SS1_A_5_end_spring
NA,SS1_A_5_end_spring
NA,SS1_A_5_end_spring
NA,SS1_A_5_end_spring
NA,SS1_A_5_end_spring
NA,SS1_A_5_end_spring
NA,SS1_A_5_end_spring
NA,SS1_A_5_end_spring
NA,SS1_A_5_end_spring
2417,SS1_B_5_end_spring
2195,SS1_B_5_end_spring
1660,SS1_B_5_end_spring
946,SS1_B_5_end_spring
515,SS1_B_5_end_spring
1824,SS1_B_5_end_spring
NA,SS1_B_5_end_spring
869,SS1_B_5_end_spring
845,SS1_B_5_end_spring
213,SS1_B_5_end_spring
NA,SS1_B_5_end_spring
631,SS1_B_5_end_spring
NA,SS1_B_5_end_spring
240,SS1_B_5_end_spring
502,SS1_B_5_end_spring
5,SS1_B_5_end_spring
122,SS1_B_5_end_spring
NA,SS1_B_5_end_spring
139,SS1_B_5_end_spring
256,SS1_B_5_end_spring
NA,SS1_B_5_end_spring
NA,SS1_B_5_end_spring
35,SS1_B_5_end_spring
NA,SS1_B_5_end_spring
24,SS1_B_5_end_spring
NA,SS1_B_5_end_spring
NA,SS1_B_5_end_spring
67,SS1_B_5_end_spring
22,SS1_B_5_end_spring
NA,SS1_B_5_end_spring
85,SS1_B_5_end_spring
NA,SS1_B_5_end_spring
7,SS1_B_5_end_spring
NA,SS1_B_5_end_spring
NA,SS1_B_5_end_spring
NA,SS1_B_5_end_spring
29,SS1_B_5_end_spring
36,SS1_B_5_end_spring
NA,SS1_B_5_end_spring
NA,SS1_B_5_end_spring
NA,SS1_B_5_end_spring
NA,SS1_B_5_end_spring
NA,SS1_B_5_end_spring
NA,SS1_B_5_end_spring
NA,SS1_B_5_end_spring
NA,SS1_B_5_end_spring
NA,SS1_B_5_end_spring
NA,SS1_B_5_end_spring
NA,SS1_B_5_end_spring
6,SS1_B_5_end_spring
NA,SS1_B_5_end_spring
NA,SS1_B_5_end_spring
NA,SS1_B_5_end_spring
NA,SS1_B_5_end_spring
NA,SS1_B_5_end_spring
NA,SS1_B_5_end_spring
NA,SS1_B_5_end_spring
NA,SS1_B_5_end_spring
NA,SS1_B_5_end_spring
NA,SS1_B_5_end_spring
NA,SS1_B_5_end_spring
NA,SS1_B_5_end_spring
NA,SS1_B_5_end_spring
NA,SS1_B_5_end_spring
NA,SS1_B_5_end_spring
4,SS1_B_5_end_spring
NA,SS1_B_5_end_spring
NA,SS1_B_5_end_spring
NA,SS1_B_5_end_spring
NA,SS1_B_5_end_spring
NA,SS1_B_5_end_spring
NA,SS1_B_5_end_spring
NA,SS1_B_5_end_spring
NA,SS1_B_5_end_spring
NA,SS1_B_5_end_spring
NA,SS1_B_5_end_spring
5,SS1_B_5_end_spring
NA,SS1_B_5_end_spring
NA,SS1_B_5_end_spring
NA,SS1_B_5_end_spring
NA,SS1_B_5_end_spring
NA,SS1_B_5_end_spring
NA,SS1_B_5_end_spring
NA,SS1_B_5_end_spring
NA,SS1_B_5_end_spring
NA,SS1_B_5_end_spring
NA,SS1_B_5_end_spring
NA,SS1_B_5_end_spring
NA,SS1_B_5_end_spring
NA,SS1_B_5_end_spring
NA,SS1_B_5_end_spring
NA,SS1_B_5_end_spring
NA,SS1_B_5_end_spring
NA,SS1_B_5_end_spring
NA,SS1_B_5_end_spring
NA,SS1_B_5_end_spring
NA,SS1_B_5_end_spring
10,SS1_B_5_end_spring
NA,SS1_B_5_end_spring
NA,SS1_B_5_end_spring
NA,SS1_B_5_end_spring
NA,SS1_B_5_end_spring
NA,SS1_B_5_end_spring
NA,SS1_B_5_end_spring
NA,SS1_B_5_end_spring
NA,SS1_B_5_end_spring
NA,SS1_B_5_end_spring
NA,SS1_B_5_end_spring
NA,SS1_B_5_end_spring
NA,SS1_B_5_end_spring
NA,SS1_B_5_end_spring
NA,SS1_B_5_end_spring
5,SS1_B_5_end_spring
NA,SS1_B_5_end_spring
NA,SS1_B_5_end_spring
NA,SS1_B_5_end_spring
NA,SS1_B_5_end_spring
NA,SS1_B_5_end_spring
NA,SS1_B_5_end_spring
2990,SS1_B_5_end_spring
633,SS1_B_5_end_spring
91,SS1_B_5_end_spring
138,SS1_B_5_end_spring
117,SS1_B_5_end_spring
NA,SS1_B_5_end_spring
NA,SS1_B_5_end_spring
311,SS1_B_5_end_spring
175,SS1_B_5_end_spring
NA,SS1_B_5_end_spring
NA,SS1_B_5_end_spring
NA,SS1_B_5_end_spring
61,SS1_B_5_end_spring
168,SS1_B_5_end_spring
134,SS1_B_5_end_spring
NA,SS1_B_5_end_spring
211,SS1_B_5_end_spring
NA,SS1_B_5_end_spring
NA,SS1_B_5_end_spring
104,SS1_B_5_end_spring
NA,SS1_B_5_end_spring
169,SS1_B_5_end_spring
54,SS1_B_5_end_spring
20,SS1_B_5_end_spring
94,SS1_B_5_end_spring
NA,SS1_B_5_end_spring
64,SS1_B_5_end_spring
NA,SS1_B_5_end_spring
34,SS1_B_5_end_spring
4,SS1_B_5_end_spring
31,SS1_B_5_end_spring
NA,SS1_B_5_end_spring
24,SS1_B_5_end_spring
25,SS1_B_5_end_spring
NA,SS1_B_5_end_spring
NA,SS1_B_5_end_spring
NA,SS1_B_5_end_spring
8,SS1_B_5_end_spring
NA,SS1_B_5_end_spring
NA,SS1_B_5_end_spring
NA,SS1_B_5_end_spring
NA,SS1_B_5_end_spring
29,SS1_B_5_end_spring
NA,SS1_B_5_end_spring
13,SS1_B_5_end_spring
21,SS1_B_5_end_spring
NA,SS1_B_5_end_spring
NA,SS1_B_5_end_spring
NA,SS1_B_5_end_spring
NA,SS1_B_5_end_spring
NA,SS1_B_5_end_spring
NA,SS1_B_5_end_spring
NA,SS1_B_5_end_spring
NA,SS1_B_5_end_spring
NA,SS1_B_5_end_spring
NA,SS1_B_5_end_spring
NA,SS1_B_5_end_spring
6,SS1_B_5_end_spring
6,SS1_B_5_end_spring
26,SS1_B_5_end_spring
NA,SS1_B_5_end_spring
NA,SS1_B_5_end_spring
NA,SS1_B_5_end_spring
NA,SS1_B_5_end_spring
NA,SS1_B_5_end_spring
NA,SS1_B_5_end_spring
18,SS1_B_5_end_spring
NA,SS1_B_5_end_spring
NA,SS1_B_5_end_spring
NA,SS1_B_5_end_spring
NA,SS1_B_5_end_spring
NA,SS1_B_5_end_spring
NA,SS1_B_5_end_spring
NA,SS1_B_5_end_spring
7,SS1_B_5_end_spring
6,SS1_B_5_end_spring
7,SS1_B_5_end_spring
NA,SS1_B_5_end_spring
20,SS1_B_5_end_spring
NA,SS1_B_5_end_spring
NA,SS1_B_5_end_spring
NA,SS1_B_5_end_spring
4,SS1_B_5_end_spring
NA,SS1_B_5_end_spring
NA,SS1_B_5_end_spring
NA,SS1_B_5_end_spring
NA,SS1_B_5_end_spring
NA,SS1_B_5_end_spring
NA,SS1_B_5_end_spring
NA,SS1_B_5_end_spring
NA,SS1_B_5_end_spring
NA,SS1_B_5_end_spring
NA,SS1_B_5_end_spring
NA,SS1_B_5_end_spring
NA,SS1_B_5_end_spring
6,SS1_B_5_end_spring
NA,SS1_B_5_end_spring
NA,SS1_B_5_end_spring
NA,SS1_B_5_end_spring
NA,SS1_B_5_end_spring
NA,SS1_B_5_end_spring
NA,SS1_B_5_end_spring
NA,SS1_B_5_end_spring
NA,SS1_B_5_end_spring
NA,SS1_B_5_end_spring
NA,SS1_B_5_end_spring
NA,SS1_B_5_end_spring
NA,SS1_B_5_end_spring
NA,SS1_B_5_end_spring
NA,SS1_B_5_end_spring
NA,SS1_B_5_end_spring
NA,SS1_B_5_end_spring
NA,SS1_B_5_end_spring
NA,SS1_B_5_end_spring
NA,SS1_B_5_end_spring
NA,SS1_B_5_end_spring
NA,SS1_B_5_end_spring
NA,SS1_B_5_end_spring
NA,SS1_B_5_end_spring
NA,SS1_B_5_end_spring
NA,SS1_B_5_end_spring
NA,SS1_B_5_end_spring
14,SS1_B_5_end_spring
NA,SS1_B_5_end_spring
NA,SS1_B_5_end_spring
NA,SS1_B_5_end_spring
NA,SS1_B_5_end_spring
NA,SS1_B_5_end_spring
NA,SS1_B_5_end_spring
NA,SS1_B_5_end_spring
NA,SS1_B_5_end_spring
NA,SS1_B_5_end_spring
NA,SS1_B_5_end_spring
NA,SS1_B_5_end_spring
NA,SS1_B_5_end_spring
NA,SS1_B_5_end_spring
NA,SS1_B_5_end_spring
NA,SS1_B_5_end_spring
NA,SS1_B_5_end_spring
NA,SS1_B_5_end_spring
NA,SS1_B_5_end_spring
NA,SS1_B_5_end_spring
NA,SS1_B_5_end_spring
NA,SS1_B_5_end_spring
NA,SS1_B_5_end_spring
NA,SS1_B_5_end_spring
NA,SS1_B_5_end_spring
NA,SS1_B_5_end_spring
NA,SS1_B_5_end_spring
NA,SS1_B_5_end_spring
NA,SS1_B_5_end_spring
NA,SS1_B_5_end_spring
NA,SS1_B_5_end_spring
NA,SS1_B_5_end_spring
NA,SS1_B_5_end_spring
NA,SS1_B_5_end_spring
NA,SS1_B_5_end_spring
NA,SS1_B_5_end_spring
7,SS1_B_5_end_spring
NA,SS1_B_5_end_spring
NA,SS1_B_5_end_spring
NA,SS1_B_5_end_spring
NA,SS1_B_5_end_spring
NA,SS1_B_5_end_spring
11,SS1_B_5_end_spring
NA,SS1_B_5_end_spring
NA,SS1_B_5_end_spring
NA,SS1_B_5_end_spring
NA,SS1_B_5_end_spring
NA,SS1_B_5_end_spring
NA,SS1_B_5_end_spring
NA,SS1_B_5_end_spring
NA,SS1_B_5_end_spring
NA,SS1_B_5_end_spring
NA,SS1_B_5_end_spring
NA,SS1_B_5_end_spring
NA,SS1_B_5_end_spring
NA,SS1_B_5_end_spring
NA,SS1_B_5_end_spring
NA,SS1_B_5_end_spring
NA,SS1_B_5_end_spring
NA,SS1_B_5_end_spring
8,SS1_B_5_end_spring
NA,SS1_B_5_end_spring
NA,SS1_B_5_end_spring
NA,SS1_B_5_end_spring
NA,SS1_B_5_end_spring
NA,SS1_B_5_end_spring
NA,SS1_B_5_end_spring
NA,SS1_B_5_end_spring
NA,SS1_B_5_end_spring
NA,SS1_B_5_end_spring
NA,SS1_B_5_end_spring
NA,SS1_B_5_end_spring
NA,SS1_B_5_end_spring
NA,SS1_B_5_end_spring
NA,SS1_B_5_end_spring
NA,SS1_B_5_end_spring
NA,SS1_B_5_end_spring
NA,SS1_B_5_end_spring
NA,SS1_B_5_end_spring
NA,SS1_B_5_end_spring
NA,SS1_B_5_end_spring
4,SS1_B_5_end_spring
NA,SS1_B_5_end_spring
NA,SS1_B_5_end_spring
NA,SS1_B_5_end_spring
5627,SS1_B_5_end_spring
305,SS1_B_5_end_spring
NA,SS1_B_5_end_spring
NA,SS1_B_5_end_spring
664,SS1_B_5_end_spring
17,SS1_B_5_end_spring
NA,SS1_B_5_end_spring
51,SS1_B_5_end_spring
59,SS1_B_5_end_spring
24,SS1_B_5_end_spring
NA,SS1_B_5_end_spring
NA,SS1_B_5_end_spring
69,SS1_B_5_end_spring
NA,SS1_B_5_end_spring
NA,SS1_B_5_end_spring
NA,SS1_B_5_end_spring
36,SS1_B_5_end_spring
48,SS1_B_5_end_spring
26,SS1_B_5_end_spring
6,SS1_B_5_end_spring
64,SS1_B_5_end_spring
NA,SS1_B_5_end_spring
NA,SS1_B_5_end_spring
27,SS1_B_5_end_spring
NA,SS1_B_5_end_spring
NA,SS1_B_5_end_spring
NA,SS1_B_5_end_spring
NA,SS1_B_5_end_spring
13,SS1_B_5_end_spring
5,SS1_B_5_end_spring
67,SS1_B_5_end_spring
19,SS1_B_5_end_spring
NA,SS1_B_5_end_spring
NA,SS1_B_5_end_spring
19,SS1_B_5_end_spring
NA,SS1_B_5_end_spring
NA,SS1_B_5_end_spring
NA,SS1_B_5_end_spring
NA,SS1_B_5_end_spring
NA,SS1_B_5_end_spring
NA,SS1_B_5_end_spring
NA,SS1_B_5_end_spring
NA,SS1_B_5_end_spring
NA,SS1_B_5_end_spring
NA,SS1_B_5_end_spring
NA,SS1_B_5_end_spring
NA,SS1_B_5_end_spring
NA,SS1_B_5_end_spring
NA,SS1_B_5_end_spring
NA,SS1_B_5_end_spring
NA,SS1_B_5_end_spring
NA,SS1_B_5_end_spring
NA,SS1_B_5_end_spring
NA,SS1_B_5_end_spring
NA,SS1_B_5_end_spring
14,SS1_B_5_end_spring
NA,SS1_B_5_end_spring
5,SS1_B_5_end_spring
NA,SS1_B_5_end_spring
7,SS1_B_5_end_spring
NA,SS1_B_5_end_spring
7,SS1_B_5_end_spring
NA,SS1_B_5_end_spring
NA,SS1_B_5_end_spring
NA,SS1_B_5_end_spring
NA,SS1_B_5_end_spring
NA,SS1_B_5_end_spring
NA,SS1_B_5_end_spring
NA,SS1_B_5_end_spring
13,SS1_B_5_end_spring
NA,SS1_B_5_end_spring
14,SS1_B_5_end_spring
NA,SS1_B_5_end_spring
NA,SS1_B_5_end_spring
NA,SS1_B_5_end_spring
NA,SS1_B_5_end_spring
NA,SS1_B_5_end_spring
NA,SS1_B_5_end_spring
NA,SS1_B_5_end_spring
NA,SS1_B_5_end_spring
6,SS1_B_5_end_spring
NA,SS1_B_5_end_spring
NA,SS1_B_5_end_spring
NA,SS1_B_5_end_spring
NA,SS1_B_5_end_spring
NA,SS1_B_5_end_spring
NA,SS1_B_5_end_spring
NA,SS1_B_5_end_spring
NA,SS1_B_5_end_spring
NA,SS1_B_5_end_spring
NA,SS1_B_5_end_spring
NA,SS1_B_5_end_spring
NA,SS1_B_5_end_spring
NA,SS1_B_5_end_spring
NA,SS1_B_5_end_spring
NA,SS1_B_5_end_spring
NA,SS1_B_5_end_spring
NA,SS1_B_5_end_spring
NA,SS1_B_5_end_spring
NA,SS1_B_5_end_spring
NA,SS1_B_5_end_spring
NA,SS1_B_5_end_spring
NA,SS1_B_5_end_spring
NA,SS1_B_5_end_spring
NA,SS1_B_5_end_spring
NA,SS1_B_5_end_spring
NA,SS1_B_5_end_spring
NA,SS1_B_5_end_spring
NA,SS1_B_5_end_spring
NA,SS1_B_5_end_spring
NA,SS1_B_5_end_spring
NA,SS1_B_5_end_spring
NA,SS1_B_5_end_spring
NA,SS1_B_5_end_spring
NA,SS1_B_5_end_spring
NA,SS1_B_5_end_spring
NA,SS1_B_5_end_spring
NA,SS1_B_5_end_spring
NA,SS1_B_5_end_spring
NA,SS1_B_5_end_spring
NA,SS1_B_5_end_spring
NA,SS1_B_5_end_spring
NA,SS1_B_5_end_spring
NA,SS1_B_5_end_spring
NA,SS1_B_5_end_spring
NA,SS1_B_5_end_spring
NA,SS1_B_5_end_spring
NA,SS1_B_5_end_spring
NA,SS1_B_5_end_spring
NA,SS1_B_5_end_spring
NA,SS1_B_5_end_spring
NA,SS1_B_5_end_spring
NA,SS1_B_5_end_spring
NA,SS1_B_5_end_spring
NA,SS1_B_5_end_spring
5,SS1_B_5_end_spring
NA,SS1_B_5_end_spring
NA,SS1_B_5_end_spring
NA,SS1_B_5_end_spring
NA,SS1_B_5_end_spring
NA,SS1_B_5_end_spring
NA,SS1_B_5_end_spring
18566,SS1_B_5_end_spring
5727,SS1_B_5_end_spring
1511,SS1_B_5_end_spring
118,SS1_B_5_end_spring
1061,SS1_B_5_end_spring
71,SS1_B_5_end_spring
599,SS1_B_5_end_spring
520,SS1_B_5_end_spring
140,SS1_B_5_end_spring
NA,SS1_B_5_end_spring
299,SS1_B_5_end_spring
NA,SS1_B_5_end_spring
NA,SS1_B_5_end_spring
121,SS1_B_5_end_spring
NA,SS1_B_5_end_spring
91,SS1_B_5_end_spring
NA,SS1_B_5_end_spring
NA,SS1_B_5_end_spring
171,SS1_B_5_end_spring
NA,SS1_B_5_end_spring
NA,SS1_B_5_end_spring
14,SS1_B_5_end_spring
56,SS1_B_5_end_spring
85,SS1_B_5_end_spring
NA,SS1_B_5_end_spring
59,SS1_B_5_end_spring
1901,SS1_B_5_end_spring
81,SS1_B_5_end_spring
NA,SS1_B_5_end_spring
74,SS1_B_5_end_spring
19,SS1_B_5_end_spring
10,SS1_B_5_end_spring
NA,SS1_B_5_end_spring
41,SS1_B_5_end_spring
20,SS1_B_5_end_spring
27,SS1_B_5_end_spring
NA,SS1_B_5_end_spring
4,SS1_B_5_end_spring
NA,SS1_B_5_end_spring
62,SS1_B_5_end_spring
7,SS1_B_5_end_spring
NA,SS1_B_5_end_spring
NA,SS1_B_5_end_spring
NA,SS1_B_5_end_spring
26,SS1_B_5_end_spring
NA,SS1_B_5_end_spring
NA,SS1_B_5_end_spring
43,SS1_B_5_end_spring
NA,SS1_B_5_end_spring
NA,SS1_B_5_end_spring
NA,SS1_B_5_end_spring
NA,SS1_B_5_end_spring
27,SS1_B_5_end_spring
NA,SS1_B_5_end_spring
10,SS1_B_5_end_spring
44,SS1_B_5_end_spring
NA,SS1_B_5_end_spring
NA,SS1_B_5_end_spring
NA,SS1_B_5_end_spring
NA,SS1_B_5_end_spring
NA,SS1_B_5_end_spring
NA,SS1_B_5_end_spring
NA,SS1_B_5_end_spring
NA,SS1_B_5_end_spring
NA,SS1_B_5_end_spring
NA,SS1_B_5_end_spring
NA,SS1_B_5_end_spring
NA,SS1_B_5_end_spring
NA,SS1_B_5_end_spring
NA,SS1_B_5_end_spring
NA,SS1_B_5_end_spring
NA,SS1_B_5_end_spring
NA,SS1_B_5_end_spring
NA,SS1_B_5_end_spring
NA,SS1_B_5_end_spring
NA,SS1_B_5_end_spring
NA,SS1_B_5_end_spring
12,SS1_B_5_end_spring
NA,SS1_B_5_end_spring
5,SS1_B_5_end_spring
NA,SS1_B_5_end_spring
NA,SS1_B_5_end_spring
NA,SS1_B_5_end_spring
NA,SS1_B_5_end_spring
9,SS1_B_5_end_spring
NA,SS1_B_5_end_spring
NA,SS1_B_5_end_spring
NA,SS1_B_5_end_spring
NA,SS1_B_5_end_spring
NA,SS1_B_5_end_spring
NA,SS1_B_5_end_spring
NA,SS1_B_5_end_spring
NA,SS1_B_5_end_spring
NA,SS1_B_5_end_spring
NA,SS1_B_5_end_spring
7,SS1_B_5_end_spring
NA,SS1_B_5_end_spring
NA,SS1_B_5_end_spring
NA,SS1_B_5_end_spring
NA,SS1_B_5_end_spring
NA,SS1_B_5_end_spring
NA,SS1_B_5_end_spring
NA,SS1_B_5_end_spring
NA,SS1_B_5_end_spring
NA,SS1_B_5_end_spring
NA,SS1_B_5_end_spring
NA,SS1_B_5_end_spring
NA,SS1_B_5_end_spring
NA,SS1_B_5_end_spring
NA,SS1_B_5_end_spring
NA,SS1_B_5_end_spring
NA,SS1_B_5_end_spring
NA,SS1_B_5_end_spring
NA,SS1_B_5_end_spring
NA,SS1_B_5_end_spring
NA,SS1_B_5_end_spring
NA,SS1_B_5_end_spring
NA,SS1_B_5_end_spring
NA,SS1_B_5_end_spring
NA,SS1_B_5_end_spring
NA,SS1_B_5_end_spring
NA,SS1_B_5_end_spring
NA,SS1_B_5_end_spring
4,SS1_B_5_end_spring
NA,SS1_B_5_end_spring
NA,SS1_B_5_end_spring
NA,SS1_B_5_end_spring
NA,SS1_B_5_end_spring
NA,SS1_B_5_end_spring
NA,SS1_B_5_end_spring
NA,SS1_B_5_end_spring
NA,SS1_B_5_end_spring
NA,SS1_B_5_end_spring
NA,SS1_B_5_end_spring
NA,SS1_B_5_end_spring
NA,SS1_B_5_end_spring
4,SS1_B_5_end_spring
NA,SS1_B_5_end_spring
NA,SS1_B_5_end_spring
NA,SS1_B_5_end_spring
NA,SS1_B_5_end_spring
11,SS1_B_5_end_spring
NA,SS1_B_5_end_spring
NA,SS1_B_5_end_spring
NA,SS1_B_5_end_spring
NA,SS1_B_5_end_spring
NA,SS1_B_5_end_spring
NA,SS1_B_5_end_spring
NA,SS1_B_5_end_spring
NA,SS1_B_5_end_spring
NA,SS1_B_5_end_spring
NA,SS1_B_5_end_spring
NA,SS1_B_5_end_spring
NA,SS1_B_5_end_spring
6,SS1_B_5_end_spring
NA,SS1_B_5_end_spring
NA,SS1_B_5_end_spring
NA,SS1_B_5_end_spring
NA,SS1_B_5_end_spring
NA,SS1_B_5_end_spring
NA,SS1_B_5_end_spring
NA,SS1_B_5_end_spring
NA,SS1_B_5_end_spring
5,SS1_B_5_end_spring
NA,SS1_B_5_end_spring
NA,SS1_B_5_end_spring
NA,SS1_B_5_end_spring
NA,SS1_B_5_end_spring
4,SS1_B_5_end_spring
NA,SS1_B_5_end_spring
NA,SS1_B_5_end_spring
4,SS1_B_5_end_spring
NA,SS1_B_5_end_spring
NA,SS1_B_5_end_spring
NA,SS1_B_5_end_spring
NA,SS1_B_5_end_spring
NA,SS1_B_5_end_spring
3699,SS1_C_5_end_spring
6063,SS1_C_5_end_spring
2471,SS1_C_5_end_spring
1700,SS1_C_5_end_spring
1103,SS1_C_5_end_spring
2818,SS1_C_5_end_spring
NA,SS1_C_5_end_spring
1653,SS1_C_5_end_spring
1295,SS1_C_5_end_spring
401,SS1_C_5_end_spring
87,SS1_C_5_end_spring
870,SS1_C_5_end_spring
NA,SS1_C_5_end_spring
345,SS1_C_5_end_spring
530,SS1_C_5_end_spring
44,SS1_C_5_end_spring
192,SS1_C_5_end_spring
NA,SS1_C_5_end_spring
180,SS1_C_5_end_spring
317,SS1_C_5_end_spring
NA,SS1_C_5_end_spring
NA,SS1_C_5_end_spring
15,SS1_C_5_end_spring
NA,SS1_C_5_end_spring
32,SS1_C_5_end_spring
NA,SS1_C_5_end_spring
NA,SS1_C_5_end_spring
88,SS1_C_5_end_spring
NA,SS1_C_5_end_spring
9,SS1_C_5_end_spring
294,SS1_C_5_end_spring
NA,SS1_C_5_end_spring
NA,SS1_C_5_end_spring
NA,SS1_C_5_end_spring
NA,SS1_C_5_end_spring
NA,SS1_C_5_end_spring
5,SS1_C_5_end_spring
48,SS1_C_5_end_spring
NA,SS1_C_5_end_spring
NA,SS1_C_5_end_spring
16,SS1_C_5_end_spring
NA,SS1_C_5_end_spring
NA,SS1_C_5_end_spring
8,SS1_C_5_end_spring
NA,SS1_C_5_end_spring
NA,SS1_C_5_end_spring
NA,SS1_C_5_end_spring
NA,SS1_C_5_end_spring
8,SS1_C_5_end_spring
NA,SS1_C_5_end_spring
NA,SS1_C_5_end_spring
45,SS1_C_5_end_spring
NA,SS1_C_5_end_spring
NA,SS1_C_5_end_spring
NA,SS1_C_5_end_spring
NA,SS1_C_5_end_spring
NA,SS1_C_5_end_spring
NA,SS1_C_5_end_spring
NA,SS1_C_5_end_spring
NA,SS1_C_5_end_spring
NA,SS1_C_5_end_spring
NA,SS1_C_5_end_spring
NA,SS1_C_5_end_spring
NA,SS1_C_5_end_spring
NA,SS1_C_5_end_spring
8,SS1_C_5_end_spring
32,SS1_C_5_end_spring
NA,SS1_C_5_end_spring
NA,SS1_C_5_end_spring
NA,SS1_C_5_end_spring
NA,SS1_C_5_end_spring
NA,SS1_C_5_end_spring
NA,SS1_C_5_end_spring
NA,SS1_C_5_end_spring
NA,SS1_C_5_end_spring
NA,SS1_C_5_end_spring
NA,SS1_C_5_end_spring
NA,SS1_C_5_end_spring
NA,SS1_C_5_end_spring
NA,SS1_C_5_end_spring
NA,SS1_C_5_end_spring
NA,SS1_C_5_end_spring
5,SS1_C_5_end_spring
8,SS1_C_5_end_spring
NA,SS1_C_5_end_spring
NA,SS1_C_5_end_spring
NA,SS1_C_5_end_spring
NA,SS1_C_5_end_spring
NA,SS1_C_5_end_spring
NA,SS1_C_5_end_spring
NA,SS1_C_5_end_spring
NA,SS1_C_5_end_spring
NA,SS1_C_5_end_spring
NA,SS1_C_5_end_spring
NA,SS1_C_5_end_spring
NA,SS1_C_5_end_spring
NA,SS1_C_5_end_spring
NA,SS1_C_5_end_spring
NA,SS1_C_5_end_spring
NA,SS1_C_5_end_spring
NA,SS1_C_5_end_spring
NA,SS1_C_5_end_spring
NA,SS1_C_5_end_spring
NA,SS1_C_5_end_spring
NA,SS1_C_5_end_spring
NA,SS1_C_5_end_spring
NA,SS1_C_5_end_spring
NA,SS1_C_5_end_spring
NA,SS1_C_5_end_spring
NA,SS1_C_5_end_spring
NA,SS1_C_5_end_spring
NA,SS1_C_5_end_spring
NA,SS1_C_5_end_spring
NA,SS1_C_5_end_spring
NA,SS1_C_5_end_spring
NA,SS1_C_5_end_spring
NA,SS1_C_5_end_spring
NA,SS1_C_5_end_spring
NA,SS1_C_5_end_spring
2539,SS1_C_5_end_spring
3518,SS1_C_5_end_spring
538,SS1_C_5_end_spring
266,SS1_C_5_end_spring
81,SS1_C_5_end_spring
397,SS1_C_5_end_spring
NA,SS1_C_5_end_spring
237,SS1_C_5_end_spring
109,SS1_C_5_end_spring
NA,SS1_C_5_end_spring
NA,SS1_C_5_end_spring
NA,SS1_C_5_end_spring
171,SS1_C_5_end_spring
106,SS1_C_5_end_spring
158,SS1_C_5_end_spring
20,SS1_C_5_end_spring
86,SS1_C_5_end_spring
12,SS1_C_5_end_spring
NA,SS1_C_5_end_spring
121,SS1_C_5_end_spring
NA,SS1_C_5_end_spring
204,SS1_C_5_end_spring
59,SS1_C_5_end_spring
NA,SS1_C_5_end_spring
153,SS1_C_5_end_spring
NA,SS1_C_5_end_spring
80,SS1_C_5_end_spring
18,SS1_C_5_end_spring
107,SS1_C_5_end_spring
25,SS1_C_5_end_spring
9,SS1_C_5_end_spring
NA,SS1_C_5_end_spring
30,SS1_C_5_end_spring
24,SS1_C_5_end_spring
9,SS1_C_5_end_spring
NA,SS1_C_5_end_spring
NA,SS1_C_5_end_spring
9,SS1_C_5_end_spring
NA,SS1_C_5_end_spring
NA,SS1_C_5_end_spring
43,SS1_C_5_end_spring
NA,SS1_C_5_end_spring
15,SS1_C_5_end_spring
NA,SS1_C_5_end_spring
14,SS1_C_5_end_spring
18,SS1_C_5_end_spring
NA,SS1_C_5_end_spring
NA,SS1_C_5_end_spring
NA,SS1_C_5_end_spring
15,SS1_C_5_end_spring
NA,SS1_C_5_end_spring
NA,SS1_C_5_end_spring
25,SS1_C_5_end_spring
4,SS1_C_5_end_spring
NA,SS1_C_5_end_spring
NA,SS1_C_5_end_spring
NA,SS1_C_5_end_spring
NA,SS1_C_5_end_spring
8,SS1_C_5_end_spring
24,SS1_C_5_end_spring
NA,SS1_C_5_end_spring
NA,SS1_C_5_end_spring
NA,SS1_C_5_end_spring
NA,SS1_C_5_end_spring
NA,SS1_C_5_end_spring
NA,SS1_C_5_end_spring
27,SS1_C_5_end_spring
NA,SS1_C_5_end_spring
NA,SS1_C_5_end_spring
NA,SS1_C_5_end_spring
NA,SS1_C_5_end_spring
NA,SS1_C_5_end_spring
NA,SS1_C_5_end_spring
NA,SS1_C_5_end_spring
NA,SS1_C_5_end_spring
NA,SS1_C_5_end_spring
4,SS1_C_5_end_spring
NA,SS1_C_5_end_spring
45,SS1_C_5_end_spring
NA,SS1_C_5_end_spring
NA,SS1_C_5_end_spring
NA,SS1_C_5_end_spring
9,SS1_C_5_end_spring
NA,SS1_C_5_end_spring
NA,SS1_C_5_end_spring
NA,SS1_C_5_end_spring
NA,SS1_C_5_end_spring
5,SS1_C_5_end_spring
NA,SS1_C_5_end_spring
33,SS1_C_5_end_spring
NA,SS1_C_5_end_spring
NA,SS1_C_5_end_spring
NA,SS1_C_5_end_spring
NA,SS1_C_5_end_spring
NA,SS1_C_5_end_spring
NA,SS1_C_5_end_spring
NA,SS1_C_5_end_spring
NA,SS1_C_5_end_spring
NA,SS1_C_5_end_spring
5,SS1_C_5_end_spring
NA,SS1_C_5_end_spring
NA,SS1_C_5_end_spring
NA,SS1_C_5_end_spring
NA,SS1_C_5_end_spring
NA,SS1_C_5_end_spring
NA,SS1_C_5_end_spring
NA,SS1_C_5_end_spring
NA,SS1_C_5_end_spring
21,SS1_C_5_end_spring
NA,SS1_C_5_end_spring
NA,SS1_C_5_end_spring
NA,SS1_C_5_end_spring
8,SS1_C_5_end_spring
15,SS1_C_5_end_spring
12,SS1_C_5_end_spring
NA,SS1_C_5_end_spring
NA,SS1_C_5_end_spring
NA,SS1_C_5_end_spring
9,SS1_C_5_end_spring
NA,SS1_C_5_end_spring
NA,SS1_C_5_end_spring
NA,SS1_C_5_end_spring
NA,SS1_C_5_end_spring
NA,SS1_C_5_end_spring
4,SS1_C_5_end_spring
NA,SS1_C_5_end_spring
NA,SS1_C_5_end_spring
NA,SS1_C_5_end_spring
NA,SS1_C_5_end_spring
NA,SS1_C_5_end_spring
NA,SS1_C_5_end_spring
NA,SS1_C_5_end_spring
35,SS1_C_5_end_spring
NA,SS1_C_5_end_spring
NA,SS1_C_5_end_spring
NA,SS1_C_5_end_spring
NA,SS1_C_5_end_spring
NA,SS1_C_5_end_spring
NA,SS1_C_5_end_spring
NA,SS1_C_5_end_spring
NA,SS1_C_5_end_spring
NA,SS1_C_5_end_spring
NA,SS1_C_5_end_spring
NA,SS1_C_5_end_spring
NA,SS1_C_5_end_spring
NA,SS1_C_5_end_spring
NA,SS1_C_5_end_spring
NA,SS1_C_5_end_spring
NA,SS1_C_5_end_spring
NA,SS1_C_5_end_spring
NA,SS1_C_5_end_spring
NA,SS1_C_5_end_spring
NA,SS1_C_5_end_spring
NA,SS1_C_5_end_spring
NA,SS1_C_5_end_spring
NA,SS1_C_5_end_spring
NA,SS1_C_5_end_spring
NA,SS1_C_5_end_spring
NA,SS1_C_5_end_spring
NA,SS1_C_5_end_spring
NA,SS1_C_5_end_spring
NA,SS1_C_5_end_spring
NA,SS1_C_5_end_spring
NA,SS1_C_5_end_spring
NA,SS1_C_5_end_spring
NA,SS1_C_5_end_spring
NA,SS1_C_5_end_spring
NA,SS1_C_5_end_spring
NA,SS1_C_5_end_spring
NA,SS1_C_5_end_spring
NA,SS1_C_5_end_spring
NA,SS1_C_5_end_spring
NA,SS1_C_5_end_spring
NA,SS1_C_5_end_spring
NA,SS1_C_5_end_spring
NA,SS1_C_5_end_spring
NA,SS1_C_5_end_spring
NA,SS1_C_5_end_spring
NA,SS1_C_5_end_spring
NA,SS1_C_5_end_spring
NA,SS1_C_5_end_spring
NA,SS1_C_5_end_spring
NA,SS1_C_5_end_spring
NA,SS1_C_5_end_spring
NA,SS1_C_5_end_spring
NA,SS1_C_5_end_spring
NA,SS1_C_5_end_spring
NA,SS1_C_5_end_spring
NA,SS1_C_5_end_spring
NA,SS1_C_5_end_spring
NA,SS1_C_5_end_spring
NA,SS1_C_5_end_spring
NA,SS1_C_5_end_spring
NA,SS1_C_5_end_spring
NA,SS1_C_5_end_spring
NA,SS1_C_5_end_spring
NA,SS1_C_5_end_spring
NA,SS1_C_5_end_spring
NA,SS1_C_5_end_spring
NA,SS1_C_5_end_spring
NA,SS1_C_5_end_spring
NA,SS1_C_5_end_spring
NA,SS1_C_5_end_spring
NA,SS1_C_5_end_spring
NA,SS1_C_5_end_spring
NA,SS1_C_5_end_spring
NA,SS1_C_5_end_spring
1188,SS1_C_5_end_spring
1043,SS1_C_5_end_spring
50,SS1_C_5_end_spring
NA,SS1_C_5_end_spring
346,SS1_C_5_end_spring
97,SS1_C_5_end_spring
NA,SS1_C_5_end_spring
216,SS1_C_5_end_spring
41,SS1_C_5_end_spring
18,SS1_C_5_end_spring
13,SS1_C_5_end_spring
NA,SS1_C_5_end_spring
110,SS1_C_5_end_spring
39,SS1_C_5_end_spring
NA,SS1_C_5_end_spring
144,SS1_C_5_end_spring
239,SS1_C_5_end_spring
41,SS1_C_5_end_spring
NA,SS1_C_5_end_spring
NA,SS1_C_5_end_spring
70,SS1_C_5_end_spring
NA,SS1_C_5_end_spring
NA,SS1_C_5_end_spring
55,SS1_C_5_end_spring
NA,SS1_C_5_end_spring
NA,SS1_C_5_end_spring
NA,SS1_C_5_end_spring
26,SS1_C_5_end_spring
NA,SS1_C_5_end_spring
16,SS1_C_5_end_spring
NA,SS1_C_5_end_spring
27,SS1_C_5_end_spring
NA,SS1_C_5_end_spring
73,SS1_C_5_end_spring
17,SS1_C_5_end_spring
NA,SS1_C_5_end_spring
10,SS1_C_5_end_spring
NA,SS1_C_5_end_spring
NA,SS1_C_5_end_spring
NA,SS1_C_5_end_spring
NA,SS1_C_5_end_spring
NA,SS1_C_5_end_spring
NA,SS1_C_5_end_spring
NA,SS1_C_5_end_spring
NA,SS1_C_5_end_spring
NA,SS1_C_5_end_spring
NA,SS1_C_5_end_spring
NA,SS1_C_5_end_spring
34,SS1_C_5_end_spring
NA,SS1_C_5_end_spring
4,SS1_C_5_end_spring
NA,SS1_C_5_end_spring
NA,SS1_C_5_end_spring
NA,SS1_C_5_end_spring
NA,SS1_C_5_end_spring
NA,SS1_C_5_end_spring
6,SS1_C_5_end_spring
7,SS1_C_5_end_spring
12,SS1_C_5_end_spring
11,SS1_C_5_end_spring
NA,SS1_C_5_end_spring
10,SS1_C_5_end_spring
NA,SS1_C_5_end_spring
NA,SS1_C_5_end_spring
NA,SS1_C_5_end_spring
NA,SS1_C_5_end_spring
NA,SS1_C_5_end_spring
NA,SS1_C_5_end_spring
NA,SS1_C_5_end_spring
NA,SS1_C_5_end_spring
NA,SS1_C_5_end_spring
4,SS1_C_5_end_spring
13,SS1_C_5_end_spring
NA,SS1_C_5_end_spring
NA,SS1_C_5_end_spring
NA,SS1_C_5_end_spring
NA,SS1_C_5_end_spring
NA,SS1_C_5_end_spring
NA,SS1_C_5_end_spring
NA,SS1_C_5_end_spring
5,SS1_C_5_end_spring
NA,SS1_C_5_end_spring
9,SS1_C_5_end_spring
NA,SS1_C_5_end_spring
NA,SS1_C_5_end_spring
NA,SS1_C_5_end_spring
NA,SS1_C_5_end_spring
NA,SS1_C_5_end_spring
NA,SS1_C_5_end_spring
NA,SS1_C_5_end_spring
NA,SS1_C_5_end_spring
17,SS1_C_5_end_spring
NA,SS1_C_5_end_spring
NA,SS1_C_5_end_spring
26,SS1_C_5_end_spring
NA,SS1_C_5_end_spring
NA,SS1_C_5_end_spring
NA,SS1_C_5_end_spring
NA,SS1_C_5_end_spring
NA,SS1_C_5_end_spring
NA,SS1_C_5_end_spring
NA,SS1_C_5_end_spring
NA,SS1_C_5_end_spring
NA,SS1_C_5_end_spring
NA,SS1_C_5_end_spring
NA,SS1_C_5_end_spring
NA,SS1_C_5_end_spring
NA,SS1_C_5_end_spring
NA,SS1_C_5_end_spring
NA,SS1_C_5_end_spring
NA,SS1_C_5_end_spring
NA,SS1_C_5_end_spring
NA,SS1_C_5_end_spring
NA,SS1_C_5_end_spring
NA,SS1_C_5_end_spring
NA,SS1_C_5_end_spring
NA,SS1_C_5_end_spring
NA,SS1_C_5_end_spring
NA,SS1_C_5_end_spring
NA,SS1_C_5_end_spring
NA,SS1_C_5_end_spring
NA,SS1_C_5_end_spring
NA,SS1_C_5_end_spring
NA,SS1_C_5_end_spring
NA,SS1_C_5_end_spring
NA,SS1_C_5_end_spring
NA,SS1_C_5_end_spring
NA,SS1_C_5_end_spring
NA,SS1_C_5_end_spring
NA,SS1_C_5_end_spring
NA,SS1_C_5_end_spring
NA,SS1_C_5_end_spring
NA,SS1_C_5_end_spring
NA,SS1_C_5_end_spring
NA,SS1_C_5_end_spring
NA,SS1_C_5_end_spring
NA,SS1_C_5_end_spring
NA,SS1_C_5_end_spring
NA,SS1_C_5_end_spring
NA,SS1_C_5_end_spring
NA,SS1_C_5_end_spring
NA,SS1_C_5_end_spring
31100,SS1_C_5_end_spring
5533,SS1_C_5_end_spring
977,SS1_C_5_end_spring
439,SS1_C_5_end_spring
1248,SS1_C_5_end_spring
2013,SS1_C_5_end_spring
904,SS1_C_5_end_spring
632,SS1_C_5_end_spring
77,SS1_C_5_end_spring
40,SS1_C_5_end_spring
739,SS1_C_5_end_spring
139,SS1_C_5_end_spring
288,SS1_C_5_end_spring
92,SS1_C_5_end_spring
NA,SS1_C_5_end_spring
436,SS1_C_5_end_spring
NA,SS1_C_5_end_spring
55,SS1_C_5_end_spring
178,SS1_C_5_end_spring
NA,SS1_C_5_end_spring
108,SS1_C_5_end_spring
40,SS1_C_5_end_spring
126,SS1_C_5_end_spring
134,SS1_C_5_end_spring
NA,SS1_C_5_end_spring
83,SS1_C_5_end_spring
NA,SS1_C_5_end_spring
80,SS1_C_5_end_spring
16,SS1_C_5_end_spring
32,SS1_C_5_end_spring
NA,SS1_C_5_end_spring
NA,SS1_C_5_end_spring
55,SS1_C_5_end_spring
9,SS1_C_5_end_spring
48,SS1_C_5_end_spring
36,SS1_C_5_end_spring
NA,SS1_C_5_end_spring
5,SS1_C_5_end_spring
19,SS1_C_5_end_spring
53,SS1_C_5_end_spring
51,SS1_C_5_end_spring
40,SS1_C_5_end_spring
9,SS1_C_5_end_spring
18,SS1_C_5_end_spring
7,SS1_C_5_end_spring
NA,SS1_C_5_end_spring
NA,SS1_C_5_end_spring
10,SS1_C_5_end_spring
NA,SS1_C_5_end_spring
66,SS1_C_5_end_spring
NA,SS1_C_5_end_spring
NA,SS1_C_5_end_spring
NA,SS1_C_5_end_spring
NA,SS1_C_5_end_spring
9,SS1_C_5_end_spring
19,SS1_C_5_end_spring
31,SS1_C_5_end_spring
NA,SS1_C_5_end_spring
7,SS1_C_5_end_spring
12,SS1_C_5_end_spring
NA,SS1_C_5_end_spring
5,SS1_C_5_end_spring
NA,SS1_C_5_end_spring
16,SS1_C_5_end_spring
NA,SS1_C_5_end_spring
NA,SS1_C_5_end_spring
NA,SS1_C_5_end_spring
NA,SS1_C_5_end_spring
NA,SS1_C_5_end_spring
5,SS1_C_5_end_spring
15,SS1_C_5_end_spring
NA,SS1_C_5_end_spring
NA,SS1_C_5_end_spring
NA,SS1_C_5_end_spring
NA,SS1_C_5_end_spring
NA,SS1_C_5_end_spring
4,SS1_C_5_end_spring
NA,SS1_C_5_end_spring
NA,SS1_C_5_end_spring
NA,SS1_C_5_end_spring
18,SS1_C_5_end_spring
NA,SS1_C_5_end_spring
NA,SS1_C_5_end_spring
NA,SS1_C_5_end_spring
NA,SS1_C_5_end_spring
NA,SS1_C_5_end_spring
NA,SS1_C_5_end_spring
NA,SS1_C_5_end_spring
NA,SS1_C_5_end_spring
NA,SS1_C_5_end_spring
NA,SS1_C_5_end_spring
NA,SS1_C_5_end_spring
NA,SS1_C_5_end_spring
NA,SS1_C_5_end_spring
6,SS1_C_5_end_spring
5,SS1_C_5_end_spring
NA,SS1_C_5_end_spring
NA,SS1_C_5_end_spring
NA,SS1_C_5_end_spring
NA,SS1_C_5_end_spring
NA,SS1_C_5_end_spring
5,SS1_C_5_end_spring
NA,SS1_C_5_end_spring
NA,SS1_C_5_end_spring
NA,SS1_C_5_end_spring
NA,SS1_C_5_end_spring
NA,SS1_C_5_end_spring
NA,SS1_C_5_end_spring
NA,SS1_C_5_end_spring
NA,SS1_C_5_end_spring
NA,SS1_C_5_end_spring
NA,SS1_C_5_end_spring
NA,SS1_C_5_end_spring
NA,SS1_C_5_end_spring
NA,SS1_C_5_end_spring
NA,SS1_C_5_end_spring
27,SS1_C_5_end_spring
NA,SS1_C_5_end_spring
NA,SS1_C_5_end_spring
NA,SS1_C_5_end_spring
NA,SS1_C_5_end_spring
NA,SS1_C_5_end_spring
NA,SS1_C_5_end_spring
NA,SS1_C_5_end_spring
NA,SS1_C_5_end_spring
NA,SS1_C_5_end_spring
NA,SS1_C_5_end_spring
NA,SS1_C_5_end_spring
NA,SS1_C_5_end_spring
NA,SS1_C_5_end_spring
NA,SS1_C_5_end_spring
NA,SS1_C_5_end_spring
NA,SS1_C_5_end_spring
NA,SS1_C_5_end_spring
NA,SS1_C_5_end_spring
NA,SS1_C_5_end_spring
NA,SS1_C_5_end_spring
NA,SS1_C_5_end_spring
NA,SS1_C_5_end_spring
NA,SS1_C_5_end_spring
NA,SS1_C_5_end_spring
NA,SS1_C_5_end_spring
NA,SS1_C_5_end_spring
NA,SS1_C_5_end_spring
NA,SS1_C_5_end_spring
NA,SS1_C_5_end_spring
NA,SS1_C_5_end_spring
NA,SS1_C_5_end_spring
NA,SS1_C_5_end_spring
NA,SS1_C_5_end_spring
NA,SS1_C_5_end_spring
NA,SS1_C_5_end_spring
NA,SS1_C_5_end_spring
NA,SS1_C_5_end_spring
NA,SS1_C_5_end_spring
NA,SS1_C_5_end_spring
NA,SS1_C_5_end_spring
NA,SS1_C_5_end_spring
NA,SS1_C_5_end_spring
NA,SS1_C_5_end_spring
NA,SS1_C_5_end_spring
NA,SS1_C_5_end_spring
NA,SS1_C_5_end_spring
NA,SS1_C_5_end_spring
NA,SS1_C_5_end_spring
NA,SS1_C_5_end_spring
NA,SS1_C_5_end_spring
NA,SS1_C_5_end_spring
NA,SS1_C_5_end_spring
NA,SS1_C_5_end_spring
NA,SS1_C_5_end_spring
NA,SS1_C_5_end_spring
NA,SS1_C_5_end_spring
NA,SS1_C_5_end_spring
NA,SS1_C_5_end_spring
NA,SS1_C_5_end_spring
NA,SS1_C_5_end_spring
2652,SS1_D_5_end_spring
3663,SS1_D_5_end_spring
2019,SS1_D_5_end_spring
769,SS1_D_5_end_spring
68,SS1_D_5_end_spring
2863,SS1_D_5_end_spring
NA,SS1_D_5_end_spring
854,SS1_D_5_end_spring
1569,SS1_D_5_end_spring
121,SS1_D_5_end_spring
253,SS1_D_5_end_spring
808,SS1_D_5_end_spring
NA,SS1_D_5_end_spring
570,SS1_D_5_end_spring
839,SS1_D_5_end_spring
62,SS1_D_5_end_spring
271,SS1_D_5_end_spring
NA,SS1_D_5_end_spring
191,SS1_D_5_end_spring
80,SS1_D_5_end_spring
NA,SS1_D_5_end_spring
NA,SS1_D_5_end_spring
143,SS1_D_5_end_spring
NA,SS1_D_5_end_spring
87,SS1_D_5_end_spring
NA,SS1_D_5_end_spring
18,SS1_D_5_end_spring
140,SS1_D_5_end_spring
NA,SS1_D_5_end_spring
7,SS1_D_5_end_spring
184,SS1_D_5_end_spring
45,SS1_D_5_end_spring
30,SS1_D_5_end_spring
10,SS1_D_5_end_spring
NA,SS1_D_5_end_spring
NA,SS1_D_5_end_spring
295,SS1_D_5_end_spring
56,SS1_D_5_end_spring
41,SS1_D_5_end_spring
NA,SS1_D_5_end_spring
10,SS1_D_5_end_spring
NA,SS1_D_5_end_spring
NA,SS1_D_5_end_spring
NA,SS1_D_5_end_spring
NA,SS1_D_5_end_spring
NA,SS1_D_5_end_spring
NA,SS1_D_5_end_spring
NA,SS1_D_5_end_spring
NA,SS1_D_5_end_spring
34,SS1_D_5_end_spring
NA,SS1_D_5_end_spring
55,SS1_D_5_end_spring
NA,SS1_D_5_end_spring
NA,SS1_D_5_end_spring
NA,SS1_D_5_end_spring
NA,SS1_D_5_end_spring
NA,SS1_D_5_end_spring
NA,SS1_D_5_end_spring
NA,SS1_D_5_end_spring
NA,SS1_D_5_end_spring
NA,SS1_D_5_end_spring
NA,SS1_D_5_end_spring
NA,SS1_D_5_end_spring
NA,SS1_D_5_end_spring
NA,SS1_D_5_end_spring
5,SS1_D_5_end_spring
10,SS1_D_5_end_spring
NA,SS1_D_5_end_spring
NA,SS1_D_5_end_spring
NA,SS1_D_5_end_spring
NA,SS1_D_5_end_spring
NA,SS1_D_5_end_spring
NA,SS1_D_5_end_spring
NA,SS1_D_5_end_spring
NA,SS1_D_5_end_spring
NA,SS1_D_5_end_spring
NA,SS1_D_5_end_spring
8,SS1_D_5_end_spring
NA,SS1_D_5_end_spring
NA,SS1_D_5_end_spring
NA,SS1_D_5_end_spring
NA,SS1_D_5_end_spring
NA,SS1_D_5_end_spring
NA,SS1_D_5_end_spring
NA,SS1_D_5_end_spring
NA,SS1_D_5_end_spring
NA,SS1_D_5_end_spring
NA,SS1_D_5_end_spring
NA,SS1_D_5_end_spring
NA,SS1_D_5_end_spring
NA,SS1_D_5_end_spring
NA,SS1_D_5_end_spring
NA,SS1_D_5_end_spring
NA,SS1_D_5_end_spring
NA,SS1_D_5_end_spring
NA,SS1_D_5_end_spring
NA,SS1_D_5_end_spring
NA,SS1_D_5_end_spring
NA,SS1_D_5_end_spring
NA,SS1_D_5_end_spring
NA,SS1_D_5_end_spring
NA,SS1_D_5_end_spring
NA,SS1_D_5_end_spring
NA,SS1_D_5_end_spring
NA,SS1_D_5_end_spring
NA,SS1_D_5_end_spring
NA,SS1_D_5_end_spring
NA,SS1_D_5_end_spring
NA,SS1_D_5_end_spring
NA,SS1_D_5_end_spring
NA,SS1_D_5_end_spring
NA,SS1_D_5_end_spring
NA,SS1_D_5_end_spring
NA,SS1_D_5_end_spring
NA,SS1_D_5_end_spring
NA,SS1_D_5_end_spring
NA,SS1_D_5_end_spring
NA,SS1_D_5_end_spring
NA,SS1_D_5_end_spring
2735,SS1_D_5_end_spring
1785,SS1_D_5_end_spring
310,SS1_D_5_end_spring
365,SS1_D_5_end_spring
66,SS1_D_5_end_spring
499,SS1_D_5_end_spring
NA,SS1_D_5_end_spring
260,SS1_D_5_end_spring
154,SS1_D_5_end_spring
NA,SS1_D_5_end_spring
NA,SS1_D_5_end_spring
NA,SS1_D_5_end_spring
308,SS1_D_5_end_spring
144,SS1_D_5_end_spring
332,SS1_D_5_end_spring
21,SS1_D_5_end_spring
256,SS1_D_5_end_spring
35,SS1_D_5_end_spring
NA,SS1_D_5_end_spring
43,SS1_D_5_end_spring
156,SS1_D_5_end_spring
326,SS1_D_5_end_spring
119,SS1_D_5_end_spring
11,SS1_D_5_end_spring
68,SS1_D_5_end_spring
NA,SS1_D_5_end_spring
33,SS1_D_5_end_spring
32,SS1_D_5_end_spring
60,SS1_D_5_end_spring
13,SS1_D_5_end_spring
17,SS1_D_5_end_spring
NA,SS1_D_5_end_spring
NA,SS1_D_5_end_spring
31,SS1_D_5_end_spring
29,SS1_D_5_end_spring
NA,SS1_D_5_end_spring
NA,SS1_D_5_end_spring
NA,SS1_D_5_end_spring
NA,SS1_D_5_end_spring
NA,SS1_D_5_end_spring
5,SS1_D_5_end_spring
NA,SS1_D_5_end_spring
NA,SS1_D_5_end_spring
NA,SS1_D_5_end_spring
33,SS1_D_5_end_spring
52,SS1_D_5_end_spring
NA,SS1_D_5_end_spring
NA,SS1_D_5_end_spring
NA,SS1_D_5_end_spring
NA,SS1_D_5_end_spring
NA,SS1_D_5_end_spring
NA,SS1_D_5_end_spring
10,SS1_D_5_end_spring
12,SS1_D_5_end_spring
NA,SS1_D_5_end_spring
NA,SS1_D_5_end_spring
NA,SS1_D_5_end_spring
49,SS1_D_5_end_spring
12,SS1_D_5_end_spring
37,SS1_D_5_end_spring
NA,SS1_D_5_end_spring
NA,SS1_D_5_end_spring
25,SS1_D_5_end_spring
NA,SS1_D_5_end_spring
7,SS1_D_5_end_spring
NA,SS1_D_5_end_spring
NA,SS1_D_5_end_spring
NA,SS1_D_5_end_spring
NA,SS1_D_5_end_spring
NA,SS1_D_5_end_spring
NA,SS1_D_5_end_spring
NA,SS1_D_5_end_spring
NA,SS1_D_5_end_spring
NA,SS1_D_5_end_spring
15,SS1_D_5_end_spring
NA,SS1_D_5_end_spring
32,SS1_D_5_end_spring
NA,SS1_D_5_end_spring
NA,SS1_D_5_end_spring
NA,SS1_D_5_end_spring
45,SS1_D_5_end_spring
NA,SS1_D_5_end_spring
10,SS1_D_5_end_spring
NA,SS1_D_5_end_spring
NA,SS1_D_5_end_spring
5,SS1_D_5_end_spring
NA,SS1_D_5_end_spring
9,SS1_D_5_end_spring
NA,SS1_D_5_end_spring
NA,SS1_D_5_end_spring
NA,SS1_D_5_end_spring
NA,SS1_D_5_end_spring
NA,SS1_D_5_end_spring
NA,SS1_D_5_end_spring
NA,SS1_D_5_end_spring
NA,SS1_D_5_end_spring
NA,SS1_D_5_end_spring
NA,SS1_D_5_end_spring
NA,SS1_D_5_end_spring
9,SS1_D_5_end_spring
NA,SS1_D_5_end_spring
NA,SS1_D_5_end_spring
NA,SS1_D_5_end_spring
NA,SS1_D_5_end_spring
NA,SS1_D_5_end_spring
NA,SS1_D_5_end_spring
NA,SS1_D_5_end_spring
NA,SS1_D_5_end_spring
NA,SS1_D_5_end_spring
NA,SS1_D_5_end_spring
NA,SS1_D_5_end_spring
NA,SS1_D_5_end_spring
NA,SS1_D_5_end_spring
14,SS1_D_5_end_spring
NA,SS1_D_5_end_spring
NA,SS1_D_5_end_spring
NA,SS1_D_5_end_spring
NA,SS1_D_5_end_spring
8,SS1_D_5_end_spring
11,SS1_D_5_end_spring
NA,SS1_D_5_end_spring
NA,SS1_D_5_end_spring
NA,SS1_D_5_end_spring
NA,SS1_D_5_end_spring
7,SS1_D_5_end_spring
NA,SS1_D_5_end_spring
NA,SS1_D_5_end_spring
NA,SS1_D_5_end_spring
NA,SS1_D_5_end_spring
NA,SS1_D_5_end_spring
NA,SS1_D_5_end_spring
NA,SS1_D_5_end_spring
NA,SS1_D_5_end_spring
NA,SS1_D_5_end_spring
NA,SS1_D_5_end_spring
NA,SS1_D_5_end_spring
NA,SS1_D_5_end_spring
NA,SS1_D_5_end_spring
NA,SS1_D_5_end_spring
NA,SS1_D_5_end_spring
NA,SS1_D_5_end_spring
NA,SS1_D_5_end_spring
NA,SS1_D_5_end_spring
NA,SS1_D_5_end_spring
NA,SS1_D_5_end_spring
NA,SS1_D_5_end_spring
NA,SS1_D_5_end_spring
NA,SS1_D_5_end_spring
NA,SS1_D_5_end_spring
NA,SS1_D_5_end_spring
NA,SS1_D_5_end_spring
NA,SS1_D_5_end_spring
NA,SS1_D_5_end_spring
NA,SS1_D_5_end_spring
NA,SS1_D_5_end_spring
NA,SS1_D_5_end_spring
NA,SS1_D_5_end_spring
NA,SS1_D_5_end_spring
NA,SS1_D_5_end_spring
NA,SS1_D_5_end_spring
NA,SS1_D_5_end_spring
NA,SS1_D_5_end_spring
NA,SS1_D_5_end_spring
NA,SS1_D_5_end_spring
NA,SS1_D_5_end_spring
NA,SS1_D_5_end_spring
NA,SS1_D_5_end_spring
NA,SS1_D_5_end_spring
NA,SS1_D_5_end_spring
NA,SS1_D_5_end_spring
NA,SS1_D_5_end_spring
NA,SS1_D_5_end_spring
NA,SS1_D_5_end_spring
NA,SS1_D_5_end_spring
NA,SS1_D_5_end_spring
NA,SS1_D_5_end_spring
NA,SS1_D_5_end_spring
NA,SS1_D_5_end_spring
NA,SS1_D_5_end_spring
NA,SS1_D_5_end_spring
NA,SS1_D_5_end_spring
NA,SS1_D_5_end_spring
NA,SS1_D_5_end_spring
NA,SS1_D_5_end_spring
NA,SS1_D_5_end_spring
NA,SS1_D_5_end_spring
NA,SS1_D_5_end_spring
NA,SS1_D_5_end_spring
NA,SS1_D_5_end_spring
NA,SS1_D_5_end_spring
NA,SS1_D_5_end_spring
NA,SS1_D_5_end_spring
NA,SS1_D_5_end_spring
NA,SS1_D_5_end_spring
NA,SS1_D_5_end_spring
NA,SS1_D_5_end_spring
NA,SS1_D_5_end_spring
NA,SS1_D_5_end_spring
NA,SS1_D_5_end_spring
NA,SS1_D_5_end_spring
NA,SS1_D_5_end_spring
NA,SS1_D_5_end_spring
NA,SS1_D_5_end_spring
NA,SS1_D_5_end_spring
NA,SS1_D_5_end_spring
NA,SS1_D_5_end_spring
NA,SS1_D_5_end_spring
3800,SS1_D_5_end_spring
824,SS1_D_5_end_spring
48,SS1_D_5_end_spring
NA,SS1_D_5_end_spring
732,SS1_D_5_end_spring
88,SS1_D_5_end_spring
NA,SS1_D_5_end_spring
88,SS1_D_5_end_spring
200,SS1_D_5_end_spring
44,SS1_D_5_end_spring
63,SS1_D_5_end_spring
NA,SS1_D_5_end_spring
24,SS1_D_5_end_spring
29,SS1_D_5_end_spring
NA,SS1_D_5_end_spring
239,SS1_D_5_end_spring
134,SS1_D_5_end_spring
116,SS1_D_5_end_spring
187,SS1_D_5_end_spring
NA,SS1_D_5_end_spring
39,SS1_D_5_end_spring
NA,SS1_D_5_end_spring
NA,SS1_D_5_end_spring
82,SS1_D_5_end_spring
NA,SS1_D_5_end_spring
NA,SS1_D_5_end_spring
47,SS1_D_5_end_spring
NA,SS1_D_5_end_spring
NA,SS1_D_5_end_spring
36,SS1_D_5_end_spring
15,SS1_D_5_end_spring
19,SS1_D_5_end_spring
NA,SS1_D_5_end_spring
22,SS1_D_5_end_spring
9,SS1_D_5_end_spring
28,SS1_D_5_end_spring
NA,SS1_D_5_end_spring
NA,SS1_D_5_end_spring
NA,SS1_D_5_end_spring
NA,SS1_D_5_end_spring
NA,SS1_D_5_end_spring
NA,SS1_D_5_end_spring
NA,SS1_D_5_end_spring
39,SS1_D_5_end_spring
NA,SS1_D_5_end_spring
NA,SS1_D_5_end_spring
NA,SS1_D_5_end_spring
NA,SS1_D_5_end_spring
NA,SS1_D_5_end_spring
NA,SS1_D_5_end_spring
NA,SS1_D_5_end_spring
NA,SS1_D_5_end_spring
NA,SS1_D_5_end_spring
NA,SS1_D_5_end_spring
NA,SS1_D_5_end_spring
7,SS1_D_5_end_spring
NA,SS1_D_5_end_spring
15,SS1_D_5_end_spring
NA,SS1_D_5_end_spring
7,SS1_D_5_end_spring
8,SS1_D_5_end_spring
NA,SS1_D_5_end_spring
4,SS1_D_5_end_spring
4,SS1_D_5_end_spring
NA,SS1_D_5_end_spring
NA,SS1_D_5_end_spring
NA,SS1_D_5_end_spring
NA,SS1_D_5_end_spring
NA,SS1_D_5_end_spring
NA,SS1_D_5_end_spring
NA,SS1_D_5_end_spring
NA,SS1_D_5_end_spring
NA,SS1_D_5_end_spring
5,SS1_D_5_end_spring
NA,SS1_D_5_end_spring
NA,SS1_D_5_end_spring
NA,SS1_D_5_end_spring
NA,SS1_D_5_end_spring
NA,SS1_D_5_end_spring
NA,SS1_D_5_end_spring
NA,SS1_D_5_end_spring
NA,SS1_D_5_end_spring
NA,SS1_D_5_end_spring
NA,SS1_D_5_end_spring
NA,SS1_D_5_end_spring
NA,SS1_D_5_end_spring
NA,SS1_D_5_end_spring
NA,SS1_D_5_end_spring
NA,SS1_D_5_end_spring
NA,SS1_D_5_end_spring
NA,SS1_D_5_end_spring
NA,SS1_D_5_end_spring
NA,SS1_D_5_end_spring
NA,SS1_D_5_end_spring
NA,SS1_D_5_end_spring
NA,SS1_D_5_end_spring
NA,SS1_D_5_end_spring
NA,SS1_D_5_end_spring
NA,SS1_D_5_end_spring
NA,SS1_D_5_end_spring
NA,SS1_D_5_end_spring
NA,SS1_D_5_end_spring
19,SS1_D_5_end_spring
NA,SS1_D_5_end_spring
NA,SS1_D_5_end_spring
NA,SS1_D_5_end_spring
4,SS1_D_5_end_spring
NA,SS1_D_5_end_spring
NA,SS1_D_5_end_spring
NA,SS1_D_5_end_spring
NA,SS1_D_5_end_spring
NA,SS1_D_5_end_spring
NA,SS1_D_5_end_spring
NA,SS1_D_5_end_spring
NA,SS1_D_5_end_spring
NA,SS1_D_5_end_spring
NA,SS1_D_5_end_spring
NA,SS1_D_5_end_spring
NA,SS1_D_5_end_spring
8,SS1_D_5_end_spring
NA,SS1_D_5_end_spring
NA,SS1_D_5_end_spring
NA,SS1_D_5_end_spring
NA,SS1_D_5_end_spring
NA,SS1_D_5_end_spring
NA,SS1_D_5_end_spring
NA,SS1_D_5_end_spring
6,SS1_D_5_end_spring
NA,SS1_D_5_end_spring
NA,SS1_D_5_end_spring
NA,SS1_D_5_end_spring
NA,SS1_D_5_end_spring
NA,SS1_D_5_end_spring
NA,SS1_D_5_end_spring
NA,SS1_D_5_end_spring
NA,SS1_D_5_end_spring
NA,SS1_D_5_end_spring
NA,SS1_D_5_end_spring
NA,SS1_D_5_end_spring
NA,SS1_D_5_end_spring
NA,SS1_D_5_end_spring
NA,SS1_D_5_end_spring
35101,SS1_D_5_end_spring
8599,SS1_D_5_end_spring
2176,SS1_D_5_end_spring
498,SS1_D_5_end_spring
1386,SS1_D_5_end_spring
529,SS1_D_5_end_spring
703,SS1_D_5_end_spring
391,SS1_D_5_end_spring
191,SS1_D_5_end_spring
203,SS1_D_5_end_spring
826,SS1_D_5_end_spring
82,SS1_D_5_end_spring
189,SS1_D_5_end_spring
474,SS1_D_5_end_spring
NA,SS1_D_5_end_spring
299,SS1_D_5_end_spring
7,SS1_D_5_end_spring
108,SS1_D_5_end_spring
570,SS1_D_5_end_spring
NA,SS1_D_5_end_spring
102,SS1_D_5_end_spring
27,SS1_D_5_end_spring
45,SS1_D_5_end_spring
579,SS1_D_5_end_spring
NA,SS1_D_5_end_spring
52,SS1_D_5_end_spring
35,SS1_D_5_end_spring
35,SS1_D_5_end_spring
NA,SS1_D_5_end_spring
52,SS1_D_5_end_spring
NA,SS1_D_5_end_spring
8,SS1_D_5_end_spring
49,SS1_D_5_end_spring
17,SS1_D_5_end_spring
134,SS1_D_5_end_spring
68,SS1_D_5_end_spring
NA,SS1_D_5_end_spring
12,SS1_D_5_end_spring
100,SS1_D_5_end_spring
NA,SS1_D_5_end_spring
31,SS1_D_5_end_spring
109,SS1_D_5_end_spring
6,SS1_D_5_end_spring
21,SS1_D_5_end_spring
11,SS1_D_5_end_spring
26,SS1_D_5_end_spring
NA,SS1_D_5_end_spring
19,SS1_D_5_end_spring
NA,SS1_D_5_end_spring
NA,SS1_D_5_end_spring
NA,SS1_D_5_end_spring
135,SS1_D_5_end_spring
33,SS1_D_5_end_spring
NA,SS1_D_5_end_spring
6,SS1_D_5_end_spring
23,SS1_D_5_end_spring
17,SS1_D_5_end_spring
NA,SS1_D_5_end_spring
11,SS1_D_5_end_spring
12,SS1_D_5_end_spring
6,SS1_D_5_end_spring
9,SS1_D_5_end_spring
NA,SS1_D_5_end_spring
13,SS1_D_5_end_spring
NA,SS1_D_5_end_spring
NA,SS1_D_5_end_spring
NA,SS1_D_5_end_spring
NA,SS1_D_5_end_spring
NA,SS1_D_5_end_spring
NA,SS1_D_5_end_spring
4,SS1_D_5_end_spring
NA,SS1_D_5_end_spring
NA,SS1_D_5_end_spring
NA,SS1_D_5_end_spring
NA,SS1_D_5_end_spring
NA,SS1_D_5_end_spring
30,SS1_D_5_end_spring
NA,SS1_D_5_end_spring
NA,SS1_D_5_end_spring
NA,SS1_D_5_end_spring
NA,SS1_D_5_end_spring
NA,SS1_D_5_end_spring
5,SS1_D_5_end_spring
NA,SS1_D_5_end_spring
NA,SS1_D_5_end_spring
NA,SS1_D_5_end_spring
NA,SS1_D_5_end_spring
NA,SS1_D_5_end_spring
NA,SS1_D_5_end_spring
NA,SS1_D_5_end_spring
NA,SS1_D_5_end_spring
NA,SS1_D_5_end_spring
NA,SS1_D_5_end_spring
NA,SS1_D_5_end_spring
NA,SS1_D_5_end_spring
11,SS1_D_5_end_spring
NA,SS1_D_5_end_spring
NA,SS1_D_5_end_spring
NA,SS1_D_5_end_spring
NA,SS1_D_5_end_spring
NA,SS1_D_5_end_spring
6,SS1_D_5_end_spring
NA,SS1_D_5_end_spring
NA,SS1_D_5_end_spring
NA,SS1_D_5_end_spring
NA,SS1_D_5_end_spring
NA,SS1_D_5_end_spring
NA,SS1_D_5_end_spring
NA,SS1_D_5_end_spring
NA,SS1_D_5_end_spring
NA,SS1_D_5_end_spring
NA,SS1_D_5_end_spring
14,SS1_D_5_end_spring
NA,SS1_D_5_end_spring
NA,SS1_D_5_end_spring
NA,SS1_D_5_end_spring
NA,SS1_D_5_end_spring
NA,SS1_D_5_end_spring
5,SS1_D_5_end_spring
NA,SS1_D_5_end_spring
NA,SS1_D_5_end_spring
NA,SS1_D_5_end_spring
NA,SS1_D_5_end_spring
NA,SS1_D_5_end_spring
4,SS1_D_5_end_spring
NA,SS1_D_5_end_spring
4,SS1_D_5_end_spring
NA,SS1_D_5_end_spring
NA,SS1_D_5_end_spring
NA,SS1_D_5_end_spring
NA,SS1_D_5_end_spring
NA,SS1_D_5_end_spring
NA,SS1_D_5_end_spring
NA,SS1_D_5_end_spring
NA,SS1_D_5_end_spring
NA,SS1_D_5_end_spring
NA,SS1_D_5_end_spring
NA,SS1_D_5_end_spring
NA,SS1_D_5_end_spring
NA,SS1_D_5_end_spring
NA,SS1_D_5_end_spring
NA,SS1_D_5_end_spring
NA,SS1_D_5_end_spring
NA,SS1_D_5_end_spring
4,SS1_D_5_end_spring
NA,SS1_D_5_end_spring
NA,SS1_D_5_end_spring
NA,SS1_D_5_end_spring
NA,SS1_D_5_end_spring
NA,SS1_D_5_end_spring
NA,SS1_D_5_end_spring
NA,SS1_D_5_end_spring
NA,SS1_D_5_end_spring
NA,SS1_D_5_end_spring
NA,SS1_D_5_end_spring
NA,SS1_D_5_end_spring
NA,SS1_D_5_end_spring
NA,SS1_D_5_end_spring
NA,SS1_D_5_end_spring
NA,SS1_D_5_end_spring
NA,SS1_D_5_end_spring
NA,SS1_D_5_end_spring
NA,SS1_D_5_end_spring
NA,SS1_D_5_end_spring
NA,SS1_D_5_end_spring
NA,SS1_D_5_end_spring
NA,SS1_D_5_end_spring
NA,SS1_D_5_end_spring
NA,SS1_D_5_end_spring
NA,SS1_D_5_end_spring
NA,SS1_D_5_end_spring
NA,SS1_D_5_end_spring
NA,SS1_D_5_end_spring
NA,SS1_D_5_end_spring
NA,SS1_D_5_end_spring
NA,SS1_D_5_end_spring
NA,SS1_D_5_end_spring
1836,SS1_E_5_end_spring
2978,SS1_E_5_end_spring
1260,SS1_E_5_end_spring
1125,SS1_E_5_end_spring
1161,SS1_E_5_end_spring
1011,SS1_E_5_end_spring
NA,SS1_E_5_end_spring
1004,SS1_E_5_end_spring
651,SS1_E_5_end_spring
247,SS1_E_5_end_spring
223,SS1_E_5_end_spring
312,SS1_E_5_end_spring
NA,SS1_E_5_end_spring
111,SS1_E_5_end_spring
180,SS1_E_5_end_spring
8,SS1_E_5_end_spring
106,SS1_E_5_end_spring
NA,SS1_E_5_end_spring
60,SS1_E_5_end_spring
4,SS1_E_5_end_spring
NA,SS1_E_5_end_spring
NA,SS1_E_5_end_spring
4,SS1_E_5_end_spring
NA,SS1_E_5_end_spring
22,SS1_E_5_end_spring
NA,SS1_E_5_end_spring
NA,SS1_E_5_end_spring
40,SS1_E_5_end_spring
NA,SS1_E_5_end_spring
NA,SS1_E_5_end_spring
16,SS1_E_5_end_spring
NA,SS1_E_5_end_spring
NA,SS1_E_5_end_spring
NA,SS1_E_5_end_spring
NA,SS1_E_5_end_spring
NA,SS1_E_5_end_spring
NA,SS1_E_5_end_spring
32,SS1_E_5_end_spring
NA,SS1_E_5_end_spring
NA,SS1_E_5_end_spring
NA,SS1_E_5_end_spring
NA,SS1_E_5_end_spring
NA,SS1_E_5_end_spring
NA,SS1_E_5_end_spring
NA,SS1_E_5_end_spring
NA,SS1_E_5_end_spring
NA,SS1_E_5_end_spring
NA,SS1_E_5_end_spring
NA,SS1_E_5_end_spring
11,SS1_E_5_end_spring
NA,SS1_E_5_end_spring
NA,SS1_E_5_end_spring
NA,SS1_E_5_end_spring
NA,SS1_E_5_end_spring
NA,SS1_E_5_end_spring
NA,SS1_E_5_end_spring
NA,SS1_E_5_end_spring
NA,SS1_E_5_end_spring
NA,SS1_E_5_end_spring
NA,SS1_E_5_end_spring
NA,SS1_E_5_end_spring
NA,SS1_E_5_end_spring
NA,SS1_E_5_end_spring
NA,SS1_E_5_end_spring
NA,SS1_E_5_end_spring
NA,SS1_E_5_end_spring
NA,SS1_E_5_end_spring
NA,SS1_E_5_end_spring
NA,SS1_E_5_end_spring
NA,SS1_E_5_end_spring
NA,SS1_E_5_end_spring
NA,SS1_E_5_end_spring
NA,SS1_E_5_end_spring
NA,SS1_E_5_end_spring
NA,SS1_E_5_end_spring
NA,SS1_E_5_end_spring
NA,SS1_E_5_end_spring
8,SS1_E_5_end_spring
NA,SS1_E_5_end_spring
NA,SS1_E_5_end_spring
NA,SS1_E_5_end_spring
NA,SS1_E_5_end_spring
NA,SS1_E_5_end_spring
NA,SS1_E_5_end_spring
NA,SS1_E_5_end_spring
NA,SS1_E_5_end_spring
NA,SS1_E_5_end_spring
NA,SS1_E_5_end_spring
NA,SS1_E_5_end_spring
NA,SS1_E_5_end_spring
NA,SS1_E_5_end_spring
NA,SS1_E_5_end_spring
NA,SS1_E_5_end_spring
NA,SS1_E_5_end_spring
NA,SS1_E_5_end_spring
NA,SS1_E_5_end_spring
13,SS1_E_5_end_spring
NA,SS1_E_5_end_spring
NA,SS1_E_5_end_spring
NA,SS1_E_5_end_spring
NA,SS1_E_5_end_spring
NA,SS1_E_5_end_spring
NA,SS1_E_5_end_spring
NA,SS1_E_5_end_spring
NA,SS1_E_5_end_spring
NA,SS1_E_5_end_spring
NA,SS1_E_5_end_spring
NA,SS1_E_5_end_spring
NA,SS1_E_5_end_spring
NA,SS1_E_5_end_spring
6,SS1_E_5_end_spring
NA,SS1_E_5_end_spring
NA,SS1_E_5_end_spring
NA,SS1_E_5_end_spring
NA,SS1_E_5_end_spring
NA,SS1_E_5_end_spring
NA,SS1_E_5_end_spring
NA,SS1_E_5_end_spring
NA,SS1_E_5_end_spring
832,SS1_E_5_end_spring
789,SS1_E_5_end_spring
89,SS1_E_5_end_spring
79,SS1_E_5_end_spring
51,SS1_E_5_end_spring
595,SS1_E_5_end_spring
NA,SS1_E_5_end_spring
249,SS1_E_5_end_spring
81,SS1_E_5_end_spring
NA,SS1_E_5_end_spring
NA,SS1_E_5_end_spring
NA,SS1_E_5_end_spring
36,SS1_E_5_end_spring
109,SS1_E_5_end_spring
224,SS1_E_5_end_spring
25,SS1_E_5_end_spring
92,SS1_E_5_end_spring
NA,SS1_E_5_end_spring
NA,SS1_E_5_end_spring
50,SS1_E_5_end_spring
26,SS1_E_5_end_spring
261,SS1_E_5_end_spring
81,SS1_E_5_end_spring
NA,SS1_E_5_end_spring
44,SS1_E_5_end_spring
NA,SS1_E_5_end_spring
28,SS1_E_5_end_spring
NA,SS1_E_5_end_spring
15,SS1_E_5_end_spring
NA,SS1_E_5_end_spring
NA,SS1_E_5_end_spring
NA,SS1_E_5_end_spring
13,SS1_E_5_end_spring
27,SS1_E_5_end_spring
10,SS1_E_5_end_spring
NA,SS1_E_5_end_spring
NA,SS1_E_5_end_spring
NA,SS1_E_5_end_spring
NA,SS1_E_5_end_spring
7,SS1_E_5_end_spring
NA,SS1_E_5_end_spring
NA,SS1_E_5_end_spring
9,SS1_E_5_end_spring
NA,SS1_E_5_end_spring
19,SS1_E_5_end_spring
12,SS1_E_5_end_spring
NA,SS1_E_5_end_spring
NA,SS1_E_5_end_spring
NA,SS1_E_5_end_spring
NA,SS1_E_5_end_spring
NA,SS1_E_5_end_spring
NA,SS1_E_5_end_spring
NA,SS1_E_5_end_spring
12,SS1_E_5_end_spring
NA,SS1_E_5_end_spring
NA,SS1_E_5_end_spring
NA,SS1_E_5_end_spring
NA,SS1_E_5_end_spring
5,SS1_E_5_end_spring
NA,SS1_E_5_end_spring
NA,SS1_E_5_end_spring
NA,SS1_E_5_end_spring
NA,SS1_E_5_end_spring
NA,SS1_E_5_end_spring
NA,SS1_E_5_end_spring
NA,SS1_E_5_end_spring
10,SS1_E_5_end_spring
NA,SS1_E_5_end_spring
NA,SS1_E_5_end_spring
NA,SS1_E_5_end_spring
NA,SS1_E_5_end_spring
NA,SS1_E_5_end_spring
NA,SS1_E_5_end_spring
NA,SS1_E_5_end_spring
11,SS1_E_5_end_spring
NA,SS1_E_5_end_spring
7,SS1_E_5_end_spring
NA,SS1_E_5_end_spring
11,SS1_E_5_end_spring
NA,SS1_E_5_end_spring
NA,SS1_E_5_end_spring
NA,SS1_E_5_end_spring
NA,SS1_E_5_end_spring
NA,SS1_E_5_end_spring
NA,SS1_E_5_end_spring
NA,SS1_E_5_end_spring
NA,SS1_E_5_end_spring
NA,SS1_E_5_end_spring
NA,SS1_E_5_end_spring
NA,SS1_E_5_end_spring
NA,SS1_E_5_end_spring
NA,SS1_E_5_end_spring
NA,SS1_E_5_end_spring
NA,SS1_E_5_end_spring
NA,SS1_E_5_end_spring
NA,SS1_E_5_end_spring
NA,SS1_E_5_end_spring
NA,SS1_E_5_end_spring
NA,SS1_E_5_end_spring
5,SS1_E_5_end_spring
NA,SS1_E_5_end_spring
NA,SS1_E_5_end_spring
NA,SS1_E_5_end_spring
NA,SS1_E_5_end_spring
NA,SS1_E_5_end_spring
NA,SS1_E_5_end_spring
NA,SS1_E_5_end_spring
NA,SS1_E_5_end_spring
NA,SS1_E_5_end_spring
NA,SS1_E_5_end_spring
NA,SS1_E_5_end_spring
NA,SS1_E_5_end_spring
NA,SS1_E_5_end_spring
NA,SS1_E_5_end_spring
NA,SS1_E_5_end_spring
NA,SS1_E_5_end_spring
NA,SS1_E_5_end_spring
NA,SS1_E_5_end_spring
NA,SS1_E_5_end_spring
16,SS1_E_5_end_spring
NA,SS1_E_5_end_spring
9,SS1_E_5_end_spring
NA,SS1_E_5_end_spring
NA,SS1_E_5_end_spring
NA,SS1_E_5_end_spring
NA,SS1_E_5_end_spring
NA,SS1_E_5_end_spring
NA,SS1_E_5_end_spring
NA,SS1_E_5_end_spring
NA,SS1_E_5_end_spring
NA,SS1_E_5_end_spring
18,SS1_E_5_end_spring
NA,SS1_E_5_end_spring
20,SS1_E_5_end_spring
NA,SS1_E_5_end_spring
NA,SS1_E_5_end_spring
NA,SS1_E_5_end_spring
NA,SS1_E_5_end_spring
NA,SS1_E_5_end_spring
NA,SS1_E_5_end_spring
NA,SS1_E_5_end_spring
NA,SS1_E_5_end_spring
NA,SS1_E_5_end_spring
NA,SS1_E_5_end_spring
NA,SS1_E_5_end_spring
NA,SS1_E_5_end_spring
NA,SS1_E_5_end_spring
NA,SS1_E_5_end_spring
NA,SS1_E_5_end_spring
NA,SS1_E_5_end_spring
NA,SS1_E_5_end_spring
NA,SS1_E_5_end_spring
NA,SS1_E_5_end_spring
NA,SS1_E_5_end_spring
NA,SS1_E_5_end_spring
NA,SS1_E_5_end_spring
NA,SS1_E_5_end_spring
NA,SS1_E_5_end_spring
NA,SS1_E_5_end_spring
NA,SS1_E_5_end_spring
NA,SS1_E_5_end_spring
NA,SS1_E_5_end_spring
NA,SS1_E_5_end_spring
NA,SS1_E_5_end_spring
NA,SS1_E_5_end_spring
NA,SS1_E_5_end_spring
NA,SS1_E_5_end_spring
NA,SS1_E_5_end_spring
NA,SS1_E_5_end_spring
NA,SS1_E_5_end_spring
NA,SS1_E_5_end_spring
NA,SS1_E_5_end_spring
NA,SS1_E_5_end_spring
NA,SS1_E_5_end_spring
NA,SS1_E_5_end_spring
NA,SS1_E_5_end_spring
NA,SS1_E_5_end_spring
NA,SS1_E_5_end_spring
NA,SS1_E_5_end_spring
NA,SS1_E_5_end_spring
NA,SS1_E_5_end_spring
NA,SS1_E_5_end_spring
NA,SS1_E_5_end_spring
NA,SS1_E_5_end_spring
NA,SS1_E_5_end_spring
NA,SS1_E_5_end_spring
NA,SS1_E_5_end_spring
NA,SS1_E_5_end_spring
NA,SS1_E_5_end_spring
NA,SS1_E_5_end_spring
NA,SS1_E_5_end_spring
NA,SS1_E_5_end_spring
NA,SS1_E_5_end_spring
NA,SS1_E_5_end_spring
NA,SS1_E_5_end_spring
NA,SS1_E_5_end_spring
NA,SS1_E_5_end_spring
NA,SS1_E_5_end_spring
NA,SS1_E_5_end_spring
NA,SS1_E_5_end_spring
NA,SS1_E_5_end_spring
NA,SS1_E_5_end_spring
NA,SS1_E_5_end_spring
NA,SS1_E_5_end_spring
NA,SS1_E_5_end_spring
NA,SS1_E_5_end_spring
NA,SS1_E_5_end_spring
1846,SS1_E_5_end_spring
396,SS1_E_5_end_spring
48,SS1_E_5_end_spring
NA,SS1_E_5_end_spring
266,SS1_E_5_end_spring
166,SS1_E_5_end_spring
NA,SS1_E_5_end_spring
21,SS1_E_5_end_spring
7,SS1_E_5_end_spring
NA,SS1_E_5_end_spring
13,SS1_E_5_end_spring
NA,SS1_E_5_end_spring
31,SS1_E_5_end_spring
16,SS1_E_5_end_spring
NA,SS1_E_5_end_spring
320,SS1_E_5_end_spring
34,SS1_E_5_end_spring
51,SS1_E_5_end_spring
97,SS1_E_5_end_spring
NA,SS1_E_5_end_spring
23,SS1_E_5_end_spring
5,SS1_E_5_end_spring
NA,SS1_E_5_end_spring
39,SS1_E_5_end_spring
NA,SS1_E_5_end_spring
NA,SS1_E_5_end_spring
NA,SS1_E_5_end_spring
NA,SS1_E_5_end_spring
NA,SS1_E_5_end_spring
11,SS1_E_5_end_spring
NA,SS1_E_5_end_spring
8,SS1_E_5_end_spring
NA,SS1_E_5_end_spring
7,SS1_E_5_end_spring
7,SS1_E_5_end_spring
NA,SS1_E_5_end_spring
NA,SS1_E_5_end_spring
NA,SS1_E_5_end_spring
NA,SS1_E_5_end_spring
NA,SS1_E_5_end_spring
NA,SS1_E_5_end_spring
NA,SS1_E_5_end_spring
42,SS1_E_5_end_spring
NA,SS1_E_5_end_spring
NA,SS1_E_5_end_spring
NA,SS1_E_5_end_spring
NA,SS1_E_5_end_spring
NA,SS1_E_5_end_spring
NA,SS1_E_5_end_spring
66,SS1_E_5_end_spring
NA,SS1_E_5_end_spring
NA,SS1_E_5_end_spring
NA,SS1_E_5_end_spring
NA,SS1_E_5_end_spring
NA,SS1_E_5_end_spring
NA,SS1_E_5_end_spring
NA,SS1_E_5_end_spring
4,SS1_E_5_end_spring
7,SS1_E_5_end_spring
NA,SS1_E_5_end_spring
NA,SS1_E_5_end_spring
NA,SS1_E_5_end_spring
NA,SS1_E_5_end_spring
NA,SS1_E_5_end_spring
NA,SS1_E_5_end_spring
NA,SS1_E_5_end_spring
NA,SS1_E_5_end_spring
NA,SS1_E_5_end_spring
NA,SS1_E_5_end_spring
NA,SS1_E_5_end_spring
NA,SS1_E_5_end_spring
12,SS1_E_5_end_spring
NA,SS1_E_5_end_spring
6,SS1_E_5_end_spring
NA,SS1_E_5_end_spring
NA,SS1_E_5_end_spring
NA,SS1_E_5_end_spring
NA,SS1_E_5_end_spring
NA,SS1_E_5_end_spring
NA,SS1_E_5_end_spring
NA,SS1_E_5_end_spring
NA,SS1_E_5_end_spring
NA,SS1_E_5_end_spring
NA,SS1_E_5_end_spring
NA,SS1_E_5_end_spring
NA,SS1_E_5_end_spring
NA,SS1_E_5_end_spring
NA,SS1_E_5_end_spring
NA,SS1_E_5_end_spring
NA,SS1_E_5_end_spring
NA,SS1_E_5_end_spring
NA,SS1_E_5_end_spring
NA,SS1_E_5_end_spring
NA,SS1_E_5_end_spring
NA,SS1_E_5_end_spring
NA,SS1_E_5_end_spring
NA,SS1_E_5_end_spring
NA,SS1_E_5_end_spring
NA,SS1_E_5_end_spring
NA,SS1_E_5_end_spring
NA,SS1_E_5_end_spring
NA,SS1_E_5_end_spring
NA,SS1_E_5_end_spring
NA,SS1_E_5_end_spring
NA,SS1_E_5_end_spring
NA,SS1_E_5_end_spring
NA,SS1_E_5_end_spring
NA,SS1_E_5_end_spring
NA,SS1_E_5_end_spring
NA,SS1_E_5_end_spring
NA,SS1_E_5_end_spring
NA,SS1_E_5_end_spring
NA,SS1_E_5_end_spring
NA,SS1_E_5_end_spring
NA,SS1_E_5_end_spring
NA,SS1_E_5_end_spring
NA,SS1_E_5_end_spring
NA,SS1_E_5_end_spring
NA,SS1_E_5_end_spring
NA,SS1_E_5_end_spring
NA,SS1_E_5_end_spring
NA,SS1_E_5_end_spring
NA,SS1_E_5_end_spring
NA,SS1_E_5_end_spring
NA,SS1_E_5_end_spring
NA,SS1_E_5_end_spring
NA,SS1_E_5_end_spring
NA,SS1_E_5_end_spring
NA,SS1_E_5_end_spring
NA,SS1_E_5_end_spring
NA,SS1_E_5_end_spring
NA,SS1_E_5_end_spring
NA,SS1_E_5_end_spring
NA,SS1_E_5_end_spring
NA,SS1_E_5_end_spring
NA,SS1_E_5_end_spring
NA,SS1_E_5_end_spring
NA,SS1_E_5_end_spring
NA,SS1_E_5_end_spring
NA,SS1_E_5_end_spring
NA,SS1_E_5_end_spring
4,SS1_E_5_end_spring
23008,SS1_E_5_end_spring
3892,SS1_E_5_end_spring
1598,SS1_E_5_end_spring
403,SS1_E_5_end_spring
1593,SS1_E_5_end_spring
73,SS1_E_5_end_spring
91,SS1_E_5_end_spring
351,SS1_E_5_end_spring
48,SS1_E_5_end_spring
91,SS1_E_5_end_spring
253,SS1_E_5_end_spring
53,SS1_E_5_end_spring
NA,SS1_E_5_end_spring
276,SS1_E_5_end_spring
NA,SS1_E_5_end_spring
80,SS1_E_5_end_spring
NA,SS1_E_5_end_spring
102,SS1_E_5_end_spring
173,SS1_E_5_end_spring
NA,SS1_E_5_end_spring
15,SS1_E_5_end_spring
NA,SS1_E_5_end_spring
35,SS1_E_5_end_spring
53,SS1_E_5_end_spring
NA,SS1_E_5_end_spring
66,SS1_E_5_end_spring
17,SS1_E_5_end_spring
34,SS1_E_5_end_spring
NA,SS1_E_5_end_spring
61,SS1_E_5_end_spring
NA,SS1_E_5_end_spring
12,SS1_E_5_end_spring
4,SS1_E_5_end_spring
26,SS1_E_5_end_spring
26,SS1_E_5_end_spring
48,SS1_E_5_end_spring
NA,SS1_E_5_end_spring
7,SS1_E_5_end_spring
20,SS1_E_5_end_spring
42,SS1_E_5_end_spring
13,SS1_E_5_end_spring
24,SS1_E_5_end_spring
NA,SS1_E_5_end_spring
NA,SS1_E_5_end_spring
27,SS1_E_5_end_spring
NA,SS1_E_5_end_spring
NA,SS1_E_5_end_spring
NA,SS1_E_5_end_spring
NA,SS1_E_5_end_spring
NA,SS1_E_5_end_spring
NA,SS1_E_5_end_spring
NA,SS1_E_5_end_spring
NA,SS1_E_5_end_spring
NA,SS1_E_5_end_spring
15,SS1_E_5_end_spring
31,SS1_E_5_end_spring
NA,SS1_E_5_end_spring
NA,SS1_E_5_end_spring
NA,SS1_E_5_end_spring
5,SS1_E_5_end_spring
4,SS1_E_5_end_spring
13,SS1_E_5_end_spring
NA,SS1_E_5_end_spring
NA,SS1_E_5_end_spring
NA,SS1_E_5_end_spring
NA,SS1_E_5_end_spring
NA,SS1_E_5_end_spring
NA,SS1_E_5_end_spring
NA,SS1_E_5_end_spring
NA,SS1_E_5_end_spring
NA,SS1_E_5_end_spring
NA,SS1_E_5_end_spring
NA,SS1_E_5_end_spring
NA,SS1_E_5_end_spring
NA,SS1_E_5_end_spring
NA,SS1_E_5_end_spring
NA,SS1_E_5_end_spring
NA,SS1_E_5_end_spring
NA,SS1_E_5_end_spring
NA,SS1_E_5_end_spring
8,SS1_E_5_end_spring
NA,SS1_E_5_end_spring
NA,SS1_E_5_end_spring
NA,SS1_E_5_end_spring
NA,SS1_E_5_end_spring
NA,SS1_E_5_end_spring
NA,SS1_E_5_end_spring
NA,SS1_E_5_end_spring
NA,SS1_E_5_end_spring
NA,SS1_E_5_end_spring
NA,SS1_E_5_end_spring
NA,SS1_E_5_end_spring
4,SS1_E_5_end_spring
NA,SS1_E_5_end_spring
NA,SS1_E_5_end_spring
NA,SS1_E_5_end_spring
NA,SS1_E_5_end_spring
NA,SS1_E_5_end_spring
NA,SS1_E_5_end_spring
NA,SS1_E_5_end_spring
NA,SS1_E_5_end_spring
NA,SS1_E_5_end_spring
NA,SS1_E_5_end_spring
NA,SS1_E_5_end_spring
NA,SS1_E_5_end_spring
NA,SS1_E_5_end_spring
NA,SS1_E_5_end_spring
NA,SS1_E_5_end_spring
NA,SS1_E_5_end_spring
NA,SS1_E_5_end_spring
NA,SS1_E_5_end_spring
NA,SS1_E_5_end_spring
NA,SS1_E_5_end_spring
NA,SS1_E_5_end_spring
NA,SS1_E_5_end_spring
NA,SS1_E_5_end_spring
NA,SS1_E_5_end_spring
NA,SS1_E_5_end_spring
NA,SS1_E_5_end_spring
NA,SS1_E_5_end_spring
NA,SS1_E_5_end_spring
NA,SS1_E_5_end_spring
NA,SS1_E_5_end_spring
NA,SS1_E_5_end_spring
NA,SS1_E_5_end_spring
NA,SS1_E_5_end_spring
NA,SS1_E_5_end_spring
NA,SS1_E_5_end_spring
NA,SS1_E_5_end_spring
NA,SS1_E_5_end_spring
NA,SS1_E_5_end_spring
NA,SS1_E_5_end_spring
NA,SS1_E_5_end_spring
4,SS1_E_5_end_spring
NA,SS1_E_5_end_spring
NA,SS1_E_5_end_spring
NA,SS1_E_5_end_spring
NA,SS1_E_5_end_spring
NA,SS1_E_5_end_spring
NA,SS1_E_5_end_spring
NA,SS1_E_5_end_spring
NA,SS1_E_5_end_spring
NA,SS1_E_5_end_spring
NA,SS1_E_5_end_spring
NA,SS1_E_5_end_spring
NA,SS1_E_5_end_spring
NA,SS1_E_5_end_spring
NA,SS1_E_5_end_spring
NA,SS1_E_5_end_spring
NA,SS1_E_5_end_spring
NA,SS1_E_5_end_spring
NA,SS1_E_5_end_spring
NA,SS1_E_5_end_spring
NA,SS1_E_5_end_spring
NA,SS1_E_5_end_spring
NA,SS1_E_5_end_spring
NA,SS1_E_5_end_spring
NA,SS1_E_5_end_spring
NA,SS1_E_5_end_spring
NA,SS1_E_5_end_spring
NA,SS1_E_5_end_spring
NA,SS1_E_5_end_spring
NA,SS1_E_5_end_spring
NA,SS1_E_5_end_spring
NA,SS1_E_5_end_spring
NA,SS1_E_5_end_spring
NA,SS1_E_5_end_spring
NA,SS1_E_5_end_spring
NA,SS1_E_5_end_spring
NA,SS1_E_5_end_spring
NA,SS1_E_5_end_spring
NA,SS1_E_5_end_spring
NA,SS1_E_5_end_spring
NA,SS1_E_5_end_spring
NA,SS1_E_5_end_spring
NA,SS1_E_5_end_spring
NA,SS1_E_5_end_spring
1960,SS1_F_5_end_spring
4336,SS1_F_5_end_spring
1684,SS1_F_5_end_spring
1215,SS1_F_5_end_spring
402,SS1_F_5_end_spring
1330,SS1_F_5_end_spring
NA,SS1_F_5_end_spring
864,SS1_F_5_end_spring
881,SS1_F_5_end_spring
463,SS1_F_5_end_spring
NA,SS1_F_5_end_spring
561,SS1_F_5_end_spring
NA,SS1_F_5_end_spring
179,SS1_F_5_end_spring
191,SS1_F_5_end_spring
21,SS1_F_5_end_spring
92,SS1_F_5_end_spring
NA,SS1_F_5_end_spring
137,SS1_F_5_end_spring
NA,SS1_F_5_end_spring
NA,SS1_F_5_end_spring
NA,SS1_F_5_end_spring
4,SS1_F_5_end_spring
NA,SS1_F_5_end_spring
19,SS1_F_5_end_spring
NA,SS1_F_5_end_spring
15,SS1_F_5_end_spring
73,SS1_F_5_end_spring
58,SS1_F_5_end_spring
6,SS1_F_5_end_spring
144,SS1_F_5_end_spring
NA,SS1_F_5_end_spring
12,SS1_F_5_end_spring
NA,SS1_F_5_end_spring
NA,SS1_F_5_end_spring
NA,SS1_F_5_end_spring
27,SS1_F_5_end_spring
19,SS1_F_5_end_spring
NA,SS1_F_5_end_spring
NA,SS1_F_5_end_spring
9,SS1_F_5_end_spring
NA,SS1_F_5_end_spring
NA,SS1_F_5_end_spring
NA,SS1_F_5_end_spring
NA,SS1_F_5_end_spring
NA,SS1_F_5_end_spring
NA,SS1_F_5_end_spring
NA,SS1_F_5_end_spring
NA,SS1_F_5_end_spring
8,SS1_F_5_end_spring
NA,SS1_F_5_end_spring
NA,SS1_F_5_end_spring
NA,SS1_F_5_end_spring
NA,SS1_F_5_end_spring
NA,SS1_F_5_end_spring
NA,SS1_F_5_end_spring
NA,SS1_F_5_end_spring
NA,SS1_F_5_end_spring
NA,SS1_F_5_end_spring
NA,SS1_F_5_end_spring
NA,SS1_F_5_end_spring
NA,SS1_F_5_end_spring
NA,SS1_F_5_end_spring
NA,SS1_F_5_end_spring
7,SS1_F_5_end_spring
NA,SS1_F_5_end_spring
NA,SS1_F_5_end_spring
NA,SS1_F_5_end_spring
NA,SS1_F_5_end_spring
NA,SS1_F_5_end_spring
NA,SS1_F_5_end_spring
NA,SS1_F_5_end_spring
NA,SS1_F_5_end_spring
NA,SS1_F_5_end_spring
NA,SS1_F_5_end_spring
NA,SS1_F_5_end_spring
NA,SS1_F_5_end_spring
NA,SS1_F_5_end_spring
NA,SS1_F_5_end_spring
NA,SS1_F_5_end_spring
NA,SS1_F_5_end_spring
NA,SS1_F_5_end_spring
NA,SS1_F_5_end_spring
NA,SS1_F_5_end_spring
NA,SS1_F_5_end_spring
NA,SS1_F_5_end_spring
NA,SS1_F_5_end_spring
NA,SS1_F_5_end_spring
NA,SS1_F_5_end_spring
NA,SS1_F_5_end_spring
NA,SS1_F_5_end_spring
NA,SS1_F_5_end_spring
NA,SS1_F_5_end_spring
NA,SS1_F_5_end_spring
NA,SS1_F_5_end_spring
NA,SS1_F_5_end_spring
NA,SS1_F_5_end_spring
NA,SS1_F_5_end_spring
NA,SS1_F_5_end_spring
NA,SS1_F_5_end_spring
NA,SS1_F_5_end_spring
NA,SS1_F_5_end_spring
NA,SS1_F_5_end_spring
NA,SS1_F_5_end_spring
NA,SS1_F_5_end_spring
NA,SS1_F_5_end_spring
NA,SS1_F_5_end_spring
NA,SS1_F_5_end_spring
NA,SS1_F_5_end_spring
NA,SS1_F_5_end_spring
NA,SS1_F_5_end_spring
NA,SS1_F_5_end_spring
NA,SS1_F_5_end_spring
NA,SS1_F_5_end_spring
NA,SS1_F_5_end_spring
NA,SS1_F_5_end_spring
NA,SS1_F_5_end_spring
NA,SS1_F_5_end_spring
NA,SS1_F_5_end_spring
1814,SS1_F_5_end_spring
818,SS1_F_5_end_spring
170,SS1_F_5_end_spring
126,SS1_F_5_end_spring
65,SS1_F_5_end_spring
605,SS1_F_5_end_spring
NA,SS1_F_5_end_spring
327,SS1_F_5_end_spring
152,SS1_F_5_end_spring
NA,SS1_F_5_end_spring
NA,SS1_F_5_end_spring
NA,SS1_F_5_end_spring
26,SS1_F_5_end_spring
145,SS1_F_5_end_spring
228,SS1_F_5_end_spring
5,SS1_F_5_end_spring
214,SS1_F_5_end_spring
17,SS1_F_5_end_spring
NA,SS1_F_5_end_spring
37,SS1_F_5_end_spring
21,SS1_F_5_end_spring
229,SS1_F_5_end_spring
71,SS1_F_5_end_spring
8,SS1_F_5_end_spring
66,SS1_F_5_end_spring
NA,SS1_F_5_end_spring
43,SS1_F_5_end_spring
50,SS1_F_5_end_spring
54,SS1_F_5_end_spring
4,SS1_F_5_end_spring
29,SS1_F_5_end_spring
NA,SS1_F_5_end_spring
NA,SS1_F_5_end_spring
22,SS1_F_5_end_spring
14,SS1_F_5_end_spring
18,SS1_F_5_end_spring
NA,SS1_F_5_end_spring
5,SS1_F_5_end_spring
NA,SS1_F_5_end_spring
88,SS1_F_5_end_spring
NA,SS1_F_5_end_spring
NA,SS1_F_5_end_spring
NA,SS1_F_5_end_spring
NA,SS1_F_5_end_spring
29,SS1_F_5_end_spring
36,SS1_F_5_end_spring
NA,SS1_F_5_end_spring
NA,SS1_F_5_end_spring
NA,SS1_F_5_end_spring
NA,SS1_F_5_end_spring
NA,SS1_F_5_end_spring
NA,SS1_F_5_end_spring
NA,SS1_F_5_end_spring
NA,SS1_F_5_end_spring
NA,SS1_F_5_end_spring
NA,SS1_F_5_end_spring
NA,SS1_F_5_end_spring
NA,SS1_F_5_end_spring
7,SS1_F_5_end_spring
15,SS1_F_5_end_spring
NA,SS1_F_5_end_spring
8,SS1_F_5_end_spring
NA,SS1_F_5_end_spring
NA,SS1_F_5_end_spring
NA,SS1_F_5_end_spring
NA,SS1_F_5_end_spring
NA,SS1_F_5_end_spring
NA,SS1_F_5_end_spring
NA,SS1_F_5_end_spring
NA,SS1_F_5_end_spring
NA,SS1_F_5_end_spring
NA,SS1_F_5_end_spring
NA,SS1_F_5_end_spring
NA,SS1_F_5_end_spring
NA,SS1_F_5_end_spring
NA,SS1_F_5_end_spring
5,SS1_F_5_end_spring
NA,SS1_F_5_end_spring
NA,SS1_F_5_end_spring
NA,SS1_F_5_end_spring
56,SS1_F_5_end_spring
NA,SS1_F_5_end_spring
NA,SS1_F_5_end_spring
NA,SS1_F_5_end_spring
NA,SS1_F_5_end_spring
5,SS1_F_5_end_spring
NA,SS1_F_5_end_spring
NA,SS1_F_5_end_spring
NA,SS1_F_5_end_spring
NA,SS1_F_5_end_spring
NA,SS1_F_5_end_spring
NA,SS1_F_5_end_spring
NA,SS1_F_5_end_spring
NA,SS1_F_5_end_spring
NA,SS1_F_5_end_spring
NA,SS1_F_5_end_spring
NA,SS1_F_5_end_spring
NA,SS1_F_5_end_spring
NA,SS1_F_5_end_spring
14,SS1_F_5_end_spring
NA,SS1_F_5_end_spring
NA,SS1_F_5_end_spring
NA,SS1_F_5_end_spring
NA,SS1_F_5_end_spring
NA,SS1_F_5_end_spring
NA,SS1_F_5_end_spring
NA,SS1_F_5_end_spring
NA,SS1_F_5_end_spring
NA,SS1_F_5_end_spring
NA,SS1_F_5_end_spring
NA,SS1_F_5_end_spring
NA,SS1_F_5_end_spring
NA,SS1_F_5_end_spring
NA,SS1_F_5_end_spring
NA,SS1_F_5_end_spring
NA,SS1_F_5_end_spring
NA,SS1_F_5_end_spring
NA,SS1_F_5_end_spring
NA,SS1_F_5_end_spring
NA,SS1_F_5_end_spring
NA,SS1_F_5_end_spring
NA,SS1_F_5_end_spring
NA,SS1_F_5_end_spring
5,SS1_F_5_end_spring
NA,SS1_F_5_end_spring
13,SS1_F_5_end_spring
NA,SS1_F_5_end_spring
NA,SS1_F_5_end_spring
NA,SS1_F_5_end_spring
NA,SS1_F_5_end_spring
NA,SS1_F_5_end_spring
NA,SS1_F_5_end_spring
NA,SS1_F_5_end_spring
14,SS1_F_5_end_spring
NA,SS1_F_5_end_spring
NA,SS1_F_5_end_spring
NA,SS1_F_5_end_spring
NA,SS1_F_5_end_spring
NA,SS1_F_5_end_spring
NA,SS1_F_5_end_spring
NA,SS1_F_5_end_spring
NA,SS1_F_5_end_spring
NA,SS1_F_5_end_spring
14,SS1_F_5_end_spring
NA,SS1_F_5_end_spring
NA,SS1_F_5_end_spring
NA,SS1_F_5_end_spring
NA,SS1_F_5_end_spring
NA,SS1_F_5_end_spring
NA,SS1_F_5_end_spring
NA,SS1_F_5_end_spring
NA,SS1_F_5_end_spring
NA,SS1_F_5_end_spring
NA,SS1_F_5_end_spring
7,SS1_F_5_end_spring
NA,SS1_F_5_end_spring
NA,SS1_F_5_end_spring
NA,SS1_F_5_end_spring
NA,SS1_F_5_end_spring
NA,SS1_F_5_end_spring
NA,SS1_F_5_end_spring
NA,SS1_F_5_end_spring
NA,SS1_F_5_end_spring
NA,SS1_F_5_end_spring
NA,SS1_F_5_end_spring
NA,SS1_F_5_end_spring
NA,SS1_F_5_end_spring
NA,SS1_F_5_end_spring
NA,SS1_F_5_end_spring
NA,SS1_F_5_end_spring
NA,SS1_F_5_end_spring
NA,SS1_F_5_end_spring
NA,SS1_F_5_end_spring
NA,SS1_F_5_end_spring
NA,SS1_F_5_end_spring
NA,SS1_F_5_end_spring
NA,SS1_F_5_end_spring
NA,SS1_F_5_end_spring
NA,SS1_F_5_end_spring
NA,SS1_F_5_end_spring
NA,SS1_F_5_end_spring
NA,SS1_F_5_end_spring
NA,SS1_F_5_end_spring
NA,SS1_F_5_end_spring
NA,SS1_F_5_end_spring
NA,SS1_F_5_end_spring
NA,SS1_F_5_end_spring
NA,SS1_F_5_end_spring
NA,SS1_F_5_end_spring
NA,SS1_F_5_end_spring
NA,SS1_F_5_end_spring
NA,SS1_F_5_end_spring
NA,SS1_F_5_end_spring
NA,SS1_F_5_end_spring
NA,SS1_F_5_end_spring
NA,SS1_F_5_end_spring
NA,SS1_F_5_end_spring
NA,SS1_F_5_end_spring
NA,SS1_F_5_end_spring
NA,SS1_F_5_end_spring
NA,SS1_F_5_end_spring
NA,SS1_F_5_end_spring
NA,SS1_F_5_end_spring
NA,SS1_F_5_end_spring
NA,SS1_F_5_end_spring
NA,SS1_F_5_end_spring
NA,SS1_F_5_end_spring
1629,SS1_F_5_end_spring
297,SS1_F_5_end_spring
85,SS1_F_5_end_spring
NA,SS1_F_5_end_spring
458,SS1_F_5_end_spring
239,SS1_F_5_end_spring
NA,SS1_F_5_end_spring
33,SS1_F_5_end_spring
43,SS1_F_5_end_spring
8,SS1_F_5_end_spring
64,SS1_F_5_end_spring
NA,SS1_F_5_end_spring
36,SS1_F_5_end_spring
15,SS1_F_5_end_spring
NA,SS1_F_5_end_spring
13,SS1_F_5_end_spring
29,SS1_F_5_end_spring
124,SS1_F_5_end_spring
56,SS1_F_5_end_spring
7,SS1_F_5_end_spring
70,SS1_F_5_end_spring
5,SS1_F_5_end_spring
NA,SS1_F_5_end_spring
NA,SS1_F_5_end_spring
19,SS1_F_5_end_spring
NA,SS1_F_5_end_spring
11,SS1_F_5_end_spring
NA,SS1_F_5_end_spring
43,SS1_F_5_end_spring
7,SS1_F_5_end_spring
24,SS1_F_5_end_spring
17,SS1_F_5_end_spring
NA,SS1_F_5_end_spring
NA,SS1_F_5_end_spring
5,SS1_F_5_end_spring
11,SS1_F_5_end_spring
NA,SS1_F_5_end_spring
NA,SS1_F_5_end_spring
5,SS1_F_5_end_spring
NA,SS1_F_5_end_spring
17,SS1_F_5_end_spring
NA,SS1_F_5_end_spring
NA,SS1_F_5_end_spring
NA,SS1_F_5_end_spring
NA,SS1_F_5_end_spring
NA,SS1_F_5_end_spring
NA,SS1_F_5_end_spring
18,SS1_F_5_end_spring
NA,SS1_F_5_end_spring
33,SS1_F_5_end_spring
NA,SS1_F_5_end_spring
NA,SS1_F_5_end_spring
NA,SS1_F_5_end_spring
NA,SS1_F_5_end_spring
NA,SS1_F_5_end_spring
16,SS1_F_5_end_spring
NA,SS1_F_5_end_spring
NA,SS1_F_5_end_spring
NA,SS1_F_5_end_spring
5,SS1_F_5_end_spring
NA,SS1_F_5_end_spring
22,SS1_F_5_end_spring
NA,SS1_F_5_end_spring
NA,SS1_F_5_end_spring
NA,SS1_F_5_end_spring
NA,SS1_F_5_end_spring
NA,SS1_F_5_end_spring
NA,SS1_F_5_end_spring
NA,SS1_F_5_end_spring
NA,SS1_F_5_end_spring
NA,SS1_F_5_end_spring
6,SS1_F_5_end_spring
NA,SS1_F_5_end_spring
NA,SS1_F_5_end_spring
6,SS1_F_5_end_spring
NA,SS1_F_5_end_spring
NA,SS1_F_5_end_spring
5,SS1_F_5_end_spring
NA,SS1_F_5_end_spring
NA,SS1_F_5_end_spring
NA,SS1_F_5_end_spring
NA,SS1_F_5_end_spring
NA,SS1_F_5_end_spring
NA,SS1_F_5_end_spring
NA,SS1_F_5_end_spring
NA,SS1_F_5_end_spring
NA,SS1_F_5_end_spring
NA,SS1_F_5_end_spring
NA,SS1_F_5_end_spring
NA,SS1_F_5_end_spring
NA,SS1_F_5_end_spring
NA,SS1_F_5_end_spring
NA,SS1_F_5_end_spring
NA,SS1_F_5_end_spring
NA,SS1_F_5_end_spring
NA,SS1_F_5_end_spring
NA,SS1_F_5_end_spring
NA,SS1_F_5_end_spring
NA,SS1_F_5_end_spring
NA,SS1_F_5_end_spring
NA,SS1_F_5_end_spring
NA,SS1_F_5_end_spring
NA,SS1_F_5_end_spring
NA,SS1_F_5_end_spring
NA,SS1_F_5_end_spring
NA,SS1_F_5_end_spring
NA,SS1_F_5_end_spring
NA,SS1_F_5_end_spring
NA,SS1_F_5_end_spring
NA,SS1_F_5_end_spring
NA,SS1_F_5_end_spring
NA,SS1_F_5_end_spring
NA,SS1_F_5_end_spring
NA,SS1_F_5_end_spring
NA,SS1_F_5_end_spring
NA,SS1_F_5_end_spring
NA,SS1_F_5_end_spring
NA,SS1_F_5_end_spring
NA,SS1_F_5_end_spring
NA,SS1_F_5_end_spring
NA,SS1_F_5_end_spring
NA,SS1_F_5_end_spring
NA,SS1_F_5_end_spring
NA,SS1_F_5_end_spring
NA,SS1_F_5_end_spring
NA,SS1_F_5_end_spring
NA,SS1_F_5_end_spring
NA,SS1_F_5_end_spring
NA,SS1_F_5_end_spring
NA,SS1_F_5_end_spring
NA,SS1_F_5_end_spring
NA,SS1_F_5_end_spring
NA,SS1_F_5_end_spring
NA,SS1_F_5_end_spring
NA,SS1_F_5_end_spring
NA,SS1_F_5_end_spring
NA,SS1_F_5_end_spring
NA,SS1_F_5_end_spring
NA,SS1_F_5_end_spring
NA,SS1_F_5_end_spring
NA,SS1_F_5_end_spring
NA,SS1_F_5_end_spring
19423,SS1_F_5_end_spring
4325,SS1_F_5_end_spring
1529,SS1_F_5_end_spring
510,SS1_F_5_end_spring
1006,SS1_F_5_end_spring
114,SS1_F_5_end_spring
351,SS1_F_5_end_spring
361,SS1_F_5_end_spring
77,SS1_F_5_end_spring
102,SS1_F_5_end_spring
244,SS1_F_5_end_spring
155,SS1_F_5_end_spring
134,SS1_F_5_end_spring
311,SS1_F_5_end_spring
NA,SS1_F_5_end_spring
121,SS1_F_5_end_spring
NA,SS1_F_5_end_spring
67,SS1_F_5_end_spring
265,SS1_F_5_end_spring
NA,SS1_F_5_end_spring
31,SS1_F_5_end_spring
NA,SS1_F_5_end_spring
28,SS1_F_5_end_spring
168,SS1_F_5_end_spring
NA,SS1_F_5_end_spring
126,SS1_F_5_end_spring
NA,SS1_F_5_end_spring
37,SS1_F_5_end_spring
NA,SS1_F_5_end_spring
43,SS1_F_5_end_spring
NA,SS1_F_5_end_spring
NA,SS1_F_5_end_spring
NA,SS1_F_5_end_spring
52,SS1_F_5_end_spring
39,SS1_F_5_end_spring
48,SS1_F_5_end_spring
NA,SS1_F_5_end_spring
7,SS1_F_5_end_spring
NA,SS1_F_5_end_spring
NA,SS1_F_5_end_spring
13,SS1_F_5_end_spring
NA,SS1_F_5_end_spring
NA,SS1_F_5_end_spring
NA,SS1_F_5_end_spring
35,SS1_F_5_end_spring
NA,SS1_F_5_end_spring
NA,SS1_F_5_end_spring
49,SS1_F_5_end_spring
NA,SS1_F_5_end_spring
NA,SS1_F_5_end_spring
NA,SS1_F_5_end_spring
NA,SS1_F_5_end_spring
29,SS1_F_5_end_spring
NA,SS1_F_5_end_spring
10,SS1_F_5_end_spring
43,SS1_F_5_end_spring
5,SS1_F_5_end_spring
NA,SS1_F_5_end_spring
NA,SS1_F_5_end_spring
NA,SS1_F_5_end_spring
NA,SS1_F_5_end_spring
5,SS1_F_5_end_spring
NA,SS1_F_5_end_spring
NA,SS1_F_5_end_spring
NA,SS1_F_5_end_spring
NA,SS1_F_5_end_spring
NA,SS1_F_5_end_spring
NA,SS1_F_5_end_spring
NA,SS1_F_5_end_spring
NA,SS1_F_5_end_spring
7,SS1_F_5_end_spring
NA,SS1_F_5_end_spring
NA,SS1_F_5_end_spring
NA,SS1_F_5_end_spring
NA,SS1_F_5_end_spring
NA,SS1_F_5_end_spring
NA,SS1_F_5_end_spring
14,SS1_F_5_end_spring
NA,SS1_F_5_end_spring
NA,SS1_F_5_end_spring
NA,SS1_F_5_end_spring
NA,SS1_F_5_end_spring
NA,SS1_F_5_end_spring
NA,SS1_F_5_end_spring
NA,SS1_F_5_end_spring
NA,SS1_F_5_end_spring
NA,SS1_F_5_end_spring
NA,SS1_F_5_end_spring
NA,SS1_F_5_end_spring
NA,SS1_F_5_end_spring
NA,SS1_F_5_end_spring
NA,SS1_F_5_end_spring
NA,SS1_F_5_end_spring
NA,SS1_F_5_end_spring
NA,SS1_F_5_end_spring
NA,SS1_F_5_end_spring
NA,SS1_F_5_end_spring
7,SS1_F_5_end_spring
NA,SS1_F_5_end_spring
NA,SS1_F_5_end_spring
NA,SS1_F_5_end_spring
NA,SS1_F_5_end_spring
NA,SS1_F_5_end_spring
NA,SS1_F_5_end_spring
NA,SS1_F_5_end_spring
NA,SS1_F_5_end_spring
NA,SS1_F_5_end_spring
NA,SS1_F_5_end_spring
NA,SS1_F_5_end_spring
NA,SS1_F_5_end_spring
NA,SS1_F_5_end_spring
NA,SS1_F_5_end_spring
NA,SS1_F_5_end_spring
NA,SS1_F_5_end_spring
NA,SS1_F_5_end_spring
NA,SS1_F_5_end_spring
NA,SS1_F_5_end_spring
NA,SS1_F_5_end_spring
NA,SS1_F_5_end_spring
NA,SS1_F_5_end_spring
NA,SS1_F_5_end_spring
NA,SS1_F_5_end_spring
NA,SS1_F_5_end_spring
NA,SS1_F_5_end_spring
NA,SS1_F_5_end_spring
NA,SS1_F_5_end_spring
NA,SS1_F_5_end_spring
NA,SS1_F_5_end_spring
NA,SS1_F_5_end_spring
NA,SS1_F_5_end_spring
NA,SS1_F_5_end_spring
NA,SS1_F_5_end_spring
NA,SS1_F_5_end_spring
NA,SS1_F_5_end_spring
NA,SS1_F_5_end_spring
NA,SS1_F_5_end_spring
NA,SS1_F_5_end_spring
NA,SS1_F_5_end_spring
NA,SS1_F_5_end_spring
NA,SS1_F_5_end_spring
NA,SS1_F_5_end_spring
NA,SS1_F_5_end_spring
NA,SS1_F_5_end_spring
NA,SS1_F_5_end_spring
NA,SS1_F_5_end_spring
NA,SS1_F_5_end_spring
NA,SS1_F_5_end_spring
NA,SS1_F_5_end_spring
NA,SS1_F_5_end_spring
NA,SS1_F_5_end_spring
NA,SS1_F_5_end_spring
NA,SS1_F_5_end_spring
NA,SS1_F_5_end_spring
NA,SS1_F_5_end_spring
NA,SS1_F_5_end_spring
NA,SS1_F_5_end_spring
NA,SS1_F_5_end_spring
NA,SS1_F_5_end_spring
NA,SS1_F_5_end_spring
NA,SS1_F_5_end_spring
NA,SS1_F_5_end_spring
NA,SS1_F_5_end_spring
NA,SS1_F_5_end_spring
NA,SS1_F_5_end_spring
NA,SS1_F_5_end_spring
NA,SS1_F_5_end_spring
NA,SS1_F_5_end_spring
NA,SS1_F_5_end_spring
NA,SS1_F_5_end_spring
NA,SS1_F_5_end_spring
NA,SS1_F_5_end_spring
NA,SS1_F_5_end_spring
NA,SS1_F_5_end_spring
NA,SS1_F_5_end_spring
NA,SS1_F_5_end_spring
NA,SS1_F_5_end_spring
NA,SS1_F_5_end_spring
