﻿UID,Filter,Temporal,Spatial
UID525687,Five,Middle,SS1
UID525686,Five,Middle,SS1
UID525563,Five,Middle,SS1
UID525685,Five,Middle,SS1
UID525604,Five,Middle,SS1
UID525562,Five,Middle,SS1
UID525683,Five,Middle,SS2
UID525600,Five,Middle,SS2
UID525599,Five,Middle,SS2
UID525561,Five,Middle,SS2
UID525598,Five,Middle,SS2
UID525684,Five,Middle,SS3
UID525644,Five,Middle,SS3
UID525643,Five,Middle,SS3
UID525601,Five,Middle,SS3
UID525641,Five,Middle,SS3
UID525557,Five,Middle,SS4
UID525560,Five,Middle,SS4
UID525638,Five,Middle,SS4
UID525639,Five,Middle,SS4
UID525602,Five,Middle,SS4
