﻿UID,Filter,Temporal,Spatial
UID525633,Five,End,SS1
UID525677,Five,End,SS1
UID525594,Five,End,SS1
UID525637,Five,End,SS1
UID525675,Five,End,SS1
UID525676,Five,End,SS1
UID525678,Five,End,SS2
UID525634,Five,End,SS2
UID525553,Five,End,SS2
UID525554,Five,End,SS2
UID525592,Five,End,SS2
UID525673,Five,End,SS2
UID525679,Five,End,SS3
UID525559,Five,End,SS3
UID525595,Five,End,SS3
UID525555,Five,End,SS3
UID525596,Five,End,SS3
UID525681,Five,End,SS4
UID525680,Five,End,SS4
UID525636,Five,End,SS4
UID525682,Five,End,SS4
UID525635,Five,End,SS4
