﻿UID,Filter,Temporal,Spatial
UID525722,Five,Start,SS1
UID525590,Five,Start,SS1
UID525587,Five,Start,SS1
UID525672,Five,Start,SS1
UID525725,Five,Start,SS1
UID525731,Five,Start,SS2
UID525730,Five,Start,SS2
UID525732,Five,Start,SS2
UID525727,Five,Start,SS2
UID525728,Five,Start,SS2
UID525631,Five,Start,SS3
UID525715,Five,Start,SS3
UID525726,Five,Start,SS3
UID525586,Five,Start,SS3
UID525628,Five,Start,SS3
UID525720,Five,Start,SS4
UID525630,Five,Start,SS4
UID525729,Five,Start,SS4
UID525629,Five,Start,SS4
UID525723,Five,Start,SS4
